date,spx,dji,ixic,rut
1997-01-02,737.01,6442.4902,1280.7,358.96
1997-01-03,748.03,6544.0898,1310.6801,361.85
1997-01-06,747.65,6567.1802,1316.4,362.31
1997-01-07,753.23,6600.6602,1327.73,364.16
1997-01-08,748.41,6549.48,1320.35,364.17
1997-01-09,754.85,6625.6699,1326.2,365.59
1997-01-10,759.5,6703.79,1332.02,366.09
1997-01-13,759.51,6709.1802,1330.91,365.85
1997-01-14,768.86,6762.29,1346.36,367.52
1997-01-15,767.2,6726.8799,1333.53,367.19
1997-01-16,769.75,6765.3701,1340.46,366.92
1997-01-17,776.17,6833.1001,1349.05,367.88
1997-01-20,776.7,6843.8701,1364.28,369.35
1997-01-21,782.72,6883.8999,1376.97,370.32
1997-01-22,786.23,6850.0298,1388.0601,370.65
1997-01-23,777.56,6755.75,1378.37,370.46
1997-01-24,770.52,6696.48,1363.83,368.14
1997-01-27,765.02,6660.6899,1352.8101,365.52
1997-01-28,765.02,6656.0801,1354.37,366.47
1997-01-29,772.5,6740.7402,1355.17,366.25
1997-01-30,784.17,6823.8599,1371.02,368.29
1997-01-31,786.16,6813.0898,1379.85,369.45
1997-02-03,786.73,6806.1602,1376.05,369.53
1997-02-04,789.26,6833.48,1373.75,368.32
1997-02-05,778.28,6746.8999,1348.4399,365.49
1997-02-06,780.15,6773.0601,1346.4,365.48
1997-02-07,789.56,6855.7998,1357.71,366.75
1997-02-10,785.43,6806.54,1335.34,364.15
1997-02-11,789.59,6858.1099,1331.51,362.75
1997-02-12,802.77,6961.6299,1358.96,365.4
1997-02-13,811.82,7022.4399,1370.8101,368.18
1997-02-14,808.48,6988.96,1367.1899,369.13
1997-02-18,816.29,7067.46,1365.79,370.05
1997-02-19,812.49,7020.1299,1365.58,370.17
1997-02-20,802.8,6927.3799,1347.4,367.56
1997-02-21,801.77,6931.6201,1334.3199,366.37
1997-02-24,810.28,7008.2002,1345.08,366.45
1997-02-25,812.03,7037.8301,1347.6899,366.79
1997-02-26,805.68,6983.1802,1340.55,363.85
1997-02-27,795.07,6925.0698,1312.66,361.15
1997-02-28,790.82,6877.7402,1309.0,360.05
1997-03-03,795.31,6918.9199,1311.1801,360.49
1997-03-04,790.95,6852.7202,1317.37,361.91
1997-03-05,801.99,6945.8501,1329.09,363.93
1997-03-06,798.56,6944.7002,1315.4301,363.8
1997-03-07,804.97,7000.8901,1311.8,365.46
1997-03-10,813.65,7079.3901,1322.72,367.09
1997-03-11,811.34,7085.1602,1316.76,367.87
1997-03-12,804.26,7039.3701,1304.13,364.4
1997-03-13,789.56,6878.8901,1293.28,360.06
1997-03-14,793.17,6935.46,1292.97,361.04
1997-03-17,795.71,6955.48,1279.4301,357.37
1997-03-18,789.66,6896.5601,1269.34,354.93
1997-03-19,785.77,6877.6802,1249.29,351.79
1997-03-20,782.65,6820.2798,1259.26,352.31
1997-03-21,784.1,6804.79,1254.0699,351.73
1997-03-24,790.89,6905.25,1242.64,349.48
1997-03-25,789.07,6876.1699,1248.0601,350.7
1997-03-26,790.5,6880.7002,1269.08,352.31
1997-03-27,773.88,6740.5898,1249.51,348.95
1997-03-31,757.12,6583.48,1221.7,342.56
1997-04-01,759.64,6611.0498,1216.9301,340.88
1997-04-02,750.11,6517.0,1201.0,337.79
1997-04-03,750.32,6477.3999,1213.76,336.38
1997-04-04,757.9,6526.1001,1236.73,340.84
1997-04-07,762.13,6555.8999,1251.35,344.91
1997-04-08,766.12,6609.2002,1257.37,345.97
1997-04-09,760.6,6563.7998,1249.4301,346.73
1997-04-10,758.34,6540.0498,1235.77,345.16
1997-04-11,737.65,6391.7002,1206.9,339.25
1997-04-14,743.73,6451.8999,1216.41,338.61
1997-04-15,754.72,6587.1602,1212.88,340.78
1997-04-16,763.53,6679.8701,1210.27,340.24
1997-04-17,761.77,6658.6001,1217.0699,340.43
1997-04-18,766.34,6703.3501,1222.5699,341.74
1997-04-21,760.37,6660.2002,1203.95,338.27
1997-04-22,774.61,6833.6001,1212.74,338.09
1997-04-23,773.64,6812.7002,1227.14,338.4
1997-04-24,771.18,6792.2998,1228.1,338.52
1997-04-25,765.37,6738.8999,1209.29,335.85
1997-04-28,772.96,6783.0,1217.03,336.1
1997-04-29,794.05,6962.0,1242.63,340.58
1997-04-30,801.34,7009.0,1260.76,343.0
1997-05-01,798.53,6976.5,1270.5,345.66
1997-05-02,812.97,7071.2002,1305.33,353.98
1997-05-05,830.29,7213.6802,1339.24,362.43
1997-05-06,827.76,7225.2998,1328.3,361.73
1997-05-07,815.62,7085.6499,1322.91,360.22
1997-05-08,820.26,7136.6001,1330.83,360.1
1997-05-09,824.78,7169.5,1335.05,361.42
1997-05-12,837.66,7292.7998,1344.1899,363.76
1997-05-13,833.13,7274.2002,1333.59,363.56
1997-05-14,836.04,7286.2002,1335.55,364.48
1997-05-15,841.88,7333.5,1353.58,365.91
1997-05-16,829.75,7194.7002,1340.73,365.28
1997-05-19,833.27,7228.8999,1341.24,366.57
1997-05-20,841.66,7303.5,1363.88,368.2
1997-05-21,839.35,7290.7002,1373.75,370.06
1997-05-22,835.66,7258.1001,1372.6,371.46
1997-05-23,847.03,7345.8999,1389.72,375.67
1997-05-27,849.71,7383.3999,1409.21,376.74
1997-05-28,847.21,7357.2002,1410.1801,377.79
1997-05-29,844.08,7330.2002,1403.04,378.43
1997-05-30,848.28,7331.0,1400.3199,380.76
1997-06-02,846.36,7289.3999,1404.79,383.52
1997-06-03,845.48,7312.1001,1384.91,383.28
1997-06-04,840.11,7269.7002,1379.67,382.67
1997-06-05,843.43,7305.2998,1390.05,384.99
1997-06-06,858.01,7435.7998,1404.84,387.14
1997-06-09,862.91,7478.5,1412.04,387.9
1997-06-10,865.27,7539.27,1401.6899,387.31
1997-06-11,869.57,7575.7998,1407.85,387.62
1997-06-12,883.46,7711.5,1411.3199,389.54
1997-06-13,893.27,7782.0,1423.03,392.07
1997-06-16,893.9,7772.1001,1431.95,392.2
1997-06-17,894.42,7760.7998,1443.11,392.55
1997-06-18,889.06,7718.7002,1432.4301,392.46
1997-06-19,897.99,7777.1001,1447.14,396.49
1997-06-20,898.7,7796.5,1447.1,393.6
1997-06-23,878.62,7604.2998,1434.3199,390.82
1997-06-24,896.34,7758.0601,1452.4301,393.3
1997-06-25,888.99,7690.0,1446.24,391.22
1997-06-26,883.68,7654.2998,1436.38,390.27
1997-06-27,887.3,7687.7002,1438.15,392.53
1997-06-30,885.14,7672.7998,1442.0699,396.37
1997-07-01,891.03,7722.2998,1438.25,394.13
1997-07-02,904.03,7795.3799,1455.61,394.72
1997-07-03,916.92,7895.7998,1467.61,396.17
1997-07-07,912.2,7858.5,1470.74,396.26
1997-07-08,918.75,7962.2998,1485.1,398.28
1997-07-09,907.54,7842.3999,1486.63,397.4
1997-07-10,913.78,7886.7998,1490.9301,399.15
1997-07-11,916.68,7921.7998,1502.62,402.26
1997-07-14,918.38,7923.0,1523.88,403.85
1997-07-15,925.76,7975.7002,1542.11,406.39
1997-07-16,936.59,8038.8999,1580.63,410.22
1997-07-17,931.61,8020.7998,1568.85,408.11
1997-07-18,915.3,7890.5,1547.99,405.89
1997-07-21,912.94,7906.7002,1536.23,403.44
1997-07-22,933.98,8061.6001,1563.86,406.16
1997-07-23,936.56,8088.3599,1567.65,407.64
1997-07-24,940.3,8116.8999,1569.13,408.19
1997-07-25,938.79,8113.3999,1569.58,408.54
1997-07-28,936.45,8121.1001,1563.53,408.68
1997-07-29,942.29,8174.5,1572.3199,409.88
1997-07-30,952.29,8254.9004,1588.05,413.44
1997-07-31,954.31,8222.5996,1593.8101,414.48
1997-08-01,947.14,8194.0,1594.33,414.21
1997-08-04,950.3,8198.5,1605.45,415.63
1997-08-05,952.37,8187.5,1621.53,418.32
1997-08-06,960.32,8259.2998,1630.4399,420.73
1997-08-07,951.19,8188.0,1624.1801,420.12
1997-08-08,933.54,8031.2002,1598.52,414.19
1997-08-11,937.0,8062.1001,1586.74,412.64
1997-08-12,926.53,7960.7998,1576.24,411.42
1997-08-13,922.02,7928.2998,1583.4,411.64
1997-08-14,924.77,7942.0,1586.6899,411.87
1997-08-15,900.81,7694.7002,1562.03,408.58
1997-08-18,912.49,7803.3599,1569.52,408.73
1997-08-19,926.01,7918.1001,1600.71,413.79
1997-08-20,939.35,8021.2002,1628.7,419.07
1997-08-21,925.05,7894.0,1607.36,417.04
1997-08-22,923.54,7887.8999,1598.6899,415.73
1997-08-25,920.16,7859.6001,1601.5699,418.09
1997-08-26,913.02,7782.2002,1591.3,418.31
1997-08-27,913.7,7787.2998,1595.54,420.84
1997-08-28,903.67,7694.3999,1581.3199,421.59
1997-08-29,899.47,7622.3999,1587.3199,423.43
1997-09-02,927.58,7879.7998,1618.09,428.05
1997-09-03,927.86,7894.6001,1618.24,428.79
1997-09-04,930.87,7867.2002,1624.63,429.71
1997-09-05,929.05,7822.3999,1635.77,433.04
1997-09-08,931.2,7835.2002,1645.35,435.99
1997-09-09,933.62,7851.8999,1656.22,437.75
1997-09-10,919.03,7719.2998,1639.25,436.9
1997-09-11,912.59,7661.0,1639.86,435.93
1997-09-12,923.91,7743.0,1649.33,440.09
1997-09-15,919.77,7721.1001,1634.92,440.17
1997-09-16,945.64,7895.8999,1668.6,445.18
1997-09-17,943.0,7886.3999,1666.47,446.15
1997-09-18,947.29,7922.7002,1670.02,446.5
1997-09-19,950.51,7917.2998,1680.36,447.17
1997-09-22,955.43,7996.7998,1689.45,448.98
1997-09-23,951.93,7970.1001,1697.36,449.42
1997-09-24,944.48,7906.7002,1687.41,448.58
1997-09-25,937.91,7848.0,1678.89,447.92
1997-09-26,945.22,7922.2002,1682.24,448.88
1997-09-29,953.34,7991.3999,1694.98,451.31
1997-09-30,947.28,7945.2998,1685.6899,453.82
1997-10-01,955.41,8015.5,1690.3,454.69
1997-10-02,960.46,8027.5,1702.41,456.94
1997-10-03,965.03,8038.6001,1715.87,459.52
1997-10-06,972.69,8100.2002,1721.91,461.7
1997-10-07,983.12,8178.2998,1737.27,463.78
1997-10-08,973.84,8095.1001,1741.77,463.66
1997-10-09,970.62,8061.3999,1745.85,464.55
1997-10-10,966.98,8045.2002,1739.03,465.03
1997-10-13,968.1,8072.2002,1742.12,465.21
1997-10-14,970.28,8096.2998,1732.79,463.97
1997-10-15,965.72,8058.0,1723.37,462.74
1997-10-16,955.25,7938.8999,1699.66,457.16
1997-10-17,944.16,7847.0,1666.85,449.29
1997-10-20,955.61,7921.3999,1685.45,453.85
1997-10-21,972.28,8060.3999,1712.54,458.93
1997-10-22,968.49,8034.6001,1708.08,458.25
1997-10-23,950.69,7847.7998,1671.25,449.36
1997-10-24,941.64,7715.3999,1650.92,447.53
1997-10-27,876.99,7161.2002,1532.75,420.13
1997-10-28,921.85,7498.2998,1603.02,429.89
1997-10-29,919.16,7506.7002,1602.75,434.87
1997-10-30,903.68,7381.7002,1570.41,428.66
1997-10-31,914.62,7442.1001,1593.61,433.26
1997-11-03,938.99,7674.3999,1629.98,440.98
1997-11-04,940.76,7689.1001,1631.15,442.31
1997-11-05,942.76,7692.6001,1637.33,444.76
1997-11-06,938.03,7683.2002,1623.4399,442.83
1997-11-07,927.51,7581.2998,1602.4,435.22
1997-11-10,921.13,7552.6001,1590.72,435.4
1997-11-11,923.78,7558.7002,1584.86,433.43
1997-11-12,905.96,7401.2998,1541.71,423.44
1997-11-13,916.66,7487.7998,1559.25,423.39
1997-11-14,928.35,7572.5,1583.51,428.41
1997-11-17,946.2,7698.2002,1614.11,435.65
1997-11-18,938.23,7650.7998,1600.4399,432.13
1997-11-19,944.59,7724.7002,1601.22,430.69
1997-11-20,958.98,7826.6001,1626.5601,435.7
1997-11-21,963.09,7881.0698,1620.75,435.05
1997-11-24,946.67,7767.8999,1586.99,427.83
1997-11-25,950.82,7809.0,1589.04,426.91
1997-11-26,951.64,7794.7998,1594.5,428.16
1997-11-28,955.4,7823.1001,1600.55,429.92
1997-12-01,974.77,8013.1001,1630.72,434.16
1997-12-02,971.68,8018.7998,1606.37,432.48
1997-12-03,976.77,8032.0,1615.13,433.81
1997-12-04,973.1,8050.2002,1613.42,434.91
1997-12-05,983.79,8149.1001,1633.9,438.06
1997-12-08,982.37,8110.7998,1651.54,442.03
1997-12-09,975.78,8049.7002,1620.55,438.16
1997-12-10,969.79,7978.7998,1596.61,432.81
1997-12-11,954.94,7849.0,1558.54,424.7
1997-12-12,953.39,7838.2998,1536.58,422.63
1997-12-15,963.39,7922.6001,1536.5601,420.76
1997-12-16,968.04,7976.2998,1553.0,425.34
1997-12-17,965.54,7957.3999,1547.37,426.44
1997-12-18,955.3,7846.5,1523.1899,420.35
1997-12-19,946.78,7756.2998,1524.74,420.03
1997-12-22,953.7,7819.2998,1532.0601,422.88
1997-12-23,939.13,7691.7998,1509.91,422.03
1997-12-24,932.7,7660.1299,1499.53,421.04
1997-12-26,936.46,7679.2998,1511.38,421.49
1997-12-29,953.35,7792.3999,1537.45,426.67
1997-12-30,970.84,7916.0,1565.03,434.01
1997-12-31,970.43,7908.2998,1570.35,437.02
1998-01-02,975.04,7965.0,1581.53,436.52
1998-01-05,977.07,7979.0,1594.12,437.06
1998-01-06,966.58,7906.25,1580.14,433.1
1998-01-07,964.0,7902.2998,1561.7,429.79
1998-01-08,956.05,7802.6001,1555.54,425.71
1998-01-09,927.69,7580.3999,1503.22,412.95
1998-01-12,939.21,7647.2002,1507.58,410.88
1998-01-13,952.12,7732.1001,1541.63,418.44
1998-01-14,957.94,7784.7002,1548.76,421.93
1998-01-15,950.73,7691.7998,1547.0601,421.75
1998-01-16,961.51,7753.5,1562.88,426.25
1998-01-20,978.6,7873.1001,1590.14,431.31
1998-01-21,970.81,7794.3999,1587.92,429.89
1998-01-22,963.04,7730.8999,1576.51,426.2
1998-01-23,957.59,7700.7002,1575.9301,424.81
1998-01-26,956.95,7712.9399,1561.46,421.01
1998-01-27,969.02,7815.0801,1578.9,422.53
1998-01-28,977.46,7915.4702,1610.8199,428.6
1998-01-29,985.49,7973.02,1619.49,431.99
1998-01-30,980.28,7906.5,1619.36,430.05
1998-02-02,1001.27,8107.7798,1652.89,434.42
1998-02-03,1006.0,8160.3501,1666.34,437.8
1998-02-04,1006.9,8129.71,1680.4399,441.84
1998-02-05,1003.54,8117.25,1676.9,444.06
1998-02-06,1012.46,8189.4902,1694.35,445.5
1998-02-09,1010.74,8180.52,1690.4301,447.28
1998-02-10,1019.01,8295.6104,1709.04,451.19
1998-02-11,1020.01,8314.5498,1708.55,452.02
1998-02-12,1024.14,8369.5996,1714.34,452.4
1998-02-13,1020.09,8370.0996,1710.42,454.29
1998-02-17,1022.76,8398.5,1703.4301,453.19
1998-02-18,1032.08,8451.0596,1715.73,454.69
1998-02-19,1028.28,8375.5801,1727.01,454.21
1998-02-20,1034.21,8413.9404,1728.13,453.99
1998-02-23,1038.14,8410.2002,1751.76,456.29
1998-02-24,1030.5601,8370.0996,1738.71,454.3
1998-02-25,1042.9,8457.7803,1766.48,458.49
1998-02-26,1048.67,8490.6699,1777.11,461.54
1998-02-27,1049.34,8545.7197,1770.51,461.83
1998-03-02,1047.7,8550.4502,1758.54,461.54
1998-03-03,1052.02,8584.8301,1757.14,462.42
1998-03-04,1047.33,8539.2402,1759.7,462.13
1998-03-05,1035.05,8444.3301,1711.92,456.82
1998-03-06,1055.6899,8569.3896,1753.49,463.72
1998-03-09,1052.3101,8567.1396,1725.16,461.12
1998-03-10,1064.25,8643.1201,1748.51,464.62
1998-03-11,1068.47,8675.75,1756.85,467.12
1998-03-12,1069.92,8659.5596,1764.0601,467.77
1998-03-13,1068.61,8602.5195,1771.66,468.77
1998-03-16,1079.27,8718.8496,1788.1801,471.76
1998-03-17,1080.45,8749.9902,1779.3,471.11
1998-03-18,1085.52,8775.4004,1788.28,472.18
1998-03-19,1089.74,8803.0498,1799.98,474.3
1998-03-20,1099.16,8906.4297,1789.16,474.25
1998-03-23,1095.55,8816.25,1792.51,473.96
1998-03-24,1105.65,8904.4404,1812.4399,476.26
1998-03-25,1101.9301,8872.7998,1824.51,477.14
1998-03-26,1100.8,8846.8896,1828.54,477.81
1998-03-27,1095.4399,8796.0801,1823.62,477.15
1998-03-30,1093.6,8782.1201,1818.7,476.22
1998-03-31,1101.75,8799.8096,1835.6801,480.68
1998-04-01,1108.15,8868.3203,1847.66,484.93
1998-04-02,1120.01,8986.6396,1852.96,486.43
1998-04-03,1122.7,8983.4102,1855.4,485.79
1998-04-06,1121.38,9033.2305,1829.14,481.88
1998-04-07,1109.55,8956.5,1798.71,475.15
1998-04-08,1101.65,8891.4805,1807.01,475.33
1998-04-09,1110.67,8994.8604,1820.24,480.04
1998-04-13,1109.6899,9012.2998,1824.95,479.56
1998-04-14,1115.75,9110.2002,1843.03,484.85
1998-04-15,1119.3199,9162.2695,1863.26,487.12
1998-04-16,1108.17,9076.5703,1858.24,484.41
1998-04-17,1122.72,9167.5,1866.6,487.01
1998-04-20,1123.65,9141.8398,1887.14,488.81
1998-04-21,1126.67,9184.9404,1903.87,491.41
1998-04-22,1130.54,9176.7197,1917.61,491.14
1998-04-23,1119.58,9143.3301,1881.39,484.95
1998-04-24,1107.9,9064.6201,1868.96,480.32
1998-04-27,1086.54,8917.6396,1820.3101,468.5
1998-04-28,1085.11,8898.96,1831.77,472.54
1998-04-29,1094.62,8951.5195,1851.64,476.98
1998-04-30,1111.75,9063.3701,1868.41,482.89
1998-05-01,1121.0,9147.0703,1873.4399,484.94
1998-05-04,1122.0699,9192.6602,1878.86,485.46
1998-05-05,1115.5,9147.5703,1864.91,481.74
1998-05-06,1104.92,9054.6504,1856.6801,479.37
1998-05-07,1095.14,8976.6797,1835.14,475.96
1998-05-08,1108.14,9055.1504,1864.37,479.51
1998-05-11,1106.64,9091.5195,1848.0699,476.9
1998-05-12,1115.79,9161.7695,1860.16,476.13
1998-05-13,1118.86,9211.8398,1866.1801,477.48
1998-05-14,1117.37,9172.2305,1865.36,475.55
1998-05-15,1108.73,9096.0,1846.77,472.44
1998-05-18,1105.8199,9050.9102,1831.62,467.61
1998-05-19,1109.52,9054.6504,1845.87,470.86
1998-05-20,1119.0601,9171.4805,1831.75,468.54
1998-05-21,1114.64,9132.3701,1820.99,467.19
1998-05-22,1110.47,9114.4404,1805.0,462.99
1998-05-26,1094.02,8963.7305,1778.09,455.08
1998-05-27,1092.23,8936.5703,1781.1,450.26
1998-05-28,1097.6,8970.2002,1794.62,455.81
1998-05-29,1090.8199,8899.9502,1778.87,456.62
1998-06-01,1090.98,8922.3701,1746.8199,451.17
1998-06-02,1093.22,8891.2402,1761.79,449.7
1998-06-03,1082.73,8803.7998,1742.3101,449.16
1998-06-04,1094.83,8870.5596,1769.95,451.74
1998-06-05,1113.86,9037.71,1782.92,454.24
1998-06-08,1115.72,9069.5996,1787.77,456.34
1998-06-09,1118.41,9049.9199,1800.76,456.74
1998-06-10,1112.28,8971.7002,1773.25,451.08
1998-06-11,1094.58,8811.7695,1749.75,444.35
1998-06-12,1098.84,8834.9404,1745.05,441.59
1998-06-15,1077.01,8627.9297,1715.75,433.86
1998-06-16,1087.59,8665.29,1753.12,438.37
1998-06-17,1107.11,8829.46,1776.4,444.08
1998-06-18,1106.37,8813.0098,1772.7,439.79
1998-06-19,1100.65,8712.8701,1781.29,438.47
1998-06-22,1103.21,8711.1299,1805.8199,441.65
1998-06-23,1119.49,8828.46,1844.5699,447.42
1998-06-24,1132.88,8923.8701,1877.76,451.31
1998-06-25,1129.28,8935.5801,1863.25,450.16
1998-06-26,1133.2,8944.54,1869.53,450.27
1998-06-29,1138.49,8997.3604,1891.08,453.83
1998-06-30,1133.84,8952.0195,1894.74,457.39
1998-07-01,1148.5601,9048.6699,1914.46,459.85
1998-07-02,1146.42,9025.2598,1894.0,458.31
1998-07-06,1157.33,9091.7695,1909.47,459.97
1998-07-07,1154.66,9085.04,1908.11,459.04
1998-07-08,1166.38,9174.9697,1935.39,459.97
1998-07-09,1158.5601,9089.7803,1939.8199,460.0
1998-07-10,1164.33,9105.7402,1943.04,458.43
1998-07-13,1165.1899,9096.21,1965.53,458.75
1998-07-14,1177.58,9245.54,1968.41,459.43
1998-07-15,1174.8101,9234.4697,1994.54,461.98
1998-07-16,1183.99,9328.1904,2000.5601,463.64
1998-07-17,1186.75,9337.9697,2008.76,462.36
1998-07-20,1184.1,9295.75,2014.25,461.92
1998-07-21,1165.0699,9190.1904,1979.14,456.14
1998-07-22,1164.08,9128.9102,1969.75,450.93
1998-07-23,1139.75,8932.9805,1935.22,442.33
1998-07-24,1140.8,8937.3604,1930.99,438.58
1998-07-27,1147.27,9028.2402,1933.26,433.16
1998-07-28,1130.24,8934.7803,1896.53,427.54
1998-07-29,1125.21,8914.96,1881.49,426.19
1998-07-30,1142.95,9026.9502,1919.58,429.5
1998-07-31,1120.67,8883.29,1872.39,419.75
1998-08-03,1112.4399,8786.7402,1851.1,413.36
1998-08-04,1072.12,8487.3096,1785.64,401.63
1998-08-05,1081.4301,8546.7803,1788.2,398.69
1998-08-06,1089.63,8577.6797,1829.51,406.62
1998-08-07,1089.45,8598.0195,1846.77,415.8
1998-08-10,1083.14,8574.8496,1839.21,411.64
1998-08-11,1068.98,8462.8496,1792.7,400.6
1998-08-12,1084.22,8552.96,1825.53,408.55
1998-08-13,1074.91,8459.5,1802.54,403.83
1998-08-14,1062.75,8425.0,1790.1899,402.79
1998-08-17,1083.67,8574.8496,1818.04,403.96
1998-08-18,1101.2,8714.6504,1855.12,411.29
1998-08-19,1098.0601,8693.2803,1842.6899,405.84
1998-08-20,1091.6,8611.4102,1832.45,401.73
1998-08-21,1081.24,8533.6504,1797.61,395.64
1998-08-24,1088.14,8566.6104,1790.8199,393.7
1998-08-25,1092.85,8602.6504,1798.17,389.76
1998-08-26,1084.1899,8523.3496,1768.13,380.42
1998-08-27,1042.59,8165.9902,1686.41,366.1
1998-08-28,1027.14,8051.6802,1639.6801,358.54
1998-08-31,957.28,7539.0698,1499.25,337.95
1998-09-01,994.26,7827.4302,1575.09,346.19
1998-09-02,990.48,7782.3701,1592.85,352.65
1998-09-03,982.26,7682.2202,1571.86,346.29
1998-09-04,973.89,7640.25,1566.52,347.07
1998-09-08,1023.46,8020.7798,1660.86,361.93
1998-09-09,1006.2,7865.02,1624.55,352.69
1998-09-10,980.19,7615.54,1585.33,344.97
1998-09-11,1009.06,7795.5,1641.64,353.62
1998-09-14,1029.72,7945.3501,1665.6899,357.72
1998-09-15,1037.6801,8024.3901,1678.11,357.73
1998-09-16,1045.48,8089.7798,1689.91,359.85
1998-09-17,1018.87,7873.77,1646.25,355.29
1998-09-18,1020.09,7895.6602,1663.77,363.26
1998-09-21,1023.89,7933.25,1680.4301,362.64
1998-09-22,1029.63,7897.2002,1697.8,368.24
1998-09-23,1066.09,8154.4102,1760.27,376.0
1998-09-24,1042.72,8001.9902,1720.34,370.25
1998-09-25,1044.75,8028.77,1743.59,369.02
1998-09-28,1048.6899,8108.8398,1739.22,368.01
1998-09-29,1049.02,8080.52,1734.05,365.8
1998-09-30,1017.01,7842.6201,1693.84,363.59
1998-10-01,986.39,7632.5298,1612.33,350.04
1998-10-02,1002.6,7784.6899,1614.98,349.71
1998-10-05,988.56,7726.2402,1536.6899,336.8
1998-10-06,984.59,7742.98,1510.89,332.55
1998-10-07,970.68,7741.6899,1462.61,322.23
1998-10-08,959.44,7731.9102,1419.12,310.28
1998-10-09,984.39,7899.52,1492.49,318.4
1998-10-12,997.71,8001.4702,1546.08,325.62
1998-10-13,994.8,7938.1401,1509.45,320.33
1998-10-14,1005.53,7968.7798,1540.97,324.98
1998-10-15,1047.49,8299.3604,1611.01,334.81
1998-10-16,1056.42,8416.7598,1620.95,342.87
1998-10-19,1062.39,8466.4502,1648.73,352.45
1998-10-20,1063.9301,8505.8496,1639.1899,358.31
1998-10-21,1069.92,8519.2305,1674.75,359.94
1998-10-22,1078.48,8533.1396,1702.64,366.4
1998-10-23,1070.67,8452.29,1693.86,367.05
1998-10-26,1072.3199,8432.21,1724.98,372.07
1998-10-27,1065.34,8366.04,1717.63,371.5
1998-10-28,1068.09,8371.9697,1737.35,371.47
1998-10-29,1085.9301,8495.0303,1757.1899,374.48
1998-10-30,1098.67,8592.0996,1771.39,378.16
1998-11-02,1111.6,8706.1504,1800.91,386.82
1998-11-03,1110.84,8706.1504,1788.4301,387.56
1998-11-04,1118.67,8783.1396,1823.5699,392.96
1998-11-05,1133.85,8915.4697,1837.1,396.79
1998-11-06,1141.01,8975.46,1856.5601,400.32
1998-11-09,1130.2,8897.96,1861.05,398.43
1998-11-10,1128.26,8863.9805,1865.62,396.86
1998-11-11,1120.97,8823.8203,1862.11,393.47
1998-11-12,1117.6899,8829.7402,1851.0601,392.2
1998-11-13,1125.72,8919.5898,1847.99,389.36
1998-11-16,1135.87,9011.25,1861.6801,390.42
1998-11-17,1139.3199,8986.2803,1878.52,389.43
1998-11-18,1144.48,9041.1104,1897.4399,392.12
1998-11-19,1152.61,9056.0498,1919.6801,394.37
1998-11-20,1163.55,9159.5498,1928.21,394.29
1998-11-23,1188.21,9374.2695,1977.42,398.15
1998-11-24,1182.99,9301.1504,1965.88,396.6
1998-11-25,1186.87,9314.2803,1985.21,399.32
1998-11-27,1192.33,9333.0801,2016.4399,402.09
1998-11-30,1163.63,9116.5498,1949.54,397.75
1998-12-01,1175.28,9133.54,2003.75,398.74
1998-12-02,1171.25,9064.54,1995.21,397.49
1998-12-03,1150.14,8879.6797,1954.33,395.0
1998-12-04,1176.74,9016.1396,2003.16,398.37
1998-12-07,1187.7,9070.4697,2040.64,401.17
1998-12-08,1181.38,9027.9805,2034.75,401.48
1998-12-09,1183.49,9009.1904,2050.4199,401.96
1998-12-10,1165.02,8841.5801,2015.96,396.5
1998-12-11,1166.46,8821.7598,2029.3101,395.37
1998-12-14,1141.2,8695.5996,1966.92,387.94
1998-12-15,1162.83,8823.2998,2012.6,389.57
1998-12-16,1161.9399,8790.5996,2009.36,389.85
1998-12-17,1179.98,8875.8203,2043.88,393.78
1998-12-18,1188.03,8903.6299,2086.1399,397.42
1998-12-21,1202.84,8988.8496,2138.03,401.83
1998-12-22,1203.5699,9044.46,2120.98,400.24
1998-12-23,1228.54,9202.0303,2172.54,404.79
1998-12-24,1226.27,9217.9902,2163.04,405.56
1998-12-28,1225.49,9226.75,2180.3,408.28
1998-12-29,1241.8101,9320.9805,2181.77,410.41
1998-12-30,1231.9301,9274.6396,2166.95,411.91
1998-12-31,1229.23,9181.4297,2192.6899,421.96
1999-01-04,1228.1,9184.2695,2208.05,421.26
1999-01-05,1244.78,9311.1904,2251.27,422.09
1999-01-06,1272.34,9544.9697,2320.8601,427.79
1999-01-07,1269.73,9537.7598,2326.0901,427.83
1999-01-08,1275.09,9643.3203,2344.4099,431.23
1999-01-11,1263.88,9619.8896,2384.5901,433.13
1999-01-12,1239.51,9474.6797,2320.75,427.36
1999-01-13,1234.4,9349.5596,2316.8101,424.86
1999-01-14,1212.1899,9120.9297,2276.8201,420.1
1999-01-15,1243.26,9340.5498,2348.2,427.05
1999-01-19,1252.0,9355.2197,2408.1699,430.89
1999-01-20,1256.62,9335.9102,2415.49,430.62
1999-01-21,1235.16,9264.0801,2344.72,424.05
1999-01-22,1225.1899,9120.6699,2338.8799,422.44
1999-01-25,1233.98,9203.3203,2369.3101,422.11
1999-01-26,1252.3101,9324.5801,2433.4099,425.33
1999-01-27,1243.17,9200.2305,2407.1399,421.12
1999-01-28,1265.37,9281.3301,2477.3401,423.97
1999-01-29,1279.64,9358.8301,2505.8899,427.22
1999-02-01,1273.0,9345.7002,2510.0901,426.08
1999-02-02,1261.99,9274.1201,2463.4199,421.73
1999-02-03,1272.0699,9366.8096,2493.4099,423.74
1999-02-04,1248.49,9304.5,2410.0701,417.79
1999-02-05,1239.4,9304.2402,2373.6201,412.72
1999-02-08,1243.77,9291.1104,2404.9199,411.33
1999-02-09,1216.14,9133.0303,2310.79,403.13
1999-02-10,1223.55,9177.3096,2309.5,397.96
1999-02-11,1254.04,9363.46,2405.55,406.16
1999-02-12,1230.13,9274.8896,2321.8899,398.44
1999-02-16,1241.87,9297.0303,2313.8701,396.4
1999-02-17,1224.03,9195.4697,2248.9099,389.54
1999-02-18,1237.28,9298.6299,2260.55,391.09
1999-02-19,1239.22,9339.9502,2283.6001,392.3
1999-02-22,1272.14,9552.6797,2342.01,397.82
1999-02-23,1271.1801,9544.4199,2376.3501,399.01
1999-02-24,1253.41,9399.6699,2339.3799,395.26
1999-02-25,1245.02,9366.3398,2326.8201,392.69
1999-02-26,1238.33,9306.5801,2288.03,392.26
1999-03-01,1236.16,9324.7803,2295.1799,394.39
1999-03-02,1225.5,9297.6104,2259.03,394.43
1999-03-03,1227.7,9275.8799,2265.2,391.95
1999-03-04,1246.64,9467.4004,2292.8899,394.02
1999-03-05,1275.47,9736.0801,2337.1101,398.01
1999-03-08,1282.73,9727.6104,2397.6201,400.06
1999-03-09,1279.84,9693.7598,2392.9399,399.2
1999-03-10,1286.84,9772.8398,2406.0,401.12
1999-03-11,1297.6801,9897.4404,2412.25,401.08
1999-03-12,1294.59,9876.3496,2381.53,398.38
1999-03-15,1307.26,9958.7695,2431.4399,400.84
1999-03-16,1306.38,9930.4697,2439.27,399.17
1999-03-17,1297.8199,9879.4102,2428.97,398.43
1999-03-18,1316.55,9997.6201,2462.96,399.55
1999-03-19,1299.29,9903.5498,2421.27,396.58
1999-03-22,1297.01,9890.5098,2395.9399,393.2
1999-03-23,1262.14,9671.8301,2322.8401,383.37
1999-03-24,1268.59,9666.8398,2365.28,384.4
1999-03-25,1289.99,9836.3896,2434.8,392.99
1999-03-26,1282.8,9822.2402,2419.1699,393.92
1999-03-29,1310.17,10006.7803,2492.8401,399.76
1999-03-30,1300.75,9913.2598,2480.29,398.78
1999-03-31,1286.37,9786.1602,2461.3999,397.63
1999-04-01,1293.72,9832.5098,2493.3701,398.74
1999-04-05,1321.12,10007.3301,2560.0601,402.29
1999-04-06,1317.89,9963.4902,2563.1699,401.08
1999-04-07,1326.89,10085.3096,2544.4299,397.77
1999-04-08,1343.98,10197.7002,2573.3899,399.89
1999-04-09,1348.35,10173.8398,2593.05,405.86
1999-04-12,1358.63,10339.5098,2598.8101,412.32
1999-04-13,1349.8199,10395.0098,2583.5,417.24
1999-04-14,1328.4399,10411.6602,2507.28,417.39
1999-04-15,1322.85,10462.7197,2521.77,417.77
1999-04-16,1319.0,10493.8896,2484.04,421.58
1999-04-19,1289.48,10440.5303,2345.6101,412.41
1999-04-20,1306.17,10448.5498,2409.6399,415.34
1999-04-21,1336.12,10581.4199,2489.0801,426.57
1999-04-22,1358.8199,10727.1797,2561.6101,428.85
1999-04-23,1356.85,10689.6699,2590.6899,431.73
1999-04-26,1360.04,10718.5898,2652.05,434.97
1999-04-27,1362.8,10831.71,2602.4099,435.16
1999-04-28,1350.91,10845.4502,2550.3701,433.53
1999-04-29,1342.83,10878.3799,2528.4399,432.85
1999-04-30,1335.1801,10789.04,2542.8601,432.81
1999-05-03,1354.63,11014.6904,2535.5801,433.28
1999-05-04,1332.0,10886.1104,2485.1201,432.59
1999-05-05,1347.3101,10955.4102,2534.45,434.27
1999-05-06,1332.05,10946.8203,2472.28,433.38
1999-05-07,1345.0,11031.5898,2503.6201,436.11
1999-05-10,1340.3,11007.25,2526.3899,441.85
1999-05-11,1355.61,11026.1504,2566.6799,446.81
1999-05-12,1364.0,11000.3701,2606.54,449.26
1999-05-13,1367.5601,11107.1904,2582.0,450.84
1999-05-14,1337.8,10913.3203,2527.8601,443.13
1999-05-17,1339.49,10853.4697,2561.8401,441.35
1999-05-18,1333.3199,10836.9502,2558.3601,442.45
1999-05-19,1344.23,10887.3896,2577.3999,446.14
1999-05-20,1338.83,10866.7402,2542.23,448.02
1999-05-21,1330.29,10829.2803,2520.1399,449.14
1999-05-24,1306.65,10654.6699,2453.6599,440.39
1999-05-25,1284.4,10531.0898,2380.8999,434.45
1999-05-26,1304.76,10702.1602,2427.1799,435.41
1999-05-27,1281.41,10466.9297,2419.1499,432.92
1999-05-28,1301.84,10559.7402,2470.52,438.68
1999-06-01,1294.26,10596.2598,2412.03,437.46
1999-06-02,1294.8101,10577.8896,2432.4099,436.74
1999-06-03,1299.54,10663.6904,2403.3201,435.98
1999-06-04,1327.75,10799.8398,2478.3401,442.33
1999-06-07,1334.52,10909.3799,2524.21,446.65
1999-06-08,1317.33,10765.6396,2474.5601,443.76
1999-06-09,1318.64,10690.29,2519.3501,445.19
1999-06-10,1302.8199,10621.2695,2484.6201,442.27
1999-06-11,1293.64,10490.5098,2447.8799,438.01
1999-06-14,1294.0,10563.3301,2398.3101,431.53
1999-06-15,1301.16,10594.9902,2414.6699,434.01
1999-06-16,1330.41,10784.9502,2517.8301,441.2
1999-06-17,1339.9,10841.6299,2544.1499,443.38
1999-06-18,1342.84,10855.5596,2563.4399,445.05
1999-06-21,1349.0,10815.9805,2630.28,449.44
1999-06-22,1335.88,10721.6299,2580.26,447.33
1999-06-23,1333.0601,10666.8604,2598.1201,447.04
1999-06-24,1315.78,10534.8301,2553.99,443.16
1999-06-25,1315.3101,10552.5596,2552.6499,443.11
1999-06-28,1331.35,10655.1504,2602.4399,448.61
1999-06-29,1351.45,10815.3496,2642.1101,454.08
1999-06-30,1372.71,10970.7998,2686.1201,457.68
1999-07-01,1380.96,11066.4199,2706.1799,454.42
1999-07-02,1391.22,11139.2402,2741.02,456.51
1999-07-06,1388.12,11135.1201,2736.78,456.55
1999-07-07,1395.86,11187.3604,2743.04,452.69
1999-07-08,1394.42,11126.8896,2771.8601,454.75
1999-07-09,1403.28,11193.7002,2793.0701,457.98
1999-07-12,1399.1,11200.9805,2790.4399,459.3
1999-07-13,1393.5601,11175.0195,2778.23,458.11
1999-07-14,1398.17,11148.0996,2818.1299,461.46
1999-07-15,1409.62,11186.4102,2839.3701,465.8
1999-07-16,1418.78,11209.8398,2864.48,465.26
1999-07-19,1407.65,11187.6797,2830.29,461.37
1999-07-20,1377.1,10996.1299,2732.1799,453.55
1999-07-21,1379.29,11002.7803,2761.77,454.63
1999-07-22,1360.97,10969.2197,2684.4399,451.49
1999-07-23,1356.9399,10910.96,2692.3999,448.38
1999-07-26,1347.76,10863.1602,2619.1899,442.87
1999-07-27,1362.84,10979.04,2679.3301,446.48
1999-07-28,1365.4,10972.0703,2705.8401,446.61
1999-07-29,1341.03,10791.29,2640.01,441.58
1999-07-30,1328.72,10655.1504,2638.49,444.77
1999-08-02,1328.05,10645.96,2623.6299,442.63
1999-08-03,1322.1801,10677.3096,2587.99,436.28
1999-08-04,1305.33,10674.7695,2540.0,429.7
1999-08-05,1313.71,10793.8203,2565.8301,429.75
1999-08-06,1300.29,10714.0303,2547.97,428.04
1999-08-09,1297.8,10707.7002,2518.98,425.89
1999-08-10,1281.4301,10655.1504,2490.1101,422.82
1999-08-11,1301.9301,10787.7998,2564.98,428.19
1999-08-12,1298.16,10789.3896,2549.49,428.82
1999-08-13,1327.6801,10973.6504,2637.8101,434.05
1999-08-16,1330.77,11046.79,2645.28,433.82
1999-08-17,1344.16,11117.0801,2671.23,436.0
1999-08-18,1332.84,10991.3799,2657.73,433.1
1999-08-19,1323.59,10963.8398,2621.4299,432.77
1999-08-20,1336.61,11100.6104,2648.3301,434.38
1999-08-23,1360.22,11299.7598,2719.5701,437.25
1999-08-24,1363.5,11283.2998,2752.3701,437.12
1999-08-25,1381.79,11326.04,2805.6001,437.86
1999-08-26,1362.01,11198.4502,2774.6201,436.02
1999-08-27,1348.27,11090.1699,2758.8999,432.45
1999-08-30,1324.02,10914.1299,2712.6899,427.36
1999-08-31,1320.41,10829.2803,2739.3501,427.83
1999-09-01,1331.0699,10937.8799,2750.8,430.99
1999-09-02,1319.11,10843.21,2734.24,427.42
1999-09-03,1357.24,11078.4502,2843.1101,435.97
1999-09-07,1350.45,11034.1299,2837.26,438.24
1999-09-08,1344.15,11036.3398,2808.74,435.9
1999-09-09,1347.66,11079.4004,2852.02,437.77
1999-09-10,1351.66,11028.4297,2887.0601,441.19
1999-09-13,1344.13,11030.3301,2844.77,439.65
1999-09-14,1336.29,10910.3301,2868.29,438.24
1999-09-15,1317.97,10801.4199,2814.1699,436.33
1999-09-16,1318.48,10737.46,2806.72,430.25
1999-09-17,1335.42,10803.6299,2869.6201,434.45
1999-09-20,1335.53,10823.9004,2886.1499,433.2
1999-09-21,1307.58,10598.4697,2821.1001,426.5
1999-09-22,1310.51,10524.0703,2858.1599,427.53
1999-09-23,1280.41,10318.5898,2749.8301,420.21
1999-09-24,1277.36,10279.3301,2740.4099,417.09
1999-09-27,1283.3101,10303.3896,2761.75,421.86
1999-09-28,1282.2,10275.5303,2756.25,418.49
1999-09-29,1268.37,10213.4805,2730.27,421.52
1999-09-30,1282.71,10336.9502,2746.1599,427.3
1999-10-01,1282.8101,10273.0,2736.8501,423.53
1999-10-04,1304.6,10401.2305,2795.97,426.61
1999-10-05,1301.35,10400.5898,2799.6699,426.01
1999-10-06,1325.4,10588.3398,2857.21,429.76
1999-10-07,1317.64,10537.0498,2860.7,428.11
1999-10-08,1336.02,10649.7598,2886.5701,427.71
1999-10-11,1335.21,10648.1797,2915.95,430.19
1999-10-12,1313.04,10417.0596,2872.4299,424.68
1999-10-13,1285.55,10232.1602,2801.27,419.32
1999-10-14,1283.42,10286.6104,2806.8401,419.31
1999-10-15,1247.41,10019.71,2731.8301,414.7
1999-10-18,1254.13,10116.2803,2689.1499,408.9
1999-10-19,1261.3199,10204.9297,2688.1799,410.93
1999-10-20,1289.4301,10392.3604,2788.1299,413.94
1999-10-21,1283.61,10297.6904,2801.95,414.27
1999-10-22,1301.65,10470.25,2816.52,418.69
1999-10-25,1293.63,10349.9297,2815.95,417.76
1999-10-26,1281.91,10302.1299,2811.47,415.79
1999-10-27,1296.71,10394.8896,2802.52,416.77
1999-10-28,1342.4399,10622.5303,2875.22,422.81
1999-10-29,1362.9301,10729.8604,2966.4299,428.64
1999-11-01,1354.12,10648.5098,2967.6499,431.82
1999-11-02,1347.74,10581.8398,2981.6299,432.39
1999-11-03,1354.9301,10609.0596,3028.51,438.46
1999-11-04,1362.64,10639.6396,3055.95,439.9
1999-11-05,1370.23,10704.4805,3102.29,442.41
1999-11-08,1377.01,10718.8496,3143.97,445.07
1999-11-09,1365.28,10617.3203,3125.04,446.28
1999-11-10,1373.46,10597.7402,3155.96,448.72
1999-11-11,1381.46,10595.2998,3197.29,447.49
1999-11-12,1396.0601,10769.3203,3221.1499,449.69
1999-11-15,1394.39,10760.75,3219.54,452.97
1999-11-16,1420.0699,10932.3301,3295.52,456.88
1999-11-17,1410.71,10883.0898,3269.3899,457.07
1999-11-18,1424.9399,11035.7002,3347.1101,462.04
1999-11-19,1422.0,11003.8896,3369.25,461.27
1999-11-22,1420.9399,11089.5195,3392.5601,460.77
1999-11-23,1404.64,10995.6299,3342.8701,454.45
1999-11-24,1417.08,11008.1699,3420.5,455.93
1999-11-26,1416.62,10988.9102,3447.8101,458.94
1999-11-29,1407.83,10947.9199,3421.3701,456.95
1999-11-30,1388.91,10877.8096,3336.1599,454.08
1999-12-01,1397.72,10998.3896,3353.71,453.67
1999-12-02,1409.04,11039.0596,3452.78,460.44
1999-12-03,1433.3,11286.1797,3520.6299,464.58
1999-12-06,1423.33,11225.0098,3546.01,465.75
1999-12-07,1409.17,11106.6504,3586.9199,465.7
1999-12-08,1403.88,11068.1201,3586.0801,468.84
1999-12-09,1408.11,11134.79,3594.1699,464.9
1999-12-10,1417.04,11224.7002,3620.24,466.71
1999-12-13,1415.22,11192.5898,3658.1699,470.38
1999-12-14,1403.17,11160.1699,3571.6599,462.75
1999-12-15,1413.33,11225.3203,3621.95,461.32
1999-12-16,1418.78,11244.8896,3715.0601,465.26
1999-12-17,1421.03,11257.4297,3753.0601,466.21
1999-12-20,1418.09,11144.2695,3783.8701,467.19
1999-12-21,1433.4301,11200.54,3911.1499,475.79
1999-12-22,1436.13,11203.5996,3937.3,477.94
1999-12-23,1458.34,11405.7598,3969.4399,482.43
1999-12-27,1457.1,11391.0801,3975.3799,484.46
1999-12-28,1457.66,11476.71,3972.1101,488.48
1999-12-29,1463.46,11484.6602,4041.46,497.01
1999-12-30,1464.47,11452.8604,4036.8701,496.59
1999-12-31,1469.25,11497.1201,4069.3101,504.75
2000-01-03,1455.22,11357.5098,4131.1499,496.42
2000-01-04,1399.42,10997.9297,3901.6899,478.38
2000-01-05,1402.11,11122.6504,3877.54,478.83
2000-01-06,1403.45,11253.2598,3727.1299,475.34
2000-01-07,1441.47,11522.5596,3882.6201,488.31
2000-01-10,1457.6,11572.2002,4049.6699,501.89
2000-01-11,1438.5601,11511.0801,3921.1899,492.61
2000-01-12,1432.25,11551.0996,3850.02,490.04
2000-01-13,1449.6801,11582.4297,3957.21,501.19
2000-01-14,1465.15,11722.9805,4064.27,507.56
2000-01-18,1455.14,11560.7197,4130.8101,513.46
2000-01-19,1455.9,11489.3604,4151.29,520.02
2000-01-20,1445.5699,11351.2998,4189.5098,527.28
2000-01-21,1441.36,11251.71,4235.3999,533.94
2000-01-24,1401.53,11008.1699,4096.0801,522.95
2000-01-25,1410.03,11029.8896,4167.4102,521.59
2000-01-26,1404.09,11032.9902,4069.9099,521.04
2000-01-27,1398.5601,11028.0195,4039.5601,517.02
2000-01-28,1360.16,10738.8701,3887.0701,504.62
2000-01-31,1394.46,10940.5303,3940.3501,496.23
2000-02-01,1409.28,11041.0498,4051.98,503.75
2000-02-02,1409.12,11003.2002,4073.96,509.89
2000-02-03,1424.97,11013.4404,4210.98,521.63
2000-02-04,1424.37,10963.7998,4244.1401,525.52
2000-02-07,1424.24,10905.79,4321.77,532.39
2000-02-08,1441.72,10957.5996,4427.5,537.49
2000-02-09,1411.71,10699.1602,4363.2402,536.0
2000-02-10,1416.83,10643.6299,4485.6299,542.21
2000-02-11,1387.12,10425.21,4395.4502,537.1
2000-02-14,1389.9399,10519.8398,4418.5498,539.94
2000-02-15,1402.05,10718.0898,4420.77,540.24
2000-02-16,1387.67,10561.4102,4427.6499,547.76
2000-02-17,1388.26,10514.5703,4548.9199,558.42
2000-02-18,1346.09,10219.5195,4411.7402,545.68
2000-02-22,1352.17,10304.8398,4382.1201,540.95
2000-02-23,1360.6899,10225.7305,4550.3301,549.91
2000-02-24,1353.4301,10092.6299,4617.6499,554.04
2000-02-25,1333.36,9862.1201,4590.5,556.74
2000-02-28,1348.05,10038.6504,4577.8501,557.68
2000-02-29,1366.42,10128.3096,4696.6899,577.71
2000-03-01,1379.1899,10137.9297,4784.0801,588.35
2000-03-02,1381.76,10164.9199,4754.5098,584.04
2000-03-03,1409.17,10367.2002,4914.79,597.88
2000-03-06,1391.28,10170.5,4904.8501,601.64
2000-03-07,1355.62,9796.0303,4847.8398,595.47
2000-03-08,1366.7,9856.5303,4897.2598,594.68
2000-03-09,1401.6899,10010.7305,5046.8599,606.05
2000-03-10,1395.0699,9928.8203,5048.6201,603.81
2000-03-13,1383.62,9947.1299,4907.2402,590.14
2000-03-14,1359.15,9811.2402,4706.6299,572.99
2000-03-15,1392.14,10131.4102,4582.6201,558.87
2000-03-16,1458.47,10630.5996,4717.3901,574.24
2000-03-17,1464.47,10595.2305,4798.1299,574.77
2000-03-20,1456.63,10680.2402,4610.0,549.2
2000-03-21,1493.87,10907.3398,4711.6802,552.79
2000-03-22,1500.64,10866.7002,4864.75,571.19
2000-03-23,1527.35,11119.8604,4940.6099,573.79
2000-03-24,1527.46,11112.7197,4963.0298,574.01
2000-03-27,1523.86,11025.8496,4958.5601,573.65
2000-03-28,1507.73,10936.1104,4833.8901,559.04
2000-03-29,1508.52,11018.7197,4644.6699,543.0
2000-03-30,1487.92,10980.25,4457.8901,531.57
2000-03-31,1498.58,10921.9199,4572.8301,539.09
2000-04-03,1505.97,11221.9297,4223.6802,516.04
2000-04-04,1494.73,11164.8398,4148.8901,506.12
2000-04-05,1487.37,11033.9199,4169.2202,518.04
2000-04-06,1501.34,11114.2695,4267.5601,532.5
2000-04-07,1516.35,11111.4805,4446.4502,542.99
2000-04-10,1504.46,11186.5596,4188.2002,518.66
2000-04-11,1500.59,11287.0801,4055.8999,510.13
2000-04-12,1467.17,11125.1299,3769.6299,493.44
2000-04-13,1440.51,10923.5498,3676.78,489.22
2000-04-14,1356.5601,10305.7695,3321.29,453.72
2000-04-17,1401.4399,10582.5098,3539.1599,459.26
2000-04-18,1441.61,10767.4199,3793.5701,486.09
2000-04-19,1427.47,10674.96,3706.4099,486.23
2000-04-20,1434.54,10844.0498,3643.8799,481.84
2000-04-24,1429.86,10906.0996,3482.48,468.54
2000-04-25,1477.4399,11124.8203,3711.23,489.03
2000-04-26,1460.99,10945.5,3630.0901,484.24
2000-04-27,1464.92,10888.0996,3774.03,494.58
2000-04-28,1452.4301,10733.9102,3860.6599,506.25
2000-05-01,1468.25,10811.7803,3958.0801,518.93
2000-05-02,1446.29,10731.1201,3785.45,505.35
2000-05-03,1415.1,10480.1299,3707.3101,495.56
2000-05-04,1409.5699,10412.4902,3720.24,501.91
2000-05-05,1432.63,10577.8604,3816.8201,512.84
2000-05-08,1424.17,10603.6299,3669.3799,500.08
2000-05-09,1412.14,10536.75,3585.01,490.86
2000-05-10,1383.05,10367.7803,3384.73,474.28
2000-05-11,1407.8101,10545.9697,3499.5801,489.39
2000-05-12,1420.96,10609.3701,3529.0601,490.94
2000-05-15,1452.36,10807.7803,3607.6499,497.81
2000-05-16,1466.04,10934.5703,3717.5701,505.98
2000-05-17,1447.8,10769.7402,3644.96,499.66
2000-05-18,1437.21,10777.2803,3538.71,490.95
2000-05-19,1406.95,10626.8496,3390.3999,479.7
2000-05-22,1400.72,10542.5498,3364.21,471.67
2000-05-23,1373.86,10422.2695,3164.55,459.01
2000-05-24,1399.05,10535.3496,3270.6101,461.74
2000-05-25,1381.52,10323.9199,3205.3501,456.17
2000-05-26,1378.02,10299.2402,3205.1101,457.37
2000-05-30,1422.45,10527.1299,3459.48,476.7
2000-05-31,1420.6,10522.3301,3400.9099,476.18
2000-06-01,1448.8101,10652.2002,3582.5,492.47
2000-06-02,1477.26,10794.7598,3813.3799,513.03
2000-06-05,1467.63,10815.2998,3821.76,513.3
2000-06-06,1457.84,10735.5703,3756.3701,511.65
2000-06-07,1471.36,10812.8604,3839.26,516.54
2000-06-08,1461.67,10668.7197,3825.5601,514.54
2000-06-09,1456.95,10614.0596,3874.8401,523.06
2000-06-12,1446.0,10564.21,3767.9099,508.51
2000-06-13,1469.4399,10621.8398,3851.0601,513.75
2000-06-14,1470.54,10687.9502,3797.4099,509.67
2000-06-15,1478.73,10714.8203,3845.74,512.25
2000-06-16,1464.46,10449.2998,3860.5601,513.74
2000-06-19,1486.0,10557.8398,3989.8301,522.79
2000-06-20,1475.95,10435.1602,4013.3601,525.69
2000-06-21,1479.13,10497.7402,4064.01,527.61
2000-06-22,1452.1801,10376.1201,3936.8401,515.01
2000-06-23,1441.48,10404.75,3845.3401,510.41
2000-06-26,1455.3101,10542.9902,3912.1201,516.36
2000-06-27,1450.55,10504.46,3858.96,508.08
2000-06-28,1454.8199,10527.79,3940.3401,520.99
2000-06-29,1442.39,10398.04,3877.23,512.58
2000-06-30,1454.6,10447.8896,3966.1101,517.23
2000-07-03,1469.54,10560.6699,3991.9299,524.04
2000-07-05,1446.23,10483.5996,3863.1001,518.25
2000-07-06,1456.67,10481.4697,3960.5701,523.32
2000-07-07,1478.9,10635.9805,4023.2,528.22
2000-07-10,1475.62,10646.5801,3980.29,530.83
2000-07-11,1480.88,10727.1904,3956.4199,529.74
2000-07-12,1492.92,10783.7598,4099.5898,540.25
2000-07-13,1495.84,10788.71,4174.8599,542.76
2000-07-14,1509.98,10812.75,4246.1802,542.63
2000-07-17,1510.49,10804.2695,4274.6699,545.18
2000-07-18,1493.74,10739.9199,4177.1699,536.28
2000-07-19,1481.96,10696.0801,4055.6299,527.86
2000-07-20,1495.5699,10843.8701,4184.5601,534.75
2000-07-21,1480.1899,10733.5596,4094.45,522.7
2000-07-24,1464.29,10685.1201,3981.5701,514.25
2000-07-25,1474.47,10699.9697,4029.5701,514.33
2000-07-26,1452.42,10516.4805,3987.72,513.81
2000-07-27,1449.62,10586.1299,3842.23,501.61
2000-07-28,1419.89,10511.1699,3663.0,490.22
2000-07-31,1430.83,10521.9805,3766.99,500.64
2000-08-01,1438.1,10606.9502,3685.52,497.77
2000-08-02,1438.7,10687.5303,3658.46,500.22
2000-08-03,1452.5601,10706.5801,3759.8799,499.45
2000-08-04,1462.9301,10767.75,3787.3601,503.63
2000-08-07,1479.3199,10867.0098,3862.99,509.87
2000-08-08,1482.8,10976.8896,3848.55,508.72
2000-08-09,1472.87,10905.8301,3853.5,507.5
2000-08-10,1460.25,10908.7598,3759.99,501.65
2000-08-11,1471.84,11027.7998,3789.47,510.27
2000-08-14,1491.5601,11176.1396,3849.6899,514.48
2000-08-15,1484.4301,11067.0,3851.6599,509.93
2000-08-16,1479.85,11008.3896,3861.2,512.74
2000-08-17,1496.0699,11055.6396,3940.8701,516.46
2000-08-18,1491.72,11046.4805,3930.3401,515.51
2000-08-21,1499.48,11079.8096,3953.1499,516.45
2000-08-22,1498.13,11139.1504,3958.21,517.46
2000-08-23,1505.97,11144.6504,4011.01,517.88
2000-08-24,1508.3101,11182.7402,4053.28,523.3
2000-08-25,1506.45,11192.6299,4042.6799,525.11
2000-08-28,1514.09,11252.8398,4070.5901,526.48
2000-08-29,1509.84,11215.0996,4082.1699,529.63
2000-08-30,1502.59,11103.0098,4103.8101,532.33
2000-08-31,1517.6801,11215.0996,4206.3501,537.89
2000-09-01,1520.77,11238.7803,4234.3301,541.91
2000-09-05,1507.08,11260.6104,4143.1802,539.02
2000-09-06,1492.25,11310.6396,4013.3401,536.32
2000-09-07,1502.51,11259.8701,4098.3501,542.82
2000-09-08,1494.5,11220.6504,3978.4099,535.7
2000-09-11,1489.26,11195.4902,3896.3501,533.62
2000-09-12,1481.99,11233.2305,3849.51,532.43
2000-09-13,1484.91,11182.1797,3893.8899,534.0
2000-09-14,1480.87,11087.4697,3913.8601,539.21
2000-09-15,1465.8101,10927.0,3835.23,530.88
2000-09-18,1444.51,10808.5195,3726.52,516.68
2000-09-19,1459.9,10789.29,3865.6399,523.31
2000-09-20,1451.34,10687.9199,3897.4399,521.43
2000-09-21,1449.05,10765.5195,3828.8701,514.36
2000-09-22,1448.72,10847.3701,3803.76,518.82
2000-09-25,1439.03,10808.1504,3741.22,515.38
2000-09-26,1427.21,10631.3203,3689.1001,509.9
2000-09-27,1426.5699,10628.3604,3656.3,508.13
2000-09-28,1458.29,10824.0596,3778.3201,523.74
2000-09-29,1436.51,10650.9199,3672.8201,521.37
2000-10-02,1436.23,10700.1299,3568.8999,511.67
2000-10-03,1426.46,10719.7402,3455.8301,504.67
2000-10-04,1434.3199,10784.4805,3523.1001,507.49
2000-10-05,1436.28,10724.9199,3472.1001,502.67
2000-10-06,1408.99,10596.54,3361.01,491.02
2000-10-09,1402.03,10568.4297,3355.5601,489.53
2000-10-10,1387.02,10524.4004,3240.54,481.63
2000-10-11,1364.59,10413.79,3168.49,474.74
2000-10-12,1329.78,10034.5801,3074.6799,462.97
2000-10-13,1374.17,10192.1797,3316.77,480.39
2000-10-16,1374.62,10238.7998,3290.28,481.75
2000-10-17,1349.97,10089.71,3213.96,470.88
2000-10-18,1342.13,9975.0195,3171.5601,466.21
2000-10-19,1388.76,10142.9805,3418.6001,481.3
2000-10-20,1396.9301,10226.5898,3483.1399,487.45
2000-10-23,1395.78,10271.7197,3468.6899,489.96
2000-10-24,1398.13,10393.0703,3419.79,487.87
2000-10-25,1364.9,10326.4805,3229.5701,475.21
2000-10-26,1364.4399,10380.1201,3272.1799,479.76
2000-10-27,1379.58,10590.6201,3278.3601,479.85
2000-10-30,1398.66,10835.7695,3191.3999,482.72
2000-10-31,1429.4,10971.1396,3369.6299,497.68
2000-11-01,1421.22,10899.4697,3333.3899,495.18
2000-11-02,1428.3199,10880.5098,3429.02,506.97
2000-11-03,1426.6899,10817.9502,3451.5801,507.75
2000-11-06,1432.1899,10977.21,3416.21,503.96
2000-11-07,1431.87,10952.1797,3415.79,506.01
2000-11-08,1409.28,10907.0596,3231.7,500.68
2000-11-09,1400.14,10834.25,3200.3501,495.33
2000-11-10,1365.98,10602.9502,3028.99,480.9
2000-11-13,1351.26,10517.25,2966.72,476.55
2000-11-14,1382.95,10681.0596,3138.27,486.91
2000-11-15,1389.8101,10707.5996,3165.49,491.79
2000-11-16,1372.3199,10656.0303,3031.8799,481.64
2000-11-17,1367.72,10629.8701,3027.1899,482.61
2000-11-20,1342.62,10462.6504,2875.6399,470.24
2000-11-21,1347.35,10494.5,2871.45,466.79
2000-11-22,1322.36,10399.3203,2755.3401,457.9
2000-11-24,1341.77,10470.2305,2904.3799,471.87
2000-11-27,1348.97,10546.0703,2880.49,471.7
2000-11-28,1336.09,10507.5801,2734.98,459.02
2000-11-29,1341.9301,10629.1104,2706.9299,454.6
2000-11-30,1314.95,10414.4902,2597.9299,445.94
2000-12-01,1315.23,10373.54,2645.29,456.84
2000-12-04,1324.97,10560.9502,2615.75,450.39
2000-12-05,1376.54,10898.7197,2889.8,471.17
2000-12-06,1351.46,10664.3799,2796.5,463.54
2000-12-07,1343.55,10617.3604,2752.6599,461.1
2000-12-08,1369.89,10712.9102,2917.4299,479.07
2000-12-11,1380.2,10725.7998,3015.1001,487.23
2000-12-12,1371.1801,10768.2695,2931.77,477.76
2000-12-13,1359.99,10794.4404,2822.77,469.91
2000-12-14,1340.9301,10674.9902,2728.51,461.82
2000-12-15,1312.15,10434.96,2653.27,458.03
2000-12-18,1322.74,10645.4199,2624.52,463.25
2000-12-19,1305.6,10584.3701,2511.71,458.78
2000-12-20,1264.74,10318.9297,2332.78,443.8
2000-12-21,1274.86,10487.29,2340.1201,447.03
2000-12-22,1305.95,10635.5596,2517.02,462.99
2000-12-26,1315.1899,10692.4404,2493.52,466.63
2000-12-27,1328.92,10803.1602,2539.3501,479.3
2000-12-28,1334.22,10868.7598,2557.76,494.03
2000-12-29,1320.28,10787.9902,2470.52,483.53
2001-01-02,1283.27,10646.1504,2291.8601,462.49
2001-01-03,1347.5601,10945.75,2616.6899,484.39
2001-01-04,1333.34,10912.4102,2566.8301,477.2
2001-01-05,1298.35,10662.0098,2407.6499,463.14
2001-01-08,1295.86,10621.3496,2395.9199,461.64
2001-01-09,1300.8,10572.5498,2441.3,463.95
2001-01-10,1313.27,10604.2695,2524.1799,475.45
2001-01-11,1326.8199,10609.5498,2640.5701,483.86
2001-01-12,1318.55,10525.3799,2626.5,485.75
2001-01-16,1326.65,10652.6602,2618.55,493.28
2001-01-17,1329.47,10584.3398,2682.78,493.46
2001-01-18,1347.97,10678.2803,2768.49,494.63
2001-01-19,1342.54,10587.5898,2770.3799,488.09
2001-01-22,1342.9,10578.2402,2757.9099,490.15
2001-01-23,1360.4,10649.8096,2840.3899,502.06
2001-01-24,1364.3,10646.9697,2859.1499,502.25
2001-01-25,1357.51,10729.5195,2754.28,499.0
2001-01-26,1354.95,10659.9805,2781.3,498.68
2001-01-29,1364.17,10702.1904,2838.3401,507.91
2001-01-30,1373.73,10881.2002,2838.3501,511.66
2001-01-31,1366.01,10887.3604,2772.73,508.34
2001-02-01,1373.47,10983.6299,2782.79,508.94
2001-02-02,1349.47,10864.0996,2660.5,501.5
2001-02-05,1354.3101,10965.8496,2643.21,500.74
2001-02-06,1352.26,10957.4199,2664.49,505.76
2001-02-07,1340.89,10946.7197,2607.8201,507.08
2001-02-08,1332.53,10880.5498,2562.0601,502.89
2001-02-09,1314.76,10781.4502,2470.97,497.05
2001-02-12,1330.3101,10946.7695,2489.6599,505.35
2001-02-13,1318.8,10903.3203,2427.72,502.57
2001-02-14,1315.92,10795.4102,2491.3999,503.49
2001-02-15,1326.61,10891.0195,2552.9099,508.85
2001-02-16,1301.53,10799.8203,2425.3799,499.28
2001-02-20,1278.9399,10730.8799,2318.3501,491.14
2001-02-21,1255.27,10526.5801,2268.9399,483.51
2001-02-22,1252.8199,10526.8096,2244.96,477.26
2001-02-23,1245.86,10441.9004,2262.51,477.45
2001-02-26,1267.65,10642.5303,2308.5,488.31
2001-02-27,1257.9399,10636.8799,2207.8201,478.75
2001-02-28,1239.9399,10495.2803,2151.8301,474.37
2001-03-01,1241.23,10450.1396,2183.3701,473.3
2001-03-02,1234.1801,10466.3096,2117.6299,476.88
2001-03-05,1241.41,10562.2998,2142.9199,475.79
2001-03-06,1253.8,10591.2197,2204.4299,481.13
2001-03-07,1261.89,10729.5996,2223.9199,484.84
2001-03-08,1264.74,10858.25,2168.73,481.49
2001-03-09,1233.42,10644.6201,2052.78,473.65
2001-03-12,1180.16,10208.25,1923.38,458.4
2001-03-13,1197.66,10290.7998,2014.78,462.26
2001-03-14,1166.71,9973.46,1972.09,453.69
2001-03-15,1173.5601,10031.2803,1940.71,452.16
2001-03-16,1150.53,9823.4102,1890.91,441.8
2001-03-19,1170.8101,9959.1104,1951.1801,451.27
2001-03-20,1142.62,9720.7598,1857.4399,444.48
2001-03-21,1122.14,9487.0,1830.23,435.74
2001-03-22,1117.58,9389.4805,1897.7,432.8
2001-03-23,1139.83,9504.7803,1928.6801,443.27
2001-03-26,1152.6899,9687.5303,1918.49,447.38
2001-03-27,1182.17,9947.54,1972.23,452.88
2001-03-28,1153.29,9785.3496,1854.13,442.2
2001-03-29,1147.95,9799.0596,1820.5699,441.53
2001-03-30,1160.33,9878.7803,1840.26,450.53
2001-04-02,1145.87,9777.9297,1782.97,439.76
2001-04-03,1106.46,9485.71,1673.0,426.96
2001-04-04,1103.25,9515.4199,1638.8,425.74
2001-04-05,1151.4399,9918.0498,1785.0,444.73
2001-04-06,1128.4301,9791.0898,1720.36,434.66
2001-04-09,1137.59,9845.1504,1745.71,441.67
2001-04-10,1168.38,10102.7402,1852.03,451.84
2001-04-11,1165.89,10013.4697,1898.95,449.25
2001-04-12,1183.5,10126.9404,1961.4301,455.02
2001-04-16,1179.6801,10158.5596,1909.5699,450.9
2001-04-17,1191.8101,10216.7305,1923.22,455.58
2001-04-18,1238.16,10615.8301,2079.4399,466.51
2001-04-19,1253.6899,10693.71,2182.1399,472.4
2001-04-20,1242.98,10579.8496,2163.4099,466.71
2001-04-23,1224.36,10532.2305,2059.3201,461.07
2001-04-24,1209.47,10454.3398,2016.61,462.35
2001-04-25,1228.75,10625.2002,2059.8,472.74
2001-04-26,1234.52,10692.3496,2034.88,477.56
2001-04-27,1253.05,10810.0498,2075.6799,483.97
2001-04-30,1249.46,10734.9697,2116.24,485.32
2001-05-01,1266.4399,10898.3398,2168.24,490.47
2001-05-02,1267.4301,10876.6797,2220.6001,491.64
2001-05-03,1248.58,10796.6504,2146.2,485.65
2001-05-04,1266.61,10951.2402,2191.53,492.89
2001-05-07,1263.51,10935.1699,2173.5701,489.64
2001-05-08,1261.2,10883.5098,2198.77,491.77
2001-05-09,1255.54,10866.9805,2156.6299,490.18
2001-05-10,1255.1801,10910.4404,2128.8601,490.58
2001-05-11,1245.67,10821.3096,2107.4299,487.36
2001-05-14,1248.92,10877.3301,2081.9199,486.64
2001-05-15,1249.4399,10872.9697,2085.5801,489.63
2001-05-16,1284.99,11215.9199,2166.4399,497.21
2001-05-17,1288.49,11248.5801,2193.6799,504.76
2001-05-18,1291.96,11301.7402,2198.8799,506.28
2001-05-21,1312.83,11337.9199,2305.5901,515.91
2001-05-22,1309.38,11257.2402,2313.8501,517.23
2001-05-23,1289.05,11105.5098,2243.48,507.36
2001-05-24,1293.17,11122.4199,2282.02,510.4
2001-05-25,1277.89,11005.3701,2251.03,508.62
2001-05-29,1267.9301,11039.1396,2175.54,502.37
2001-05-30,1248.08,10872.6396,2084.5,493.96
2001-05-31,1255.8199,10911.9404,2110.49,496.5
2001-06-01,1260.67,10990.4102,2149.4399,501.72
2001-06-04,1267.11,11061.5195,2155.9299,507.32
2001-06-05,1283.5699,11175.8398,2233.6599,516.48
2001-06-06,1270.03,11070.2402,2217.73,512.58
2001-06-07,1276.96,11090.7402,2264.0,514.77
2001-06-08,1264.96,10977.0,2215.1001,511.64
2001-06-11,1254.39,10922.0898,2170.78,506.93
2001-06-12,1255.85,10948.3799,2169.95,506.93
2001-06-13,1241.6,10871.6201,2121.6599,505.12
2001-06-14,1219.87,10690.1299,2044.0699,495.38
2001-06-15,1214.36,10623.6396,2028.4301,495.13
2001-06-18,1208.4301,10645.3799,1988.63,490.53
2001-06-19,1212.58,10596.6699,1992.66,488.73
2001-06-20,1223.14,10647.3301,2031.24,495.86
2001-06-21,1237.04,10715.4297,2058.76,497.82
2001-06-22,1225.35,10604.5898,2034.84,488.65
2001-06-25,1218.6,10504.2197,2050.8701,484.19
2001-06-26,1216.76,10472.4805,2064.6201,490.82
2001-06-27,1211.0699,10434.8398,2074.74,495.58
2001-06-28,1226.2,10566.21,2125.46,502.99
2001-06-29,1224.38,10502.4004,2160.54,512.64
2001-07-02,1236.72,10593.7197,2148.72,498.39
2001-07-03,1234.45,10571.1104,2140.8,496.83
2001-07-05,1219.24,10479.8604,2080.1101,492.73
2001-07-06,1190.59,10252.6797,2004.16,483.26
2001-07-09,1198.78,10299.4004,2026.71,485.98
2001-07-10,1181.52,10175.6396,1962.79,478.14
2001-07-11,1180.1801,10241.0195,1972.04,475.83
2001-07-12,1208.14,10478.9902,2075.74,489.04
2001-07-13,1215.6801,10539.0596,2084.79,490.71
2001-07-16,1202.45,10472.1201,2029.12,483.8
2001-07-17,1214.4399,10606.3896,2067.3201,490.57
2001-07-18,1207.71,10569.8301,2016.17,483.62
2001-07-19,1215.02,10610.0,2046.59,487.54
2001-07-20,1210.85,10576.6504,2029.37,487.93
2001-07-23,1191.03,10424.4199,1988.5601,482.7
2001-07-24,1171.65,10241.1201,1959.24,474.26
2001-07-25,1190.49,10405.6699,1984.3199,476.99
2001-07-26,1202.9301,10455.6299,2022.96,485.07
2001-07-27,1205.8199,10416.6699,2029.0699,485.01
2001-07-30,1204.52,10401.7197,2017.84,484.71
2001-07-31,1211.23,10522.8096,2027.13,484.78
2001-08-01,1215.9301,10510.0098,2068.3799,489.24
2001-08-02,1220.75,10551.1797,2087.3799,488.99
2001-08-03,1214.35,10512.7803,2066.3301,487.15
2001-08-06,1200.48,10401.3096,2034.26,480.96
2001-08-07,1204.4,10458.7402,2027.79,480.33
2001-08-08,1183.53,10293.5,1966.36,472.62
2001-08-09,1183.4301,10298.5596,1963.3199,474.17
2001-08-10,1190.16,10416.25,1956.47,475.52
2001-08-13,1191.29,10415.9102,1982.25,477.6
2001-08-14,1186.73,10412.1699,1964.53,480.19
2001-08-15,1178.02,10345.9502,1918.89,478.95
2001-08-16,1181.66,10392.5195,1930.3199,481.68
2001-08-17,1161.97,10240.7803,1867.01,475.65
2001-08-20,1171.41,10320.0703,1881.35,478.87
2001-08-21,1157.26,10174.1396,1831.3,472.24
2001-08-22,1165.3101,10276.9004,1860.01,477.18
2001-08-23,1162.09,10229.1504,1842.97,473.42
2001-08-24,1184.9301,10423.1699,1916.8,480.81
2001-08-27,1179.21,10382.3496,1912.41,478.93
2001-08-28,1161.51,10222.0303,1864.98,474.2
2001-08-29,1148.5601,10090.9004,1843.17,473.34
2001-08-30,1129.03,9919.5801,1791.6801,468.06
2001-08-31,1133.58,9949.75,1805.4301,468.56
2001-09-04,1132.9399,9997.4902,1770.78,466.96
2001-09-05,1131.74,10033.2695,1759.01,462.51
2001-09-06,1106.4,9840.8398,1705.64,453.39
2001-09-07,1085.78,9605.8496,1687.7,445.19
2001-09-10,1092.54,9605.5098,1695.38,440.73
2001-09-17,1038.77,8920.7002,1579.55,417.67
2001-09-18,1032.74,8903.4004,1555.08,411.66
2001-09-19,1016.1,8759.1299,1527.8,403.2
2001-09-20,984.54,8376.21,1470.9301,387.65
2001-09-21,965.8,8235.8096,1423.1899,378.89
2001-09-24,1003.45,8603.8604,1499.4,393.79
2001-09-25,1012.27,8659.9697,1501.64,396.18
2001-09-26,1007.04,8567.3896,1464.04,389.79
2001-09-27,1018.61,8681.4199,1460.71,392.96
2001-09-28,1040.9399,8847.5596,1498.8,404.87
2001-10-01,1038.55,8836.8301,1480.46,397.6
2001-10-02,1051.33,8950.5898,1492.33,401.79
2001-10-03,1072.28,9123.7803,1580.8101,413.22
2001-10-04,1069.63,9060.8799,1597.3101,417.04
2001-10-05,1071.38,9119.7695,1605.3,414.97
2001-10-08,1062.4399,9067.9404,1605.95,412.18
2001-10-09,1056.75,9052.4404,1570.1899,408.68
2001-10-10,1080.99,9240.8604,1626.26,421.66
2001-10-11,1097.4301,9410.4502,1701.47,431.04
2001-10-12,1091.65,9344.1602,1703.4,428.59
2001-10-15,1089.98,9347.6201,1696.3101,430.09
2001-10-16,1097.54,9384.2305,1722.0699,434.53
2001-10-17,1077.09,9232.9697,1646.34,424.49
2001-10-18,1068.61,9163.2197,1652.72,421.06
2001-10-19,1073.48,9204.1104,1671.3101,425.7
2001-10-22,1089.9,9377.0303,1708.08,430.5
2001-10-23,1084.78,9340.0801,1704.4399,427.37
2001-10-24,1085.2,9345.6201,1731.54,427.65
2001-10-25,1100.09,9462.9004,1775.47,435.96
2001-10-26,1104.61,9545.1699,1768.96,438.65
2001-10-29,1078.3,9269.5,1699.52,429.41
2001-10-30,1059.79,9121.9805,1667.41,422.83
2001-10-31,1059.78,9075.1396,1690.2,428.17
2001-11-01,1084.1,9263.9004,1746.3,434.88
2001-11-02,1087.2,9323.54,1745.73,433.07
2001-11-05,1102.84,9441.0303,1793.65,437.54
2001-11-06,1118.86,9591.1201,1835.08,442.78
2001-11-07,1115.8,9554.3701,1837.53,440.8
2001-11-08,1118.54,9587.5195,1827.77,439.06
2001-11-09,1120.3101,9608.0,1828.48,438.1
2001-11-12,1118.33,9554.3701,1840.13,440.48
2001-11-13,1139.09,9750.9502,1892.11,448.34
2001-11-14,1141.21,9823.6104,1903.1899,452.82
2001-11-15,1142.24,9872.3896,1900.5699,449.39
2001-11-16,1138.65,9866.9902,1898.58,451.31
2001-11-19,1151.0601,9976.46,1934.42,457.71
2001-11-20,1142.66,9901.3799,1880.51,453.9
2001-11-21,1137.03,9834.6797,1875.05,452.31
2001-11-23,1150.34,9959.71,1903.2,458.42
2001-11-26,1157.42,9982.75,1941.23,461.22
2001-11-27,1149.5,9872.5996,1935.97,460.71
2001-11-28,1128.52,9711.8604,1887.97,453.7
2001-11-29,1140.2,9829.4199,1933.26,463.33
2001-11-30,1139.45,9851.5596,1930.58,460.78
2001-12-03,1129.9,9763.96,1904.9,457.03
2001-12-04,1144.8,9893.8398,1963.1,467.84
2001-12-05,1170.35,10114.29,2046.84,479.42
2001-12-06,1167.1,10099.1396,2054.27,482.23
2001-12-07,1158.3101,10049.46,2021.26,481.21
2001-12-10,1139.9301,9921.4502,1992.12,474.18
2001-12-11,1136.76,9888.3701,2001.9301,474.77
2001-12-12,1137.0699,9894.8096,2011.38,475.31
2001-12-13,1119.38,9766.4502,1946.51,468.67
2001-12-14,1123.09,9811.1504,1953.17,471.29
2001-12-17,1134.36,9891.9697,1987.45,479.94
2001-12-18,1142.92,9998.3896,2004.76,485.49
2001-12-19,1149.5601,10070.4902,1982.89,482.07
2001-12-20,1139.9301,9985.1797,1918.54,474.08
2001-12-21,1144.89,10035.3398,1945.83,484.02
2001-12-24,1144.65,10035.3398,1944.48,485.81
2001-12-26,1149.37,10088.1396,1960.7,490.19
2001-12-27,1157.13,10131.3096,1976.42,492.62
2001-12-28,1161.02,10136.9902,1987.26,493.62
2001-12-31,1148.08,10021.5703,1950.4,488.5
2002-01-02,1154.67,10073.4004,1979.25,487.19
2002-01-03,1165.27,10172.1396,2044.27,495.51
2002-01-04,1172.51,10259.7402,2059.3799,499.3
2002-01-07,1164.89,10197.0498,2037.1,493.18
2002-01-08,1160.71,10150.5498,2055.74,497.9
2002-01-09,1155.14,10094.0898,2044.89,494.74
2002-01-10,1156.55,10067.8604,2047.24,495.31
2002-01-11,1145.6,9987.5303,2022.46,489.94
2002-01-14,1138.41,9891.4199,1990.74,483.01
2002-01-15,1146.1899,9924.1504,2000.91,485.0
2002-01-16,1127.5699,9712.2695,1944.4399,476.42
2002-01-17,1138.88,9850.04,1985.8199,482.39
2002-01-18,1127.58,9771.8496,1930.34,474.37
2002-01-22,1119.3101,9713.7998,1882.53,469.43
2002-01-23,1128.1801,9730.96,1922.38,477.45
2002-01-24,1132.15,9796.0703,1942.58,479.73
2002-01-25,1133.28,9840.0801,1937.7,479.35
2002-01-28,1133.0601,9865.75,1943.91,481.28
2002-01-29,1100.64,9618.2402,1892.99,473.98
2002-01-30,1113.5699,9762.8604,1913.4399,479.72
2002-01-31,1130.2,9920.0,1934.03,483.1
2002-02-01,1122.2,9907.2598,1911.24,480.04
2002-02-04,1094.4399,9687.0898,1855.53,470.09
2002-02-05,1090.02,9685.4297,1838.52,468.82
2002-02-06,1083.51,9653.3896,1812.71,462.41
2002-02-07,1080.17,9625.4404,1782.11,458.4
2002-02-08,1096.22,9744.2402,1818.88,466.67
2002-02-11,1111.9399,9884.7803,1846.66,471.32
2002-02-12,1107.5,9863.7402,1834.21,472.01
2002-02-13,1118.51,9989.6699,1859.16,476.33
2002-02-14,1116.48,10001.9902,1843.37,470.75
2002-02-15,1104.1801,9903.04,1805.2,469.25
2002-02-19,1083.34,9745.1396,1750.61,459.98
2002-02-20,1097.98,9941.1699,1775.5699,467.25
2002-02-21,1080.95,9834.6797,1716.24,458.44
2002-02-22,1089.84,9968.1504,1724.54,465.07
2002-02-25,1109.4301,10145.71,1769.88,468.19
2002-02-26,1109.38,10115.2598,1766.86,471.29
2002-02-27,1109.89,10127.5801,1751.88,472.61
2002-02-28,1106.73,10106.1299,1731.49,469.36
2002-03-01,1131.78,10368.8604,1802.74,478.34
2002-03-04,1153.84,10586.8203,1859.3199,488.0
2002-03-05,1146.14,10433.4102,1866.29,487.59
2002-03-06,1162.77,10574.29,1890.4,494.8
2002-03-07,1157.54,10525.3701,1881.63,494.92
2002-03-08,1164.3101,10572.4902,1929.67,499.85
2002-03-11,1168.26,10611.2402,1929.49,500.75
2002-03-12,1165.58,10632.3496,1897.12,498.9
2002-03-13,1154.09,10501.8496,1862.03,495.45
2002-03-14,1153.04,10517.1396,1854.14,497.76
2002-03-15,1166.16,10607.2305,1868.3,499.12
2002-03-18,1165.55,10577.75,1877.0601,502.8
2002-03-19,1170.29,10635.25,1880.87,504.73
2002-03-20,1151.85,10501.5703,1832.87,499.04
2002-03-21,1153.59,10479.8398,1868.83,505.44
2002-03-22,1148.7,10427.6699,1851.39,502.39
2002-03-25,1131.87,10281.6699,1812.49,496.39
2002-03-26,1138.49,10353.3604,1824.17,501.66
2002-03-27,1144.58,10426.9102,1826.75,505.85
2002-03-28,1147.39,10403.9404,1845.35,506.46
2002-04-01,1146.54,10362.7002,1862.62,504.5
2002-04-02,1136.76,10313.71,1804.4,500.49
2002-04-03,1125.4,10198.29,1784.35,496.6
2002-04-04,1126.34,10235.1699,1789.75,498.37
2002-04-05,1122.73,10271.6396,1770.03,497.76
2002-04-08,1125.29,10249.0801,1785.87,503.01
2002-04-09,1117.8,10208.6699,1742.5699,503.01
2002-04-10,1130.47,10381.7305,1767.0699,511.3
2002-04-11,1103.6899,10176.0801,1725.24,503.73
2002-04-12,1111.01,10190.8203,1756.1899,515.46
2002-04-15,1102.55,10093.6699,1753.78,512.74
2002-04-16,1128.37,10301.3203,1816.79,522.95
2002-04-17,1126.0699,10220.7803,1810.67,518.77
2002-04-18,1124.47,10205.2803,1802.4301,518.57
2002-04-19,1125.17,10257.1104,1796.83,517.4
2002-04-22,1107.83,10136.4297,1758.6801,510.93
2002-04-23,1100.96,10089.2402,1730.29,510.29
2002-04-24,1093.14,10030.4297,1713.34,507.32
2002-04-25,1091.48,10035.0596,1713.7,508.85
2002-04-26,1076.3199,9910.7197,1663.89,501.5
2002-04-29,1065.45,9819.8701,1656.9301,500.54
2002-04-30,1076.92,9946.2197,1688.23,510.67
2002-05-01,1086.46,10059.6299,1677.53,510.83
2002-05-02,1084.5601,10091.8701,1644.8199,513.37
2002-05-03,1073.4301,10006.6299,1613.03,512.32
2002-05-06,1052.67,9808.04,1578.48,502.91
2002-05-07,1049.49,9836.5498,1573.8199,498.98
2002-05-08,1088.85,10141.8301,1696.29,509.75
2002-05-09,1073.01,10037.4199,1650.49,501.39
2002-05-10,1054.99,9939.9199,1600.85,492.73
2002-05-13,1074.5601,10109.6602,1652.54,499.72
2002-05-14,1097.28,10298.1396,1719.05,511.72
2002-05-15,1091.0699,10243.6797,1725.5601,513.54
2002-05-16,1098.23,10289.21,1730.4399,507.4
2002-05-17,1106.59,10353.0801,1741.39,508.94
2002-05-20,1091.88,10229.5,1701.59,503.17
2002-05-21,1079.88,10105.71,1664.1801,495.46
2002-05-22,1086.02,10157.8799,1673.45,493.91
2002-05-23,1097.08,10216.0801,1697.63,501.24
2002-05-24,1083.8199,10104.2598,1661.49,493.64
2002-05-28,1074.55,9981.5801,1652.17,492.41
2002-05-29,1067.66,9923.04,1624.39,487.6
2002-05-30,1064.66,9911.6904,1631.92,487.83
2002-05-31,1067.14,9925.25,1615.73,487.47
2002-06-03,1040.6801,9709.79,1562.5601,474.39
2002-06-04,1040.6899,9687.8398,1578.12,473.76
2002-06-05,1049.9,9796.7998,1595.26,475.04
2002-06-06,1029.15,9624.6396,1554.88,465.29
2002-06-07,1027.53,9589.6699,1535.48,470.51
2002-06-10,1030.74,9645.4004,1530.6899,469.29
2002-06-11,1013.6,9517.2598,1497.1801,462.78
2002-06-12,1020.26,9617.71,1519.12,462.99
2002-06-13,1009.56,9502.7998,1496.88,455.98
2002-06-14,1007.27,9474.21,1504.74,459.07
2002-06-17,1036.17,9687.4199,1553.29,470.74
2002-06-18,1037.14,9706.1201,1542.96,469.71
2002-06-19,1019.99,9561.5703,1496.83,462.92
2002-06-20,1006.29,9431.7695,1464.75,460.25
2002-06-21,989.14,9253.79,1440.96,461.07
2002-06-24,992.72,9281.8203,1460.34,459.09
2002-06-25,976.14,9126.8203,1423.99,452.45
2002-06-26,973.53,9120.1104,1429.33,452.97
2002-06-27,990.64,9269.9199,1459.2,458.72
2002-06-28,989.82,9243.2598,1463.21,462.64
2002-07-01,968.65,9109.79,1403.8,447.73
2002-07-02,948.09,9007.75,1357.8199,432.84
2002-07-03,953.99,9054.9697,1380.17,429.47
2002-07-05,989.03,9379.5,1448.36,440.92
2002-07-08,976.98,9274.9004,1405.61,433.61
2002-07-09,952.83,9096.0898,1381.12,429.25
2002-07-10,920.47,8813.5,1346.01,419.78
2002-07-11,927.37,8801.5303,1374.4301,416.68
2002-07-12,921.39,8684.5303,1373.5,413.28
2002-07-15,917.93,8639.1904,1382.62,409.08
2002-07-16,900.94,8473.1104,1375.26,407.27
2002-07-17,906.04,8542.4805,1397.25,409.69
2002-07-18,881.56,8409.4902,1356.95,396.71
2002-07-19,847.75,8019.2598,1319.15,386.2
2002-07-22,819.85,7784.5801,1282.65,379.65
2002-07-23,797.7,7702.3398,1229.05,363.99
2002-07-24,843.43,8191.29,1290.23,378.56
2002-07-25,838.68,8186.3101,1240.08,378.11
2002-07-26,852.84,8264.3896,1262.12,382.26
2002-07-29,898.96,8711.8799,1335.25,400.81
2002-07-30,902.78,8680.0303,1344.1899,400.91
2002-07-31,911.62,8736.5898,1328.26,392.42
2002-08-01,884.66,8506.6201,1280.0,389.21
2002-08-02,864.24,8313.1299,1247.92,376.45
2002-08-05,834.6,8043.6299,1206.01,367.12
2002-08-06,859.57,8274.0898,1259.55,380.79
2002-08-07,876.77,8456.1504,1280.9,383.47
2002-08-08,905.46,8712.0195,1316.52,389.84
2002-08-09,908.64,8745.4502,1306.12,388.45
2002-08-12,903.8,8688.8896,1306.84,388.56
2002-08-13,884.21,8482.3896,1269.28,377.76
2002-08-14,919.62,8743.3096,1334.3,389.41
2002-08-15,930.25,8818.1396,1345.01,390.73
2002-08-16,928.77,8778.0596,1361.01,395.97
2002-08-19,950.7,8990.79,1394.54,401.29
2002-08-20,937.43,8872.0703,1376.59,397.84
2002-08-21,949.36,8957.2305,1409.25,406.79
2002-08-22,962.7,9053.6396,1422.95,409.67
2002-08-23,940.86,8872.96,1380.62,400.13
2002-08-26,947.95,8919.0098,1391.74,407.73
2002-08-27,934.82,8824.4102,1347.78,397.45
2002-08-28,917.87,8694.0898,1314.38,389.38
2002-08-29,917.8,8670.9902,1335.77,394.4
2002-08-30,916.07,8663.5,1314.85,390.96
2002-09-03,878.02,8308.0498,1263.84,379.13
2002-09-04,893.4,8425.1201,1292.3101,389.75
2002-09-05,879.15,8283.7002,1251.0,381.06
2002-09-06,893.92,8427.2002,1295.3,391.57
2002-09-09,902.96,8519.3799,1304.6,392.47
2002-09-10,909.58,8602.6104,1320.09,394.16
2002-09-11,909.45,8581.1699,1315.45,393.37
2002-09-12,886.91,8379.4102,1279.6801,386.27
2002-09-13,889.81,8312.6904,1291.4,389.99
2002-09-16,891.1,8380.1797,1275.88,386.13
2002-09-17,873.52,8207.5498,1259.9399,379.31
2002-09-18,869.46,8172.4502,1252.13,376.75
2002-09-19,843.32,7942.3901,1216.45,365.54
2002-09-20,845.39,7986.02,1221.09,367.28
2002-09-23,833.7,7872.1499,1184.9301,358.68
2002-09-24,819.29,7683.1299,1182.17,356.58
2002-09-25,839.66,7841.8198,1222.29,365.14
2002-09-26,854.95,7997.1201,1221.61,370.69
2002-09-27,827.37,7701.4502,1199.16,361.78
2002-09-30,815.28,7591.9302,1172.0601,362.27
2002-10-01,847.91,7938.79,1213.72,368.09
2002-10-02,827.91,7755.6099,1187.3,360.22
2002-10-03,818.95,7717.1899,1165.5601,356.85
2002-10-04,800.58,7528.3999,1139.9,347.98
2002-10-07,785.28,7422.8398,1119.4,338.29
2002-10-08,798.55,7501.4902,1129.22,340.32
2002-10-09,776.76,7286.27,1114.11,327.04
2002-10-10,803.92,7533.9502,1163.37,336.18
2002-10-11,835.32,7850.29,1210.47,344.93
2002-10-14,841.44,7877.3999,1220.53,346.53
2002-10-15,881.27,8255.6797,1282.4399,360.52
2002-10-16,860.02,8036.0298,1232.42,350.85
2002-10-17,879.2,8275.04,1272.29,362.57
2002-10-18,884.39,8322.4004,1287.86,363.37
2002-10-21,899.72,8538.2402,1309.67,368.63
2002-10-22,890.16,8450.1602,1292.8,362.66
2002-10-23,896.14,8494.2695,1320.23,368.95
2002-10-24,882.5,8317.3398,1298.71,366.02
2002-10-25,897.65,8443.9902,1331.13,372.64
2002-10-28,890.23,8368.04,1315.83,369.01
2002-10-29,882.15,8368.9404,1300.54,368.63
2002-10-30,890.71,8427.4102,1326.73,374.17
2002-10-31,885.76,8397.0303,1329.75,373.5
2002-11-01,900.96,8517.6396,1360.7,383.45
2002-11-04,908.35,8571.5996,1396.54,386.97
2002-11-05,915.39,8678.2695,1401.17,386.07
2002-11-06,923.76,8771.0098,1418.99,392.73
2002-11-07,902.65,8586.2402,1376.71,383.15
2002-11-08,894.74,8537.1299,1359.28,379.0
2002-11-11,876.19,8358.9502,1319.1899,369.14
2002-11-12,882.95,8386.0,1349.5601,374.69
2002-11-13,882.53,8398.4902,1361.33,376.11
2002-11-14,904.27,8542.1299,1411.52,386.24
2002-11-15,909.83,8579.0898,1411.14,385.92
2002-11-18,900.36,8486.5703,1393.6899,382.58
2002-11-19,896.74,8474.7803,1374.51,379.57
2002-11-20,914.15,8623.0098,1419.35,388.59
2002-11-21,933.76,8845.1504,1467.55,397.68
2002-11-22,930.55,8804.8398,1468.74,400.0
2002-11-25,932.87,8849.4004,1481.9,404.85
2002-11-26,913.31,8676.4199,1444.4301,398.32
2002-11-27,938.87,8931.6797,1487.9399,410.24
2002-11-29,936.31,8896.0898,1478.78,406.35
2002-12-02,934.53,8862.5703,1484.78,408.54
2002-12-03,920.75,8742.9297,1448.96,400.83
2002-12-04,917.58,8737.8496,1430.35,397.53
2002-12-05,906.55,8623.2803,1410.75,394.45
2002-12-06,912.23,8645.7695,1422.4399,396.72
2002-12-09,892.0,8473.4102,1367.14,386.29
2002-12-10,904.45,8574.2598,1390.76,393.47
2002-12-11,904.96,8589.1396,1396.59,393.88
2002-12-12,901.58,8538.4004,1399.55,395.36
2002-12-13,889.48,8433.71,1362.42,387.98
2002-12-16,910.4,8627.4004,1400.33,394.9
2002-12-17,902.99,8535.3896,1392.05,391.25
2002-12-18,891.12,8447.3496,1361.51,383.93
2002-12-19,884.25,8364.7998,1354.1,383.41
2002-12-20,895.76,8511.3203,1363.05,386.88
2002-12-23,897.38,8493.29,1381.6899,389.73
2002-12-24,892.47,8448.1104,1372.47,388.12
2002-12-26,889.66,8432.6104,1367.89,389.4
2002-12-27,875.4,8303.7803,1348.3101,384.16
2002-12-30,879.39,8332.8496,1339.54,382.23
2002-12-31,879.82,8341.6299,1335.51,383.09
2003-01-02,909.03,8607.5195,1384.85,392.58
2003-01-03,908.59,8601.6904,1387.08,390.31
2003-01-06,929.01,8773.5703,1421.3199,397.0
2003-01-07,922.93,8740.5898,1431.5699,393.95
2003-01-08,909.93,8595.3096,1401.0699,389.07
2003-01-09,927.57,8776.1797,1438.46,395.94
2003-01-10,927.57,8784.8896,1447.72,396.44
2003-01-13,926.26,8785.9805,1446.04,396.18
2003-01-14,931.66,8842.6201,1460.99,398.45
2003-01-15,918.22,8723.1797,1438.8,395.53
2003-01-16,914.6,8697.8701,1423.75,394.88
2003-01-17,901.78,8586.7402,1376.1899,388.1
2003-01-21,887.62,8442.9004,1364.25,383.17
2003-01-22,878.36,8318.7305,1359.48,380.53
2003-01-23,887.34,8369.4697,1388.27,383.71
2003-01-24,861.4,8131.0098,1342.14,375.06
2003-01-27,847.48,7989.5601,1325.27,368.58
2003-01-28,858.54,8088.8398,1342.1801,373.17
2003-01-29,864.36,8110.71,1358.0601,374.84
2003-01-30,844.61,7945.1299,1322.35,367.62
2003-01-31,855.7,8053.8101,1320.91,372.17
2003-02-03,860.32,8109.8198,1323.79,370.25
2003-02-04,848.2,8013.29,1306.15,368.72
2003-02-05,843.59,7985.1802,1301.5,366.99
2003-02-06,838.15,7929.2998,1301.73,364.74
2003-02-07,829.69,7864.23,1282.47,358.78
2003-02-10,835.97,7920.1099,1296.6801,362.1
2003-02-11,829.2,7843.1099,1295.46,359.96
2003-02-12,818.68,7758.1699,1278.97,355.38
2003-02-13,817.37,7749.8701,1277.4399,354.77
2003-02-14,834.89,7908.7998,1310.17,358.5
2003-02-18,851.17,8041.1499,1346.54,364.53
2003-02-19,845.13,8000.6001,1334.3199,360.28
2003-02-20,837.1,7914.96,1331.23,359.74
2003-02-21,848.17,8018.1099,1349.02,364.36
2003-02-24,832.58,7858.2402,1322.38,358.22
2003-02-25,838.57,7909.5,1328.98,361.2
2003-02-26,827.55,7806.98,1303.6801,357.97
2003-02-27,837.28,7884.9902,1323.9399,361.43
2003-02-28,841.15,7891.0801,1337.52,360.52
2003-03-03,834.81,7837.8599,1320.29,359.31
2003-03-04,821.99,7704.8701,1307.77,356.51
2003-03-05,829.85,7775.6001,1314.4,356.54
2003-03-06,822.1,7673.9902,1302.89,353.84
2003-03-07,828.89,7740.0298,1305.29,354.18
2003-03-10,807.48,7568.1802,1278.37,348.01
2003-03-11,800.73,7524.0601,1271.47,347.03
2003-03-12,804.19,7552.0698,1279.24,345.94
2003-03-13,831.9,7821.75,1340.77,355.44
2003-03-14,833.27,7859.71,1340.33,354.39
2003-03-17,862.79,8141.9199,1392.27,365.4
2003-03-18,866.45,8194.2305,1400.55,368.0
2003-03-19,874.02,8265.4502,1397.0699,368.51
2003-03-20,875.67,8286.5996,1402.77,370.49
2003-03-21,895.79,8521.9697,1421.84,376.23
2003-03-24,864.23,8214.6797,1369.78,367.25
2003-03-25,874.74,8280.2305,1391.01,371.79
2003-03-26,869.95,8229.8799,1387.45,368.18
2003-03-27,868.52,8201.4502,1384.25,369.5
2003-03-28,863.5,8145.77,1369.6,368.7
2003-03-31,848.18,7992.1299,1341.17,364.54
2003-04-01,858.48,8069.8599,1348.3,368.69
2003-04-02,880.9,8285.0596,1396.72,376.3
2003-04-03,876.45,8240.3799,1396.58,375.22
2003-04-04,878.85,8277.1504,1383.51,373.28
2003-04-07,879.93,8300.4102,1389.51,376.57
2003-04-08,878.29,8298.9199,1382.9399,374.66
2003-04-09,865.99,8197.9404,1356.74,372.28
2003-04-10,871.58,8221.3301,1365.61,372.69
2003-04-11,868.3,8203.4102,1358.85,371.3
2003-04-14,885.23,8351.0996,1384.95,377.61
2003-04-15,890.81,8402.3604,1391.01,379.6
2003-04-16,879.91,8257.6104,1394.72,377.73
2003-04-17,893.58,8337.6504,1425.5,383.7
2003-04-21,892.01,8328.9004,1424.37,385.3
2003-04-22,911.37,8484.9902,1451.36,391.16
2003-04-23,919.02,8515.6602,1466.16,394.97
2003-04-24,911.43,8440.04,1457.23,392.27
2003-04-25,898.81,8306.3496,1434.54,388.5
2003-04-28,914.84,8471.6104,1462.24,395.2
2003-04-29,917.84,8502.9902,1471.3,395.78
2003-04-30,916.92,8480.0898,1464.3101,398.68
2003-05-01,916.3,8454.25,1472.5601,398.83
2003-05-02,930.08,8582.6797,1502.88,407.67
2003-05-05,926.55,8531.5703,1504.04,409.8
2003-05-06,934.39,8588.3604,1523.71,412.75
2003-05-07,929.62,8560.6299,1506.76,410.23
2003-05-08,920.27,8491.2197,1489.6899,407.68
2003-05-09,933.41,8604.5996,1520.15,413.53
2003-05-12,945.11,8726.7305,1541.4,418.2
2003-05-13,942.3,8679.25,1539.6801,419.23
2003-05-14,939.28,8647.8203,1534.9,419.44
2003-05-15,946.67,8713.1396,1551.38,422.05
2003-05-16,944.3,8678.9697,1538.53,414.69
2003-05-19,920.77,8493.3896,1492.77,408.32
2003-05-20,919.73,8491.3604,1491.09,409.03
2003-05-21,923.42,8516.4297,1489.87,410.73
2003-05-22,931.87,8594.0195,1507.55,415.09
2003-05-23,933.22,8601.3799,1510.09,418.4
2003-05-27,951.48,8781.3496,1556.6899,427.71
2003-05-28,953.22,8793.1201,1563.24,430.48
2003-05-29,949.64,8711.1797,1574.95,432.64
2003-05-30,963.59,8850.2598,1595.91,441.0
2003-06-02,967.0,8897.8096,1590.75,442.63
2003-06-03,971.56,8922.9502,1603.5601,443.87
2003-06-04,986.24,9038.9805,1634.65,451.23
2003-06-05,990.14,9041.2998,1646.01,456.69
2003-06-06,987.76,9062.79,1627.42,453.94
2003-06-09,975.93,8980.0,1603.97,444.79
2003-06-10,984.84,9054.8896,1627.67,450.96
2003-06-11,997.48,9183.2197,1646.02,455.5
2003-06-12,998.51,9196.5498,1653.62,456.74
2003-06-13,988.61,9117.1201,1626.49,449.71
2003-06-16,1010.74,9318.96,1666.58,457.47
2003-06-17,1011.66,9323.0195,1668.4399,458.01
2003-06-18,1010.09,9293.7998,1677.14,457.51
2003-06-19,994.7,9179.5303,1648.64,450.33
2003-06-20,995.69,9200.75,1644.72,449.56
2003-06-23,981.64,9072.9502,1610.75,439.41
2003-06-24,983.45,9109.8496,1605.61,440.89
2003-06-25,975.32,9011.5303,1602.66,443.21
2003-06-26,985.82,9079.04,1634.01,449.9
2003-06-27,976.22,8989.0498,1625.26,448.75
2003-06-30,974.5,8985.4404,1622.8,448.37
2003-07-01,982.32,9040.9502,1640.13,449.17
2003-07-02,993.75,9142.8398,1678.73,458.89
2003-07-03,985.7,9070.21,1663.46,456.35
2003-07-07,1004.42,9216.79,1720.71,465.71
2003-07-08,1007.84,9223.0898,1746.46,473.97
2003-07-09,1002.21,9156.21,1747.46,476.99
2003-07-10,988.7,9036.04,1715.86,469.03
2003-07-11,998.14,9119.5898,1733.9301,473.77
2003-07-14,1003.86,9177.1504,1754.8199,479.03
2003-07-15,1000.42,9128.9697,1753.21,476.93
2003-07-16,994.09,9094.5898,1747.97,473.68
2003-07-17,981.73,9050.8203,1698.02,459.93
2003-07-18,993.32,9188.1504,1708.5,464.76
2003-07-21,978.8,9096.6904,1681.41,457.17
2003-07-22,988.11,9158.4502,1706.1,464.0
2003-07-23,988.61,9194.2402,1719.1801,466.14
2003-07-24,981.6,9112.5098,1701.42,465.26
2003-07-25,998.68,9284.5703,1730.7,468.88
2003-07-28,996.52,9266.5098,1735.36,473.83
2003-07-29,989.28,9204.46,1731.37,473.6
2003-07-30,987.49,9200.0498,1720.91,472.8
2003-07-31,990.31,9233.7998,1735.02,476.02
2003-08-01,980.15,9153.9697,1715.62,468.08
2003-08-04,982.82,9186.04,1714.0601,464.77
2003-08-05,965.46,9036.3203,1673.5,457.45
2003-08-06,967.08,9061.7402,1652.6801,453.91
2003-08-07,974.12,9126.4502,1652.1801,453.77
2003-08-08,977.59,9191.0898,1644.03,453.94
2003-08-11,980.59,9217.3496,1661.51,459.27
2003-08-12,990.35,9310.0596,1687.01,466.95
2003-08-13,984.03,9271.7598,1686.61,467.47
2003-08-14,990.51,9310.5596,1700.34,471.22
2003-08-15,990.67,9321.6904,1702.01,471.92
2003-08-18,999.74,9412.4502,1739.49,480.92
2003-08-19,1002.35,9428.9004,1761.11,488.7
2003-08-20,1000.3,9397.5098,1760.54,489.46
2003-08-21,1003.27,9423.6797,1777.55,494.82
2003-08-22,993.06,9348.8701,1765.3199,485.51
2003-08-25,993.71,9317.6396,1764.3101,483.87
2003-08-26,996.73,9340.4502,1770.65,486.51
2003-08-27,996.79,9333.79,1782.13,490.92
2003-08-28,1002.84,9374.21,1800.1801,495.81
2003-08-29,1008.01,9415.8203,1810.45,497.42
2003-09-02,1021.99,9523.2695,1841.48,507.5
2003-09-03,1026.27,9568.46,1852.9,510.71
2003-09-04,1027.97,9587.9004,1868.97,512.56
2003-09-05,1021.39,9503.3398,1858.24,508.87
2003-09-08,1031.64,9586.29,1888.62,517.13
2003-09-09,1023.17,9507.2002,1873.4301,513.57
2003-09-10,1010.92,9420.46,1823.8101,501.76
2003-09-11,1016.42,9459.7598,1846.09,507.43
2003-09-12,1018.63,9471.5498,1855.03,509.06
2003-09-15,1014.81,9448.8096,1845.7,507.64
2003-09-16,1029.3199,9567.3398,1887.25,515.66
2003-09-17,1025.97,9545.6504,1883.1,515.1
2003-09-18,1039.58,9659.1299,1909.55,519.46
2003-09-19,1036.3,9644.8203,1905.7,520.2
2003-09-22,1022.82,9535.4102,1874.62,513.65
2003-09-23,1029.03,9576.04,1901.72,519.36
2003-09-24,1009.38,9425.5098,1843.7,507.86
2003-09-25,1003.27,9343.96,1817.24,495.06
2003-09-26,996.85,9313.0801,1792.0699,485.29
2003-09-29,1006.58,9380.2402,1824.5601,492.71
2003-09-30,995.97,9275.0596,1786.9399,487.68
2003-10-01,1018.22,9469.2002,1832.25,500.32
2003-10-02,1020.24,9487.7998,1836.22,503.2
2003-10-03,1029.85,9572.3096,1880.5699,512.28
2003-10-06,1034.35,9594.9805,1893.46,516.72
2003-10-07,1039.25,9654.6104,1907.85,520.77
2003-10-08,1033.78,9630.9004,1893.78,515.68
2003-10-09,1038.73,9680.0098,1911.9,521.34
2003-10-10,1038.0601,9674.6797,1915.3101,519.06
2003-10-13,1045.35,9764.3799,1933.53,527.57
2003-10-14,1049.48,9812.9805,1943.1899,531.84
2003-10-15,1046.76,9803.0498,1939.1,527.35
2003-10-16,1050.0699,9791.7197,1950.14,529.64
2003-10-17,1039.3199,9721.79,1912.36,520.36
2003-10-20,1044.6801,9777.9404,1925.14,521.44
2003-10-21,1046.03,9747.6396,1940.9,525.53
2003-10-22,1030.36,9598.2402,1898.0699,513.15
2003-10-23,1033.77,9613.1299,1885.51,510.49
2003-10-24,1028.91,9582.46,1865.59,506.43
2003-10-27,1031.13,9608.1602,1882.91,515.35
2003-10-28,1046.79,9748.3096,1932.26,525.85
2003-10-29,1048.11,9774.5303,1936.5601,531.81
2003-10-30,1046.9399,9786.6104,1932.6899,530.37
2003-10-31,1050.71,9801.1201,1932.21,528.22
2003-11-03,1059.02,9858.46,1967.7,537.84
2003-11-04,1053.25,9838.8301,1957.97,538.87
2003-11-05,1051.8101,9820.8301,1959.37,538.91
2003-11-06,1058.05,9856.9697,1976.37,542.94
2003-11-07,1053.21,9809.79,1970.74,542.96
2003-11-10,1047.11,9756.5303,1941.64,533.21
2003-11-11,1046.5699,9737.79,1930.75,528.57
2003-11-12,1058.53,9848.8301,1973.11,540.66
2003-11-13,1058.41,9837.9404,1967.35,541.2
2003-11-14,1050.35,9768.6797,1930.26,532.96
2003-11-17,1043.63,9710.8301,1909.61,526.21
2003-11-18,1034.15,9624.1602,1881.75,521.68
2003-11-19,1042.4399,9690.46,1899.65,525.62
2003-11-20,1033.65,9619.4199,1881.92,523.08
2003-11-21,1035.28,9628.5303,1893.88,525.93
2003-11-24,1052.08,9747.79,1947.14,539.51
2003-11-25,1053.89,9763.9404,1943.04,543.18
2003-11-26,1058.45,9779.5703,1953.3101,545.31
2003-11-28,1058.2,9782.46,1960.26,546.51
2003-12-01,1070.12,9899.0498,1989.8199,554.59
2003-12-02,1066.62,9853.6396,1980.0699,553.6
2003-12-03,1064.73,9873.4199,1960.25,545.19
2003-12-04,1069.72,9930.8203,1968.8,544.15
2003-12-05,1061.5,9862.6797,1937.8199,539.01
2003-12-08,1069.3,9965.2695,1948.85,543.04
2003-12-09,1060.1801,9923.4199,1908.3199,534.54
2003-12-10,1059.05,9921.8604,1904.65,528.49
2003-12-11,1071.21,10008.1602,1942.3199,542.92
2003-12-12,1074.14,10042.1602,1949.0,547.59
2003-12-15,1068.04,10022.8203,1918.26,535.25
2003-12-16,1075.13,10129.5596,1924.29,537.74
2003-12-17,1076.48,10145.2598,1921.33,538.72
2003-12-18,1089.1801,10248.0801,1956.1801,546.9
2003-12-19,1088.66,10278.2197,1951.02,546.88
2003-12-22,1092.9399,10338.0,1955.8,549.37
2003-12-23,1096.02,10341.2598,1974.78,555.03
2003-12-24,1094.04,10305.1904,1969.23,552.35
2003-12-26,1095.89,10324.6699,1973.14,554.9
2003-12-29,1109.48,10450.0,2006.48,563.88
2003-12-30,1109.64,10425.04,2009.88,565.47
2003-12-31,1111.92,10453.9199,2003.37,556.91
2004-01-02,1108.48,10409.8496,2006.6801,560.85
2004-01-05,1122.22,10544.0703,2047.36,568.92
2004-01-06,1123.67,10538.6602,2057.3701,569.89
2004-01-07,1126.33,10529.0303,2077.6799,574.62
2004-01-08,1131.92,10592.4404,2100.25,579.62
2004-01-09,1121.86,10458.8896,2086.9199,575.2
2004-01-12,1127.23,10485.1797,2111.78,583.01
2004-01-13,1121.22,10427.1797,2096.4399,581.16
2004-01-14,1130.52,10538.3701,2111.1299,586.12
2004-01-15,1132.05,10553.8496,2109.0801,586.36
2004-01-16,1139.83,10600.5098,2140.46,590.41
2004-01-20,1138.77,10528.6602,2147.98,597.98
2004-01-21,1147.62,10623.6201,2142.45,597.48
2004-01-22,1143.9399,10623.1797,2119.01,591.73
2004-01-23,1141.55,10568.29,2123.8701,596.14
2004-01-26,1155.37,10702.5098,2153.8301,601.5
2004-01-27,1144.05,10609.9199,2116.04,595.17
2004-01-28,1128.48,10468.3701,2077.3701,583.91
2004-01-29,1134.11,10510.29,2068.23,579.86
2004-01-30,1131.13,10488.0703,2066.1499,580.76
2004-02-02,1135.26,10499.1797,2063.1499,580.54
2004-02-03,1136.03,10505.1797,2066.21,579.15
2004-02-04,1126.52,10470.7402,2014.14,564.03
2004-02-05,1128.59,10495.5498,2019.5601,569.54
2004-02-06,1142.76,10593.0303,2064.01,584.07
2004-02-09,1139.8101,10579.0303,2060.5701,585.49
2004-02-10,1145.54,10613.8496,2075.3301,592.83
2004-02-11,1157.76,10737.7002,2089.6599,597.07
2004-02-12,1152.11,10694.0703,2073.6101,592.75
2004-02-13,1145.8101,10627.8496,2053.5601,585.14
2004-02-17,1156.99,10714.8799,2080.3501,594.48
2004-02-18,1151.8199,10671.9902,2076.47,591.48
2004-02-19,1147.0601,10664.7305,2045.96,582.59
2004-02-20,1144.11,10619.0303,2037.9301,579.89
2004-02-23,1140.99,10609.6201,2007.52,570.2
2004-02-24,1139.09,10566.3701,2005.4399,571.87
2004-02-25,1143.67,10601.6201,2022.98,579.04
2004-02-26,1144.91,10580.1396,2032.5699,583.86
2004-02-27,1144.9399,10583.9199,2029.8199,585.56
2004-03-01,1155.97,10678.1396,2057.8,594.77
2004-03-02,1149.1,10591.4805,2039.65,591.06
2004-03-03,1151.03,10593.1104,2033.36,591.32
2004-03-04,1154.87,10588.0,2055.1101,598.38
2004-03-05,1156.86,10595.5498,2047.63,599.54
2004-03-08,1147.2,10529.4805,2008.78,592.51
2004-03-09,1140.58,10456.96,1995.16,585.95
2004-03-10,1123.89,10296.8896,1964.15,575.01
2004-03-11,1106.78,10128.3799,1943.89,568.74
2004-03-12,1120.5699,10240.0801,1984.73,582.84
2004-03-15,1104.49,10102.8896,1939.2,566.95
2004-03-16,1110.7,10184.6699,1943.09,566.64
2004-03-17,1123.75,10300.2998,1976.76,578.57
2004-03-18,1122.3199,10295.7803,1962.4399,574.55
2004-03-19,1109.78,10186.5996,1940.47,570.74
2004-03-22,1095.4,10064.75,1909.9,558.99
2004-03-23,1093.95,10063.6396,1901.8,560.92
2004-03-24,1091.33,10048.2305,1909.48,557.63
2004-03-25,1109.1899,10218.8203,1967.17,571.53
2004-03-26,1108.0601,10212.9697,1960.02,572.92
2004-03-29,1122.47,10329.6299,1992.5699,583.39
2004-03-30,1127.0,10381.7002,2000.63,589.4
2004-03-31,1126.21,10357.7002,1994.22,590.31
2004-04-01,1132.17,10373.3301,2015.01,595.32
2004-04-02,1141.8101,10470.5898,2057.1699,603.45
2004-04-05,1150.5699,10558.3701,2079.1201,606.39
2004-04-06,1148.16,10570.8096,2059.8999,599.33
2004-04-07,1140.53,10480.1504,2050.24,601.64
2004-04-08,1139.3199,10442.0303,2052.8799,597.88
2004-04-12,1145.2,10515.5596,2065.48,599.65
2004-04-13,1129.4399,10381.2803,2030.08,585.83
2004-04-14,1128.17,10377.9502,2024.85,582.02
2004-04-15,1128.84,10397.46,2002.17,580.3
2004-04-16,1134.61,10451.9697,1995.74,583.37
2004-04-19,1135.8199,10437.8496,2020.4301,586.95
2004-04-20,1118.15,10314.5,1978.63,575.81
2004-04-21,1124.09,10317.2695,1995.63,583.22
2004-04-22,1139.9301,10461.2002,2032.91,593.24
2004-04-23,1140.6,10472.8398,2049.77,590.71
2004-04-26,1135.53,10444.7305,2036.77,589.45
2004-04-27,1138.11,10478.1602,2032.53,590.76
2004-04-28,1122.41,10342.5996,1989.54,577.06
2004-04-29,1113.89,10272.2695,1958.78,567.25
2004-04-30,1107.3,10225.5703,1920.15,559.8
2004-05-03,1117.49,10314.0,1938.72,565.48
2004-05-04,1119.55,10317.2002,1950.48,569.64
2004-05-05,1121.53,10310.9502,1957.26,570.06
2004-05-06,1113.99,10241.2598,1937.74,563.09
2004-05-07,1098.7,10117.3398,1917.96,548.56
2004-05-10,1087.12,9990.0195,1896.0699,537.86
2004-05-11,1095.45,10019.4697,1931.35,548.67
2004-05-12,1097.28,10045.1602,1925.59,548.99
2004-05-13,1096.4399,10010.7402,1926.03,547.17
2004-05-14,1095.7,10012.8701,1904.25,543.76
2004-05-17,1084.1,9906.9102,1876.64,535.34
2004-05-18,1091.49,9968.5098,1897.8199,542.56
2004-05-19,1088.6801,9937.71,1898.17,540.86
2004-05-20,1089.1899,9937.6396,1896.59,540.75
2004-05-21,1093.5601,9966.7402,1912.09,545.81
2004-05-24,1095.41,9958.4297,1922.98,551.72
2004-05-25,1113.05,10117.6201,1964.65,565.39
2004-05-26,1114.9399,10109.8896,1976.15,567.77
2004-05-27,1121.28,10205.2002,1984.5,568.56
2004-05-28,1120.6801,10188.4502,1986.74,568.28
2004-06-01,1121.2,10202.6504,1990.77,572.49
2004-06-02,1124.99,10262.9697,1988.98,573.56
2004-06-03,1116.64,10195.9102,1960.26,562.44
2004-06-04,1122.5,10242.8203,1978.62,567.75
2004-06-07,1140.42,10391.0801,2020.62,578.9
2004-06-08,1142.1801,10432.5195,2023.53,577.91
2004-06-09,1131.33,10368.4404,1990.61,568.58
2004-06-10,1136.47,10410.0996,1999.87,569.12
2004-06-14,1125.29,10334.7305,1969.99,557.67
2004-06-15,1132.01,10380.4297,1995.6,567.92
2004-06-16,1133.5601,10379.5801,1998.23,570.07
2004-06-17,1132.05,10377.5195,1983.67,569.57
2004-06-18,1135.02,10416.4102,1986.73,570.54
2004-06-21,1130.3,10371.4697,1974.38,568.74
2004-06-22,1134.41,10395.0703,1994.15,571.89
2004-06-23,1144.0601,10479.5703,2020.98,580.15
2004-06-24,1140.65,10443.8096,2015.5699,579.05
2004-06-25,1134.4301,10371.8398,2025.47,587.7
2004-06-28,1133.35,10357.0898,2019.8199,584.1
2004-06-29,1136.2,10413.4297,2034.9301,587.83
2004-06-30,1140.84,10435.4805,2047.79,591.52
2004-07-01,1128.9399,10334.1602,2015.55,582.43
2004-07-02,1125.38,10282.8301,2006.66,582.72
2004-07-06,1116.21,10219.3398,1963.4301,572.41
2004-07-07,1118.33,10240.29,1966.08,572.03
2004-07-08,1109.11,10171.5596,1935.3199,560.71
2004-07-09,1112.8101,10213.2197,1946.33,563.73
2004-07-12,1114.35,10238.2197,1936.92,562.24
2004-07-13,1115.14,10247.5898,1931.66,562.69
2004-07-14,1111.47,10208.7998,1914.88,559.74
2004-07-15,1106.6899,10163.1602,1912.71,562.16
2004-07-16,1101.39,10139.7803,1883.15,555.48
2004-07-19,1100.9,10094.0596,1883.83,554.73
2004-07-20,1108.67,10149.0703,1917.0699,564.19
2004-07-21,1093.88,10046.1299,1874.37,548.57
2004-07-22,1096.84,10050.3301,1889.0601,546.52
2004-07-23,1086.2,9962.2197,1849.09,539.23
2004-07-26,1084.0699,9961.9199,1839.02,533.49
2004-07-27,1094.83,10085.1396,1869.1,544.61
2004-07-28,1095.42,10117.0703,1858.26,541.2
2004-07-29,1100.4301,10129.2402,1881.0601,549.83
2004-07-30,1101.72,10139.71,1887.36,551.29
2004-08-02,1106.62,10179.1602,1892.09,551.93
2004-08-03,1099.6899,10120.2402,1859.42,543.63
2004-08-04,1098.63,10126.5098,1855.0601,542.67
2004-08-05,1080.7,9963.0303,1821.63,532.36
2004-08-06,1063.97,9815.3301,1776.89,519.65
2004-08-09,1065.22,9814.6602,1774.64,518.38
2004-08-10,1079.04,9944.6699,1808.7,529.83
2004-08-11,1075.79,9938.3203,1782.42,526.63
2004-08-12,1063.23,9814.5898,1752.49,517.1
2004-08-13,1064.8,9825.3496,1757.22,517.39
2004-08-16,1079.34,9954.5498,1782.84,528.06
2004-08-17,1081.71,9972.8301,1795.25,530.0
2004-08-18,1095.17,10083.1504,1831.37,541.61
2004-08-19,1091.23,10040.8203,1819.89,537.44
2004-08-20,1098.35,10110.1396,1838.02,547.92
2004-08-23,1095.6801,10073.0498,1838.7,543.47
2004-08-24,1096.1899,10098.6299,1836.89,545.01
2004-08-25,1104.96,10181.7402,1860.72,550.14
2004-08-26,1105.09,10173.4102,1852.92,547.25
2004-08-27,1107.77,10195.0098,1862.09,551.67
2004-08-30,1099.15,10122.5195,1836.49,544.56
2004-08-31,1104.24,10173.9199,1838.1,547.93
2004-09-01,1105.91,10168.46,1850.41,552.46
2004-09-02,1118.3101,10290.2803,1873.4301,559.78
2004-09-03,1113.63,10260.2002,1844.48,556.24
2004-09-07,1121.3,10342.79,1858.5601,562.93
2004-09-08,1116.27,10313.3604,1850.64,557.79
2004-09-09,1118.38,10289.0996,1869.65,566.18
2004-09-10,1123.92,10313.0703,1894.3101,569.91
2004-09-13,1125.8199,10314.7598,1910.38,573.1
2004-09-14,1128.33,10318.1602,1915.4,570.96
2004-09-15,1120.37,10231.3604,1896.52,568.52
2004-09-16,1123.5,10244.4902,1904.08,574.54
2004-09-17,1128.55,10284.46,1910.09,573.17
2004-09-20,1122.2,10204.8896,1908.0699,570.74
2004-09-21,1129.3,10244.9297,1921.1801,576.92
2004-09-22,1113.5601,10109.1797,1885.71,565.89
2004-09-23,1108.36,10038.9004,1886.4301,565.8
2004-09-24,1110.11,10047.2402,1879.48,565.97
2004-09-27,1103.52,9988.54,1859.88,558.36
2004-09-28,1110.0601,10077.4004,1869.87,565.66
2004-09-29,1114.8,10136.2402,1893.9399,571.07
2004-09-30,1114.58,10080.2695,1896.84,572.94
2004-10-01,1131.5,10192.6504,1942.2,585.03
2004-10-04,1135.17,10216.54,1952.4,589.09
2004-10-05,1134.48,10177.6797,1955.5,587.34
2004-10-06,1142.05,10239.9199,1971.03,592.66
2004-10-07,1130.65,10125.4004,1948.52,582.6
2004-10-08,1122.14,10055.2002,1919.97,575.65
2004-10-11,1124.39,10081.9697,1928.76,577.56
2004-10-12,1121.84,10077.1797,1925.17,576.71
2004-10-13,1113.65,10002.3301,1920.53,569.42
2004-10-14,1103.29,9894.4502,1903.02,564.88
2004-10-15,1108.2,9933.3799,1911.5,569.42
2004-10-18,1114.02,9956.3203,1936.52,572.03
2004-10-19,1103.23,9897.6201,1922.9,566.67
2004-10-20,1103.66,9886.9297,1932.97,570.13
2004-10-21,1106.49,9865.7598,1953.62,576.66
2004-10-22,1095.74,9757.8096,1915.14,567.78
2004-10-25,1094.8,9749.9902,1914.04,571.67
2004-10-26,1111.09,9888.4805,1928.79,577.61
2004-10-27,1125.4,10002.0303,1969.99,587.18
2004-10-28,1127.4399,10004.54,1975.74,585.63
2004-10-29,1130.2,10027.4697,1974.99,583.79
2004-11-01,1130.51,10054.3896,1979.87,587.0
2004-11-02,1130.5601,10035.7305,1984.79,585.44
2004-11-03,1143.2,10137.0498,2004.33,595.33
2004-11-04,1161.67,10314.7598,2023.63,602.13
2004-11-05,1166.17,10387.54,2038.9399,604.29
2004-11-08,1164.89,10391.3096,2039.25,602.08
2004-11-09,1164.08,10386.3701,2043.33,606.64
2004-11-10,1162.91,10385.4805,2034.5601,609.61
2004-11-11,1173.48,10469.8398,2061.27,616.3
2004-11-12,1184.17,10539.0098,2085.3401,621.98
2004-11-15,1183.8101,10550.2402,2094.0901,623.86
2004-11-16,1175.4301,10487.6504,2078.6201,617.89
2004-11-17,1181.9399,10549.5703,2099.6799,622.97
2004-11-18,1183.55,10572.5498,2104.28,622.06
2004-11-19,1170.34,10456.9102,2070.6299,613.44
2004-11-22,1177.24,10489.4199,2085.1899,621.52
2004-11-23,1176.9399,10492.5996,2084.28,624.53
2004-11-24,1181.76,10520.3096,2102.54,629.5
2004-11-26,1182.65,10522.2305,2101.97,631.16
2004-11-29,1178.5699,10475.9004,2106.8701,634.46
2004-11-30,1173.8199,10428.0195,2096.8101,633.77
2004-12-01,1191.37,10590.2197,2138.23,643.68
2004-12-02,1190.33,10585.1201,2143.5701,642.51
2004-12-03,1191.17,10592.21,2147.96,642.21
2004-12-06,1190.25,10547.0596,2151.25,639.03
2004-12-07,1177.0699,10440.5801,2114.6599,625.5
2004-12-08,1182.8101,10494.2305,2126.1101,631.15
2004-12-09,1189.24,10552.8203,2129.01,629.19
2004-12-10,1188.0,10543.2197,2128.0701,632.24
2004-12-13,1198.6801,10638.3203,2148.5,638.03
2004-12-14,1203.38,10676.4502,2159.8401,643.54
2004-12-15,1205.72,10691.4502,2162.55,648.61
2004-12-16,1203.21,10705.6396,2146.1499,642.23
2004-12-17,1194.2,10649.9199,2135.2,642.08
2004-12-20,1194.65,10661.5996,2127.8501,638.05
2004-12-21,1205.45,10759.4297,2150.9099,646.2
2004-12-22,1209.5699,10815.8896,2157.03,648.46
2004-12-23,1210.13,10827.1201,2160.6201,649.37
2004-12-27,1204.92,10776.1299,2154.22,644.34
2004-12-28,1213.54,10854.54,2177.1899,654.57
2004-12-29,1213.45,10829.1904,2177.0,653.34
2004-12-30,1213.55,10800.2998,2178.3401,653.06
2004-12-31,1211.92,10783.0098,2175.4399,651.57
2005-01-03,1202.08,10729.4297,2152.1499,640.44
2005-01-04,1188.05,10630.7803,2107.8601,628.54
2005-01-05,1183.74,10597.8301,2091.24,617.48
2005-01-06,1187.89,10622.8799,2090.0,619.82
2005-01-07,1186.1899,10603.96,2088.6101,613.21
2005-01-10,1190.25,10621.0303,2097.04,617.74
2005-01-11,1182.99,10556.2197,2079.6201,611.53
2005-01-12,1187.7,10617.7803,2092.53,613.19
2005-01-13,1177.45,10505.8301,2070.5601,610.13
2005-01-14,1184.52,10558.0,2087.9099,617.48
2005-01-18,1195.98,10628.79,2106.04,624.87
2005-01-19,1184.63,10539.9697,2073.5901,617.91
2005-01-20,1175.41,10471.4697,2045.88,612.34
2005-01-21,1167.87,10392.9902,2034.27,611.08
2005-01-24,1163.75,10368.6104,2008.7,604.53
2005-01-25,1168.41,10461.5596,2019.95,606.5
2005-01-26,1174.0699,10498.5898,2046.09,616.57
2005-01-27,1174.55,10467.4004,2047.15,616.9
2005-01-28,1171.36,10427.2002,2035.83,613.0
2005-01-31,1181.27,10489.9404,2062.4099,624.02
2005-02-01,1189.41,10551.9404,2068.7,628.14
2005-02-02,1193.1899,10596.79,2075.0601,631.98
2005-02-03,1189.89,10593.0996,2057.6399,629.32
2005-02-04,1203.03,10716.1299,2086.6599,637.44
2005-02-07,1201.72,10715.7598,2082.03,636.62
2005-02-08,1202.3,10724.6299,2086.6799,638.72
2005-02-09,1191.99,10664.1104,2052.55,625.71
2005-02-10,1197.01,10749.6104,2053.1001,626.81
2005-02-11,1205.3,10796.0098,2076.6599,634.76
2005-02-14,1206.14,10791.1299,2082.9099,635.02
2005-02-15,1210.12,10837.3203,2089.21,634.94
2005-02-16,1210.34,10834.8799,2087.4299,638.85
2005-02-17,1200.75,10754.2598,2061.3401,631.14
2005-02-18,1201.59,10785.2197,2058.6201,630.13
2005-02-22,1184.16,10611.2002,2030.3199,617.93
2005-02-23,1190.8,10673.79,2031.25,620.54
2005-02-24,1200.2,10748.79,2051.7,627.56
2005-02-25,1211.37,10841.5996,2065.3999,637.53
2005-02-28,1203.6,10766.2305,2051.72,634.06
2005-03-01,1210.41,10830.0,2071.25,638.53
2005-03-02,1210.08,10811.9697,2067.5,637.33
2005-03-03,1210.47,10833.0303,2058.3999,638.29
2005-03-04,1222.12,10940.5498,2070.6101,644.95
2005-03-07,1225.3101,10936.8604,2090.21,643.86
2005-03-08,1219.4301,10912.6201,2073.55,637.98
2005-03-09,1207.01,10805.6201,2061.29,631.08
2005-03-10,1209.25,10851.5098,2059.72,626.94
2005-03-11,1200.08,10774.3604,2041.6,626.84
2005-03-14,1206.83,10804.5098,2051.04,630.3
2005-03-15,1197.75,10745.0996,2034.98,626.82
2005-03-16,1188.0699,10633.0703,2015.75,622.92
2005-03-17,1190.21,10626.3496,2016.42,625.46
2005-03-18,1189.65,10629.6699,2007.79,622.57
2005-03-21,1183.78,10565.3896,2007.51,621.57
2005-03-22,1171.71,10470.5098,1989.34,618.58
2005-03-23,1172.53,10456.0195,1990.22,612.06
2005-03-24,1171.42,10442.8701,1991.0601,615.27
2005-03-28,1174.28,10485.6504,1992.52,615.12
2005-03-29,1165.36,10405.7002,1973.88,604.63
2005-03-30,1181.41,10540.9297,2005.67,614.9
2005-03-31,1180.59,10503.7598,1999.23,615.07
2005-04-01,1172.92,10404.2998,1984.8101,611.55
2005-04-04,1176.12,10421.1396,1991.0699,613.76
2005-04-05,1181.39,10458.46,1999.3199,614.5
2005-04-06,1184.0699,10486.0195,1999.14,616.21
2005-04-07,1191.14,10546.3203,2018.79,619.76
2005-04-08,1181.2,10461.3398,1999.35,610.75
2005-04-11,1181.21,10448.5596,1992.12,607.17
2005-04-12,1187.76,10507.9697,2005.4,613.03
2005-04-13,1173.79,10403.9297,1974.37,602.54
2005-04-14,1162.05,10278.75,1946.71,591.94
2005-04-15,1142.62,10087.5098,1908.15,580.78
2005-04-18,1145.98,10071.25,1912.92,585.33
2005-04-19,1152.78,10127.4102,1932.36,594.94
2005-04-20,1137.5,10012.3604,1913.76,584.96
2005-04-21,1159.95,10218.5996,1962.41,598.98
2005-04-22,1152.12,10157.71,1932.1899,589.53
2005-04-25,1162.1,10242.4697,1950.78,596.44
2005-04-26,1151.83,10151.1299,1927.4399,587.66
2005-04-27,1156.38,10198.7998,1930.4301,587.14
2005-04-28,1143.22,10070.3701,1904.1801,575.02
2005-04-29,1156.85,10192.5098,1921.65,579.38
2005-05-02,1162.16,10251.7002,1928.65,585.86
2005-05-03,1161.17,10256.9502,1933.0699,584.48
2005-05-04,1175.65,10384.6396,1962.23,595.22
2005-05-05,1172.63,10340.3799,1961.8,595.64
2005-05-06,1171.35,10345.4004,1967.35,596.52
2005-05-09,1178.84,10384.3398,1979.67,602.91
2005-05-10,1166.22,10281.1104,1962.77,595.04
2005-05-11,1171.11,10300.25,1971.55,595.57
2005-05-12,1159.36,10189.4805,1963.88,586.89
2005-05-13,1154.05,10140.1201,1976.78,582.02
2005-05-16,1165.6899,10252.29,1994.4301,591.71
2005-05-17,1173.8,10331.8799,2004.15,595.27
2005-05-18,1185.5601,10464.4502,2030.65,607.88
2005-05-19,1191.08,10493.1904,2042.58,610.46
2005-05-20,1189.28,10471.9102,2046.42,609.41
2005-05-23,1193.86,10523.5596,2056.6499,612.87
2005-05-24,1194.0699,10503.6797,2061.6201,612.95
2005-05-25,1190.01,10457.7998,2050.1201,606.4
2005-05-26,1197.62,10537.5996,2071.24,614.7
2005-05-27,1198.78,10542.5498,2075.73,616.9
2005-05-31,1191.5,10467.4805,2068.22,616.71
2005-06-01,1202.22,10549.8701,2087.8601,623.74
2005-06-02,1204.29,10553.4902,2097.8,625.24
2005-06-03,1196.02,10460.9697,2071.4299,620.3
2005-06-06,1197.51,10467.0303,2075.76,622.94
2005-06-07,1197.26,10483.0703,2067.1599,623.78
2005-06-08,1194.67,10476.8604,2060.1799,620.47
2005-06-09,1200.9301,10503.0195,2076.9099,626.23
2005-06-10,1198.11,10512.6299,2063.0,626.33
2005-06-13,1200.8199,10522.5596,2068.96,629.02
2005-06-14,1203.91,10547.5703,2069.04,634.39
2005-06-15,1206.58,10566.3701,2074.9199,637.19
2005-06-16,1210.96,10578.6504,2089.1499,644.03
2005-06-17,1216.96,10623.0703,2090.1101,644.19
2005-06-20,1216.1,10609.1104,2088.1299,641.84
2005-06-21,1213.61,10599.6699,2091.0701,641.04
2005-06-22,1213.88,10587.9297,2092.03,643.45
2005-06-23,1200.73,10421.4404,2070.6599,634.12
2005-06-24,1191.5699,10297.8398,2053.27,630.41
2005-06-27,1190.6899,10290.7803,2045.2,628.31
2005-06-28,1201.5699,10405.6299,2069.8899,641.48
2005-06-29,1199.85,10374.4805,2068.8899,642.76
2005-06-30,1191.33,10274.9697,2056.96,639.66
2005-07-01,1194.4399,10303.4404,2057.3701,643.04
2005-07-05,1204.99,10371.7998,2078.75,653.23
2005-07-06,1194.9399,10270.6797,2068.6499,648.27
2005-07-07,1197.87,10302.29,2075.6599,649.3
2005-07-08,1211.86,10449.1396,2112.8799,662.14
2005-07-11,1219.4399,10519.7197,2135.4299,671.74
2005-07-12,1222.21,10513.8896,2143.1499,670.79
2005-07-13,1223.29,10557.3896,2144.1101,667.65
2005-07-14,1226.5,10628.8896,2152.8201,663.02
2005-07-15,1227.92,10640.8301,2156.78,663.74
2005-07-18,1221.13,10574.9902,2144.8701,658.56
2005-07-19,1229.35,10646.5596,2173.1799,668.86
2005-07-20,1235.2,10689.1504,2188.5701,677.56
2005-07-21,1227.04,10627.7695,2178.6001,667.1
2005-07-22,1233.6801,10651.1797,2179.74,677.78
2005-07-25,1229.03,10596.4805,2166.74,670.99
2005-07-26,1231.16,10579.7695,2175.99,674.58
2005-07-27,1236.79,10637.0898,2186.22,674.88
2005-07-28,1243.72,10705.5498,2198.4399,683.04
2005-07-29,1234.1801,10640.9102,2184.8301,679.75
2005-08-01,1235.35,10623.1504,2195.3799,682.8
2005-08-02,1244.12,10683.7402,2218.1499,688.51
2005-08-03,1245.04,10697.5898,2216.8101,683.38
2005-08-04,1235.86,10610.0996,2191.3201,671.84
2005-08-05,1226.42,10558.0303,2177.9099,662.79
2005-08-08,1223.13,10536.9297,2164.3899,659.6
2005-08-09,1231.38,10615.6699,2174.1899,660.48
2005-08-10,1229.13,10594.4102,2157.8101,660.16
2005-08-11,1237.8101,10685.8896,2174.55,666.37
2005-08-12,1230.39,10600.3096,2156.8999,660.0
2005-08-15,1233.87,10634.3799,2167.04,665.64
2005-08-16,1219.34,10513.4502,2137.0601,654.61
2005-08-17,1220.24,10550.71,2145.1499,654.82
2005-08-18,1219.02,10554.9297,2136.0801,651.19
2005-08-19,1219.71,10559.2305,2135.5601,652.51
2005-08-22,1221.73,10569.8896,2141.4099,657.47
2005-08-23,1217.59,10519.5801,2137.25,655.47
2005-08-24,1209.59,10434.8701,2128.9099,655.01
2005-08-25,1212.37,10450.6299,2134.3701,657.7
2005-08-26,1205.1,10397.29,2120.77,648.64
2005-08-29,1212.28,10463.0498,2137.6499,655.32
2005-08-30,1208.41,10412.8203,2129.76,653.76
2005-08-31,1220.33,10481.5996,2152.0901,666.51
2005-09-01,1221.59,10459.6299,2147.8999,668.45
2005-09-02,1218.02,10447.3701,2141.0701,663.33
2005-09-06,1233.39,10589.2402,2166.8601,674.48
2005-09-07,1236.36,10633.5,2172.03,677.32
2005-09-08,1231.67,10595.9297,2166.03,673.47
2005-09-09,1241.48,10678.5596,2175.51,678.05
2005-09-12,1240.5601,10682.9404,2182.8301,680.82
2005-09-13,1231.2,10597.4404,2171.75,673.13
2005-09-14,1227.16,10544.9004,2149.3301,666.35
2005-09-15,1227.73,10558.75,2146.1499,665.42
2005-09-16,1237.91,10641.9404,2160.3501,671.98
2005-09-19,1231.02,10557.6299,2145.26,667.02
2005-09-20,1221.34,10481.5195,2131.3301,660.63
2005-09-21,1210.2,10378.0303,2106.6399,649.94
2005-09-22,1214.62,10422.0498,2110.78,651.16
2005-09-23,1215.29,10419.5898,2116.8401,655.46
2005-09-26,1215.63,10443.6299,2121.46,660.2
2005-09-27,1215.66,10456.21,2116.4199,659.17
2005-09-28,1216.89,10473.0898,2115.3999,656.04
2005-09-29,1227.6801,10552.7803,2141.22,665.03
2005-09-30,1228.8101,10568.7002,2151.6899,667.8
2005-10-03,1226.7,10535.4805,2155.4299,670.55
2005-10-04,1214.47,10441.1104,2139.3601,663.84
2005-10-05,1196.39,10317.3604,2103.02,644.98
2005-10-06,1191.49,10287.0996,2084.0801,639.45
2005-10-07,1195.9,10292.3096,2090.3501,644.33
2005-10-10,1187.33,10238.7598,2078.9199,637.97
2005-10-11,1184.87,10253.1699,2061.0901,630.08
2005-10-12,1177.6801,10216.9102,2037.47,621.57
2005-10-13,1176.84,10216.5898,2047.22,623.28
2005-10-14,1186.5699,10287.3398,2064.8301,633.15
2005-10-17,1190.1,10348.0996,2070.3,633.37
2005-10-18,1178.14,10285.2598,2056.0,625.36
2005-10-19,1195.76,10414.1299,2091.24,638.28
2005-10-20,1177.8,10281.0996,2068.1101,627.54
2005-10-21,1179.59,10215.2197,2082.21,632.73
2005-10-24,1199.38,10385.0,2115.8301,646.6
2005-10-25,1196.54,10377.8701,2109.45,642.73
2005-10-26,1191.38,10344.9805,2100.05,638.41
2005-10-27,1178.9,10229.9502,2063.8101,624.03
2005-10-28,1198.41,10402.7695,2089.8799,635.33
2005-10-31,1207.01,10440.0703,2120.3,646.61
2005-11-01,1202.76,10406.7695,2114.05,643.02
2005-11-02,1214.76,10472.7305,2144.3101,657.05
2005-11-03,1219.9399,10522.5898,2160.22,658.77
2005-11-04,1220.14,10530.7598,2169.4299,658.16
2005-11-07,1222.8101,10586.2305,2178.24,661.24
2005-11-08,1218.59,10539.7197,2172.0701,656.23
2005-11-09,1220.65,10546.21,2175.8101,659.83
2005-11-10,1230.96,10640.0996,2196.6799,664.93
2005-11-11,1234.72,10686.04,2202.47,666.66
2005-11-14,1233.76,10697.1699,2200.95,663.93
2005-11-15,1229.01,10686.4404,2186.74,656.23
2005-11-16,1231.21,10674.7598,2187.9299,654.64
2005-11-17,1242.8,10720.2197,2220.46,667.14
2005-11-18,1248.27,10766.3301,2227.0701,672.22
2005-11-21,1254.85,10820.2803,2241.6699,678.96
2005-11-22,1261.23,10871.4297,2253.5601,682.55
2005-11-23,1265.61,10916.0898,2259.98,683.14
2005-11-25,1268.25,10931.6201,2263.01,683.58
2005-11-28,1257.46,10890.7197,2239.3701,671.5
2005-11-29,1257.48,10888.1602,2232.71,673.69
2005-11-30,1249.48,10805.8701,2232.8201,677.29
2005-12-01,1264.67,10912.5703,2267.1699,690.21
2005-12-02,1265.08,10877.5098,2273.3701,690.57
2005-12-05,1262.09,10835.0098,2257.6399,686.57
2005-12-06,1263.7,10856.8604,2260.76,687.58
2005-12-07,1257.37,10810.9102,2252.01,683.01
2005-12-08,1255.84,10755.1201,2246.46,685.22
2005-12-09,1259.37,10778.5801,2256.73,688.77
2005-12-12,1260.4301,10767.7695,2260.95,689.54
2005-12-13,1267.4301,10823.7197,2265.0,689.03
2005-12-14,1272.74,10883.5098,2262.5901,690.5
2005-12-15,1270.9399,10881.6699,2260.6299,684.74
2005-12-16,1267.3199,10875.5898,2252.48,683.09
2005-12-19,1259.92,10836.5303,2222.74,672.25
2005-12-20,1259.62,10805.5498,2222.4199,672.78
2005-12-21,1262.79,10833.7305,2231.6599,679.74
2005-12-22,1268.12,10889.4404,2246.49,684.08
2005-12-23,1268.66,10883.2695,2249.4199,686.44
2005-12-27,1256.54,10777.7695,2226.8899,676.58
2005-12-28,1258.17,10796.2598,2228.9399,680.08
2005-12-29,1254.42,10784.8203,2218.1599,677.96
2005-12-30,1248.29,10717.5,2205.3201,673.22
2006-01-03,1268.8,10847.4102,2243.74,684.05
2006-01-04,1273.46,10880.1504,2263.46,689.25
2006-01-05,1273.48,10882.1504,2276.8701,691.77
2006-01-06,1285.45,10959.3096,2305.6201,699.39
2006-01-09,1290.15,11011.9004,2318.6899,706.24
2006-01-10,1289.6899,11011.5801,2320.3201,710.99
2006-01-11,1294.1801,11043.4404,2331.3601,711.19
2006-01-12,1286.0601,10962.3604,2316.6899,706.79
2006-01-13,1287.61,10959.8701,2317.04,708.44
2006-01-17,1282.9301,10896.3203,2302.6899,703.62
2006-01-18,1277.9301,10854.8604,2279.6399,703.78
2006-01-19,1285.04,10880.71,2301.8101,714.94
2006-01-20,1261.49,10667.3896,2247.7,704.6
2006-01-23,1263.8199,10688.7695,2248.47,707.82
2006-01-24,1266.86,10712.2197,2265.25,718.02
2006-01-25,1264.6801,10709.7402,2260.6499,716.45
2006-01-26,1273.83,10809.4697,2283.0,728.48
2006-01-27,1283.72,10907.21,2304.23,732.22
2006-01-30,1285.1899,10899.9199,2306.78,730.87
2006-01-31,1280.08,10864.8604,2305.8201,733.2
2006-02-01,1282.46,10953.9502,2310.5601,735.48
2006-02-02,1270.84,10851.9805,2281.5701,726.25
2006-02-03,1264.03,10793.6201,2262.5801,724.22
2006-02-06,1265.02,10798.2695,2258.8,727.89
2006-02-07,1254.78,10749.7598,2244.96,717.18
2006-02-08,1265.65,10858.6201,2266.98,721.16
2006-02-09,1263.78,10883.3496,2255.8701,718.16
2006-02-10,1266.99,10919.0498,2261.8799,717.13
2006-02-13,1262.86,10892.3203,2239.8101,710.53
2006-02-14,1275.53,11028.3896,2262.1699,719.7
2006-02-15,1280.0,11058.9697,2276.4299,725.1
2006-02-16,1289.38,11120.6797,2294.6299,731.92
2006-02-17,1287.24,11115.3203,2282.3601,730.94
2006-02-21,1283.03,11069.0596,2262.96,726.78
2006-02-22,1292.67,11137.1699,2283.1699,733.53
2006-02-23,1287.79,11069.2197,2279.3201,732.45
2006-02-24,1289.4301,11061.8496,2287.04,736.6
2006-02-27,1294.12,11097.5498,2307.1799,740.63
2006-02-28,1280.66,10993.4102,2281.3899,730.64
2006-03-01,1291.24,11053.5303,2314.6399,742.35
2006-03-02,1289.14,11025.5098,2311.1101,740.16
2006-03-03,1287.23,11021.5898,2302.6001,738.44
2006-03-06,1278.26,10958.5898,2286.03,731.16
2006-03-07,1275.88,10980.6904,2268.3799,721.06
2006-03-08,1278.47,11005.7402,2267.46,721.84
2006-03-09,1272.23,10972.2803,2249.72,718.28
2006-03-10,1281.42,11076.3398,2262.04,726.34
2006-03-13,1284.13,11076.0195,2267.03,728.04
2006-03-14,1297.48,11151.3398,2295.8999,736.1
2006-03-15,1303.02,11209.7695,2311.8401,742.94
2006-03-16,1305.33,11253.2402,2299.5601,743.79
2006-03-17,1307.25,11279.6504,2306.48,746.09
2006-03-20,1305.08,11274.5303,2314.1101,745.62
2006-03-21,1297.23,11235.4697,2294.23,736.1
2006-03-22,1305.04,11317.4297,2303.3501,744.85
2006-03-23,1301.67,11270.29,2300.1499,747.6
2006-03-24,1302.95,11279.9697,2312.8201,753.83
2006-03-27,1301.61,11250.1104,2315.5801,754.03
2006-03-28,1293.23,11154.54,2304.46,751.27
2006-03-29,1302.89,11215.7002,2337.78,764.17
2006-03-30,1300.25,11150.7002,2340.8201,762.59
2006-03-31,1294.87,11109.3203,2339.79,765.14
2006-04-03,1297.8101,11144.9404,2336.74,759.22
2006-04-04,1305.9301,11203.8496,2345.3601,762.32
2006-04-05,1311.5601,11239.5498,2359.75,766.26
2006-04-06,1309.04,11216.5,2361.1699,766.23
2006-04-07,1295.5,11120.04,2339.02,756.13
2006-04-10,1296.62,11141.3301,2333.27,752.95
2006-04-11,1286.5699,11089.6299,2310.3501,742.11
2006-04-12,1288.12,11129.9697,2314.6799,747.77
2006-04-13,1289.12,11137.6504,2326.1101,751.11
2006-04-17,1285.33,11073.7803,2311.1599,749.47
2006-04-18,1307.28,11268.7695,2356.1399,769.81
2006-04-19,1309.9301,11278.7695,2370.8799,778.42
2006-04-20,1311.46,11342.8896,2362.55,774.67
2006-04-21,1311.28,11347.4502,2342.8601,772.12
2006-04-24,1308.11,11336.3203,2333.3799,766.14
2006-04-25,1301.74,11283.25,2330.3,764.82
2006-04-26,1305.41,11354.4902,2333.6299,765.23
2006-04-27,1309.72,11382.5098,2344.95,761.4
2006-04-28,1310.61,11367.1396,2322.5701,764.54
2006-05-01,1305.1899,11343.29,2304.79,761.12
2006-05-02,1313.21,11416.4502,2309.8401,767.61
2006-05-03,1308.12,11400.2803,2303.97,767.73
2006-05-04,1312.25,11438.8604,2323.8999,774.72
2006-05-05,1325.76,11577.7402,2342.5701,781.83
2006-05-08,1324.66,11584.54,2344.99,781.6
2006-05-09,1325.14,11639.7695,2338.25,780.72
2006-05-10,1322.85,11642.6504,2320.74,775.94
2006-05-11,1305.92,11500.7305,2272.7,757.47
2006-05-12,1291.24,11380.9902,2243.78,742.4
2006-05-15,1294.5,11428.7695,2238.52,737.64
2006-05-16,1292.08,11419.8896,2229.1299,737.47
2006-05-17,1270.3199,11205.6104,2195.8,725.85
2006-05-18,1261.8101,11128.29,2180.3201,718.47
2006-05-19,1267.03,11144.0596,2193.8799,722.54
2006-05-22,1262.0699,11125.3301,2172.8601,715.25
2006-05-23,1256.58,11098.3496,2158.76,711.29
2006-05-24,1258.5699,11117.3203,2169.1699,711.27
2006-05-25,1272.88,11211.0498,2198.24,725.58
2006-05-26,1280.16,11278.6104,2210.3701,729.55
2006-05-30,1259.87,11094.4297,2164.74,711.04
2006-05-31,1270.09,11168.3096,2178.8799,721.01
2006-06-01,1285.71,11260.2803,2219.8601,736.5
2006-06-02,1288.22,11247.8701,2219.4099,737.45
2006-06-05,1265.29,11048.7197,2169.6201,713.92
2006-06-06,1263.85,11002.1396,2162.78,710.96
2006-06-07,1256.15,10930.9004,2151.8,706.78
2006-06-08,1257.9301,10938.8203,2145.3201,706.53
2006-06-09,1252.3,10891.9199,2135.0601,701.39
2006-06-12,1237.4399,10792.5801,2091.3201,683.19
2006-06-13,1223.6899,10706.1396,2072.47,672.72
2006-06-14,1230.04,10816.9199,2086.0,677.09
2006-06-15,1256.16,11015.1904,2144.1499,701.05
2006-06-16,1251.54,11014.5498,2129.95,693.07
2006-06-19,1240.13,10942.1104,2110.4199,680.76
2006-06-20,1240.12,10974.8398,2107.0601,677.5
2006-06-21,1252.2,11079.46,2141.2,690.67
2006-06-22,1245.6,11019.1104,2122.98,688.04
2006-06-23,1244.5,10989.0898,2121.47,690.14
2006-06-26,1250.5601,11045.2803,2133.6699,698.64
2006-06-27,1239.2,10924.7402,2100.25,686.94
2006-06-28,1246.0,10973.5596,2111.8401,688.04
2006-06-29,1272.87,11190.7998,2174.3799,714.32
2006-06-30,1270.2,11150.2197,2172.0901,724.67
2006-07-03,1280.1899,11228.0195,2190.4299,730.8
2006-07-05,1270.91,11151.8203,2153.3401,719.85
2006-07-06,1274.08,11225.2998,2155.0901,720.64
2006-07-07,1265.48,11090.6699,2130.0601,709.3
2006-07-10,1267.34,11103.5498,2116.9299,709.08
2006-07-11,1272.4301,11134.7695,2128.8601,714.39
2006-07-12,1258.6,11013.1797,2090.24,701.17
2006-07-13,1242.28,10846.29,2054.1101,687.29
2006-07-14,1236.2,10739.3496,2037.35,681.24
2006-07-17,1234.49,10747.3604,2037.72,677.69
2006-07-18,1236.86,10799.2305,2043.22,681.64
2006-07-19,1259.8101,11011.4199,2080.71,702.34
2006-07-20,1249.13,10928.0996,2039.42,683.61
2006-07-21,1240.29,10868.3799,2020.39,671.94
2006-07-24,1260.91,11051.0498,2061.8401,690.76
2006-07-25,1268.88,11103.71,2073.8999,697.44
2006-07-26,1268.4,11102.5098,2070.46,694.45
2006-07-27,1263.2,11100.4297,2054.47,685.69
2006-07-28,1278.55,11219.7002,2094.1399,700.03
2006-07-31,1276.66,11185.6797,2091.47,700.56
2006-08-01,1270.92,11125.7305,2061.99,689.89
2006-08-02,1277.41,11199.9297,2078.8101,696.81
2006-08-03,1280.27,11242.5898,2092.3401,704.38
2006-08-04,1279.36,11240.3496,2085.05,701.26
2006-08-07,1275.77,11219.3799,2072.5,696.05
2006-08-08,1271.48,11173.5898,2060.8501,687.47
2006-08-09,1265.95,11076.1797,2060.28,681.05
2006-08-10,1271.8101,11124.3701,2071.74,686.27
2006-08-11,1266.74,11088.0303,2057.71,679.04
2006-08-14,1268.21,11097.8701,2069.04,681.73
2006-08-15,1285.58,11230.2598,2115.01,697.83
2006-08-16,1295.4301,11327.1201,2149.54,707.39
2006-08-17,1297.48,11334.96,2157.6101,710.78
2006-08-18,1302.3,11381.4697,2163.95,711.68
2006-08-21,1297.52,11345.0498,2147.75,705.33
2006-08-22,1298.8199,11339.8398,2150.02,707.76
2006-08-23,1292.99,11297.9004,2134.6599,698.42
2006-08-24,1296.0601,11304.46,2137.1101,698.72
2006-08-25,1295.09,11284.0498,2140.29,699.24
2006-08-28,1301.78,11352.0098,2160.7,706.65
2006-08-29,1304.28,11369.9404,2172.3,714.85
2006-08-30,1305.37,11382.9102,2185.73,720.58
2006-08-31,1303.8199,11381.1504,2183.75,720.53
2006-09-01,1311.01,11464.1504,2193.1599,721.56
2006-09-05,1313.25,11469.2803,2205.7,727.51
2006-09-06,1300.26,11406.2002,2167.8401,712.04
2006-09-07,1294.02,11331.4404,2155.29,706.47
2006-09-08,1298.92,11392.1104,2165.79,708.54
2006-09-11,1299.54,11396.8398,2173.25,707.57
2006-09-12,1313.0,11498.0898,2215.8201,724.48
2006-09-13,1318.0699,11543.3203,2227.6699,730.7
2006-09-14,1316.28,11527.3896,2228.73,727.6
2006-09-15,1319.66,11560.7695,2235.5901,729.46
2006-09-18,1321.1801,11555.0,2235.75,728.84
2006-09-19,1317.64,11540.9102,2222.3701,725.12
2006-09-20,1325.1801,11613.1904,2252.8899,734.48
2006-09-21,1318.03,11533.2305,2237.75,727.13
2006-09-22,1314.78,11508.0996,2218.9299,718.63
2006-09-25,1326.37,11575.8096,2249.0701,727.09
2006-09-26,1336.35,11669.3896,2261.3401,729.61
2006-09-27,1336.59,11689.2402,2263.3899,732.54
2006-09-28,1338.88,11718.4502,2270.02,732.56
2006-09-29,1335.85,11679.0703,2258.4299,725.59
2006-10-02,1331.3199,11670.3496,2237.6001,718.81
2006-10-03,1334.11,11727.3398,2243.6499,718.35
2006-10-04,1350.2,11850.6104,2290.95,733.48
2006-10-05,1353.22,11866.6904,2306.3401,743.08
2006-10-06,1349.59,11850.21,2299.99,739.81
2006-10-09,1350.66,11857.8096,2311.77,744.57
2006-10-10,1353.42,11867.1699,2315.4299,745.88
2006-10-11,1349.95,11852.1299,2308.27,741.71
2006-10-12,1362.83,11947.7002,2346.1799,757.09
2006-10-13,1365.62,11960.5098,2357.29,762.65
2006-10-16,1369.0601,11980.5996,2363.8401,769.48
2006-10-17,1364.05,11950.0195,2344.95,764.91
2006-10-18,1365.8,11992.6797,2337.1499,763.4
2006-10-19,1366.96,12011.7305,2340.9399,767.39
2006-10-20,1368.6,12002.3701,2342.3,762.13
2006-10-23,1377.02,12116.9102,2355.5601,763.52
2006-10-24,1377.38,12127.8799,2344.8401,762.43
2006-10-25,1382.22,12134.6797,2356.5901,767.15
2006-10-26,1389.08,12163.6602,2379.1001,776.04
2006-10-27,1377.34,12090.2598,2350.6201,765.84
2006-10-30,1377.9301,12086.5,2363.77,770.36
2006-10-31,1377.9399,12080.7305,2366.71,766.84
2006-11-01,1367.8101,12031.0195,2334.3501,752.15
2006-11-02,1367.34,12018.54,2334.02,750.12
2006-11-03,1364.3,11986.04,2330.79,752.73
2006-11-06,1379.78,12105.5498,2365.95,763.08
2006-11-07,1382.84,12156.7695,2375.8799,764.39
2006-11-08,1385.72,12176.54,2384.9399,769.84
2006-11-09,1378.33,12103.2998,2376.01,762.06
2006-11-10,1380.9,12108.4297,2389.72,769.15
2006-11-13,1384.42,12131.8799,2406.3799,772.41
2006-11-14,1393.22,12218.0098,2430.6599,785.06
2006-11-15,1396.5699,12251.71,2442.75,791.96
2006-11-16,1399.76,12305.8203,2449.0601,790.75
2006-11-17,1401.2,12342.5596,2445.8601,788.47
2006-11-20,1400.5,12316.54,2452.72,790.62
2006-11-21,1402.8101,12321.5898,2454.8401,792.17
2006-11-22,1406.09,12326.9502,2465.98,792.91
2006-11-24,1400.95,12280.1699,2460.26,792.28
2006-11-27,1381.96,12121.71,2405.9199,772.11
2006-11-28,1386.72,12136.4502,2412.6101,774.82
2006-11-29,1399.48,12226.7305,2432.23,784.16
2006-11-30,1400.63,12221.9297,2431.77,786.12
2006-12-01,1396.71,12194.1299,2413.21,781.17
2006-12-04,1409.12,12283.8496,2448.3899,795.85
2006-12-05,1414.76,12331.5996,2452.3799,797.42
2006-12-06,1412.9,12309.25,2445.8601,795.94
2006-12-07,1407.29,12278.4102,2427.6899,792.29
2006-12-08,1409.84,12307.4902,2437.3601,792.56
2006-12-11,1413.04,12328.4805,2442.8601,793.07
2006-12-12,1411.5601,12315.5801,2431.6001,788.41
2006-12-13,1413.21,12317.5,2432.4099,788.75
2006-12-14,1425.49,12416.7598,2453.8501,794.22
2006-12-15,1427.09,12445.5195,2457.2,792.71
2006-12-18,1422.48,12441.2695,2435.5701,782.02
2006-12-19,1425.55,12471.3203,2429.55,782.1
2006-12-20,1423.53,12463.8701,2427.6101,785.56
2006-12-21,1418.3,12421.25,2415.8501,782.9
2006-12-22,1410.76,12343.2197,2401.1799,780.82
2006-12-26,1416.9,12407.6299,2413.51,788.17
2006-12-27,1426.84,12510.5703,2431.22,797.73
2006-12-28,1424.73,12501.5195,2425.5701,794.48
2006-12-29,1418.3,12463.1504,2415.29,787.66
2007-01-03,1416.6,12474.5195,2423.1599,787.42
2007-01-04,1418.34,12480.6904,2453.4299,789.95
2007-01-05,1409.71,12398.0098,2434.25,775.87
2007-01-08,1412.84,12423.4902,2438.2,776.99
2007-01-09,1412.11,12416.5996,2443.8301,778.33
2007-01-10,1414.85,12442.1602,2459.3301,778.87
2007-01-11,1423.8199,12514.9805,2484.8501,788.45
2007-01-12,1430.73,12556.0801,2502.8201,794.26
2007-01-16,1431.9,12582.5898,2497.78,791.48
2007-01-17,1430.62,12577.1504,2479.4199,788.77
2007-01-18,1426.37,12567.9297,2443.21,778.21
2007-01-19,1430.5,12565.5303,2451.3101,785.16
2007-01-22,1422.95,12477.1602,2431.0701,777.96
2007-01-23,1427.99,12533.7998,2431.4099,785.38
2007-01-24,1440.13,12621.7695,2466.28,794.03
2007-01-25,1423.9,12502.5596,2434.24,784.19
2007-01-26,1422.1801,12487.0195,2435.49,788.14
2007-01-29,1420.62,12490.7803,2441.0901,793.1
2007-01-30,1428.8199,12523.3096,2448.6399,797.97
2007-01-31,1438.24,12621.6904,2463.9299,800.34
2007-02-01,1445.9399,12673.6797,2468.3799,807.77
2007-02-02,1448.39,12653.4902,2475.8799,809.42
2007-02-05,1446.99,12661.7402,2470.6001,806.69
2007-02-06,1448.0,12666.3096,2471.49,810.41
2007-02-07,1450.02,12666.8701,2490.5,816.2
2007-02-08,1448.3101,12637.6299,2488.6699,816.39
2007-02-09,1438.0601,12580.8301,2459.8201,807.11
2007-02-12,1433.37,12552.5498,2450.3799,805.79
2007-02-13,1444.26,12654.8496,2459.8799,812.53
2007-02-14,1455.3,12741.8604,2488.3799,813.99
2007-02-15,1456.8101,12765.0098,2497.1001,815.43
2007-02-16,1455.54,12767.5703,2496.3101,818.15
2007-02-20,1459.6801,12786.6396,2513.04,826.11
2007-02-21,1457.63,12738.4102,2518.4199,827.33
2007-02-22,1456.38,12686.0195,2524.9399,829.44
2007-02-23,1451.1899,12647.4805,2515.1001,826.64
2007-02-26,1449.37,12632.2598,2504.52,823.69
2007-02-27,1399.04,12216.2402,2407.8601,792.66
2007-02-28,1406.8199,12268.6299,2416.1499,793.3
2007-03-01,1403.17,12234.3398,2404.21,791.03
2007-03-02,1387.17,12114.0996,2368.0,775.44
2007-03-05,1374.12,12050.4102,2340.6799,760.06
2007-03-06,1395.41,12207.5898,2385.1399,778.88
2007-03-07,1391.97,12192.4502,2374.6399,775.9
2007-03-08,1401.89,12260.7002,2387.73,781.14
2007-03-09,1402.84,12276.3203,2387.55,785.12
2007-03-12,1406.6,12318.6201,2402.29,789.0
2007-03-13,1377.95,12075.96,2350.5701,769.12
2007-03-14,1387.17,12133.4004,2371.74,775.68
2007-03-15,1392.28,12159.6797,2378.7,783.61
2007-03-16,1386.95,12110.4102,2372.6599,778.77
2007-03-19,1402.0601,12226.1699,2394.4099,787.05
2007-03-20,1410.9399,12288.0996,2408.21,793.6
2007-03-21,1435.04,12447.5195,2455.9199,807.47
2007-03-22,1434.54,12461.1396,2451.74,808.05
2007-03-23,1436.11,12481.0098,2448.9299,809.51
2007-03-26,1437.5,12469.0703,2455.6299,808.94
2007-03-27,1428.61,12397.29,2437.4299,802.36
2007-03-28,1417.23,12300.3604,2417.1001,797.4
2007-03-29,1422.53,12348.75,2417.8799,798.94
2007-03-30,1420.86,12354.3496,2421.6399,800.71
2007-04-02,1424.55,12382.2998,2422.26,803.22
2007-04-03,1437.77,12510.2998,2450.3301,811.77
2007-04-04,1439.37,12530.0498,2458.6899,810.79
2007-04-05,1443.76,12560.2002,2471.3401,813.35
2007-04-09,1444.61,12569.1396,2469.1799,811.64
2007-04-10,1448.39,12573.8496,2477.6101,814.51
2007-04-11,1438.87,12484.6201,2459.3101,808.24
2007-04-12,1447.8,12552.96,2480.3201,815.05
2007-04-13,1452.85,12612.1299,2491.9399,819.38
2007-04-16,1468.33,12720.46,2518.3301,831.44
2007-04-17,1471.48,12773.04,2516.95,828.96
2007-04-18,1472.5,12803.8398,2510.5,824.38
2007-04-19,1470.73,12808.6299,2505.3501,819.32
2007-04-20,1484.35,12961.9805,2526.3899,828.86
2007-04-23,1480.9301,12919.4004,2523.6699,827.55
2007-04-24,1480.41,12953.9404,2524.54,826.36
2007-04-25,1495.42,13089.8896,2547.8899,832.07
2007-04-26,1494.25,13105.5,2554.46,833.8
2007-04-27,1494.0699,13120.9404,2557.21,829.7
2007-04-30,1482.37,13062.9102,2525.0901,814.57
2007-05-01,1486.3,13136.1396,2531.53,816.25
2007-05-02,1495.92,13211.8799,2557.8401,828.46
2007-05-03,1502.39,13241.3799,2565.46,828.87
2007-05-04,1505.62,13264.6201,2572.1499,832.88
2007-05-07,1509.48,13312.9697,2570.95,831.87
2007-05-08,1507.72,13309.0703,2571.75,830.9
2007-05-09,1512.58,13362.8701,2576.3401,834.77
2007-05-10,1491.47,13215.1299,2533.74,818.63
2007-05-11,1505.85,13326.2197,2562.22,829.54
2007-05-14,1503.15,13346.7803,2546.4399,822.33
2007-05-15,1501.1899,13383.8398,2525.29,814.18
2007-05-16,1514.14,13487.5303,2547.4199,820.2
2007-05-17,1512.75,13476.7197,2539.3799,815.64
2007-05-18,1522.75,13556.5303,2558.45,823.66
2007-05-21,1525.1,13542.8799,2578.79,833.65
2007-05-22,1524.12,13539.9502,2588.02,839.92
2007-05-23,1522.28,13525.6504,2577.05,836.54
2007-05-24,1507.51,13441.1299,2537.9199,823.8
2007-05-25,1515.73,13507.2803,2557.1899,829.93
2007-05-29,1518.11,13521.3398,2572.0601,837.53
2007-05-30,1530.23,13633.0801,2592.5901,843.35
2007-05-31,1530.62,13627.6396,2604.52,847.18
2007-06-01,1536.34,13668.1104,2613.9199,853.45
2007-06-04,1539.1801,13676.3203,2618.29,855.09
2007-06-05,1530.95,13595.46,2611.23,848.25
2007-06-06,1517.38,13465.6699,2587.1799,841.21
2007-06-07,1490.72,13266.7305,2541.3799,825.32
2007-06-08,1507.67,13424.3896,2573.54,835.31
2007-06-11,1509.12,13424.96,2572.1499,833.18
2007-06-12,1493.0,13295.0098,2549.77,821.72
2007-06-13,1515.67,13482.3496,2582.3101,832.54
2007-06-14,1522.97,13553.7305,2599.4099,837.12
2007-06-15,1532.91,13639.4805,2626.71,848.19
2007-06-18,1531.05,13612.9805,2626.6001,846.28
2007-06-19,1533.7,13635.4199,2626.76,848.34
2007-06-20,1512.84,13489.4199,2599.96,836.18
2007-06-21,1522.1899,13545.8398,2616.96,839.81
2007-06-22,1502.5601,13360.2598,2588.96,834.75
2007-06-25,1497.74,13352.0498,2577.0801,827.46
2007-06-26,1492.89,13337.6602,2574.1599,826.13
2007-06-27,1506.34,13427.7305,2605.3501,838.46
2007-06-28,1505.71,13422.2803,2608.3701,839.04
2007-06-29,1503.35,13408.6201,2603.23,833.7
2007-07-02,1519.4301,13535.4297,2632.3,845.06
2007-07-03,1524.87,13577.2998,2644.95,848.2
2007-07-05,1525.4,13565.8398,2656.6499,850.13
2007-07-06,1530.4399,13611.6797,2666.51,852.31
2007-07-09,1531.85,13649.9697,2670.02,853.24
2007-07-10,1510.12,13501.7002,2639.1599,837.48
2007-07-11,1518.76,13577.8701,2651.79,839.97
2007-07-12,1547.7,13861.7305,2701.73,855.18
2007-07-13,1552.5,13907.25,2707.0,855.77
2007-07-16,1549.52,13950.9805,2697.3301,848.47
2007-07-17,1549.37,13971.5498,2712.29,849.89
2007-07-18,1546.17,13918.2197,2699.49,845.91
2007-07-19,1553.08,14000.4102,2720.04,851.85
2007-07-20,1534.1,13851.0801,2687.6001,836.44
2007-07-23,1541.5699,13943.4199,2690.5801,835.62
2007-07-24,1511.04,13716.9502,2639.8601,811.86
2007-07-25,1518.09,13785.0703,2648.1699,812.5
2007-07-26,1482.66,13473.5703,2599.3401,791.48
2007-07-27,1458.95,13265.4697,2562.24,777.83
2007-07-30,1473.91,13358.3096,2583.28,784.23
2007-07-31,1455.27,13211.9902,2546.27,776.12
2007-08-01,1465.8101,13362.3701,2553.8701,777.92
2007-08-02,1472.2,13463.3301,2575.98,783.99
2007-08-03,1433.0601,13181.9102,2511.25,755.42
2007-08-06,1467.67,13468.7803,2547.3301,766.39
2007-08-07,1476.71,13504.2998,2561.6001,774.13
2007-08-08,1497.49,13657.8604,2612.98,795.66
2007-08-09,1453.09,13270.6797,2556.49,784.87
2007-08-10,1453.64,13239.54,2544.8899,788.78
2007-08-13,1452.92,13236.5303,2542.24,779.81
2007-08-14,1426.54,13028.9199,2499.1201,762.87
2007-08-15,1406.7,12861.4697,2458.8301,751.54
2007-08-16,1411.27,12845.7803,2451.0701,768.83
2007-08-17,1445.9399,13079.0801,2505.03,786.03
2007-08-20,1445.55,13121.3496,2508.5901,787.45
2007-08-21,1447.12,13090.8604,2521.3,788.38
2007-08-22,1464.0699,13236.1299,2552.8,798.56
2007-08-23,1462.5,13235.8799,2541.7,788.25
2007-08-24,1479.37,13378.8701,2576.6899,798.93
2007-08-27,1466.79,13322.1299,2561.25,789.45
2007-08-28,1432.36,13041.8496,2500.6399,767.83
2007-08-29,1463.76,13289.29,2563.1599,787.32
2007-08-30,1457.64,13238.7305,2565.3,783.11
2007-08-31,1473.99,13357.7402,2596.3601,792.86
2007-09-04,1489.42,13448.8604,2630.24,800.69
2007-09-05,1472.29,13305.4697,2605.95,790.46
2007-09-06,1478.55,13363.3496,2614.3201,792.92
2007-09-07,1453.55,13113.3799,2565.7,775.79
2007-09-10,1451.7,13127.8496,2559.1101,769.81
2007-09-11,1471.49,13308.3896,2597.47,782.27
2007-09-12,1471.5601,13291.6504,2592.0701,777.9
2007-09-13,1483.95,13424.8799,2601.0601,780.35
2007-09-14,1484.25,13442.5195,2602.1799,783.49
2007-09-17,1476.65,13403.4199,2581.6599,775.81
2007-09-18,1519.78,13739.3896,2651.6599,806.63
2007-09-19,1529.03,13815.5596,2666.48,817.4
2007-09-20,1518.75,13766.7002,2654.29,809.76
2007-09-21,1525.75,13820.1904,2671.22,813.11
2007-09-24,1517.73,13759.0596,2667.95,805.8
2007-09-25,1517.21,13778.6504,2683.45,803.0
2007-09-26,1525.42,13878.1504,2699.03,809.12
2007-09-27,1531.38,13912.9404,2709.5901,814.01
2007-09-28,1526.75,13895.6299,2701.5,805.45
2007-10-01,1547.04,14087.5498,2740.99,824.74
2007-10-02,1546.63,14047.3096,2747.1101,831.97
2007-10-03,1539.59,13968.0498,2729.4299,826.15
2007-10-04,1542.84,13974.3096,2733.5701,829.15
2007-10-05,1557.59,14066.0098,2780.3201,844.88
2007-10-08,1552.58,14043.7305,2787.3701,840.14
2007-10-09,1565.15,14164.5303,2803.9099,845.72
2007-10-10,1562.47,14078.6904,2811.6101,845.19
2007-10-11,1554.41,14015.1201,2772.2,834.98
2007-10-12,1561.8,14093.0801,2805.6799,841.17
2007-10-15,1548.71,13984.7998,2780.05,829.36
2007-10-16,1538.53,13912.9404,2763.9099,823.35
2007-10-17,1541.24,13892.54,2792.6699,824.89
2007-10-18,1540.08,13888.96,2799.3101,825.03
2007-10-19,1500.63,13522.0195,2725.1599,798.79
2007-10-22,1506.33,13566.9697,2753.9299,810.08
2007-10-23,1519.59,13676.2305,2799.26,818.53
2007-10-24,1515.88,13675.25,2774.76,810.85
2007-10-25,1514.4,13671.9199,2750.8601,806.11
2007-10-26,1535.28,13806.7002,2804.1899,821.39
2007-10-29,1540.98,13870.2598,2817.4399,821.72
2007-10-30,1531.02,13792.4697,2816.71,816.15
2007-10-31,1549.38,13930.0098,2859.1201,828.02
2007-11-01,1508.4399,13567.8701,2794.8301,795.18
2007-11-02,1509.65,13595.0996,2810.3799,797.78
2007-11-05,1502.17,13543.4004,2795.1799,790.43
2007-11-06,1520.27,13660.9404,2825.1799,801.77
2007-11-07,1475.62,13300.0195,2748.76,775.96
2007-11-08,1474.77,13266.29,2696.0,780.9
2007-11-09,1453.7,13042.7402,2627.9399,772.38
2007-11-12,1439.1801,12987.5498,2584.1299,767.09
2007-11-13,1481.05,13307.0898,2673.6499,789.15
2007-11-14,1470.58,13231.0098,2644.3201,782.47
2007-11-15,1451.15,13110.0498,2618.51,771.6
2007-11-16,1458.74,13176.79,2637.24,769.5
2007-11-19,1433.27,12958.4404,2593.3799,750.33
2007-11-20,1439.7,13010.1396,2596.8101,749.33
2007-11-21,1416.77,12799.04,2562.1499,740.3
2007-11-23,1440.7,12980.8799,2596.6001,755.03
2007-11-26,1407.22,12743.4404,2540.99,735.07
2007-11-27,1428.23,12958.4404,2580.8,743.27
2007-11-28,1469.02,13289.4502,2662.9099,770.04
2007-11-29,1469.72,13311.7305,2668.1299,766.06
2007-11-30,1481.14,13371.7197,2660.96,767.77
2007-12-03,1472.42,13314.5703,2637.1299,759.97
2007-12-04,1462.79,13248.7305,2619.8301,752.06
2007-12-05,1485.01,13444.96,2666.3601,765.64
2007-12-06,1507.34,13619.8896,2709.03,786.95
2007-12-07,1504.66,13625.5801,2706.1599,785.52
2007-12-10,1515.96,13727.0303,2718.95,791.2
2007-12-11,1477.65,13432.7695,2652.3501,766.27
2007-12-12,1486.59,13473.9004,2671.1399,771.71
2007-12-13,1488.41,13517.96,2668.49,769.46
2007-12-14,1467.95,13339.8496,2635.74,753.93
2007-12-17,1445.9,13167.2002,2574.46,739.06
2007-12-18,1454.98,13232.4697,2596.03,754.06
2007-12-19,1453.0,13207.2695,2601.01,756.13
2007-12-20,1460.12,13245.6396,2640.8601,767.54
2007-12-21,1484.46,13450.6504,2691.99,785.6
2007-12-24,1496.45,13550.04,2713.5,794.39
2007-12-26,1497.66,13551.6904,2724.4099,797.03
2007-12-27,1476.27,13359.6104,2676.79,773.51
2007-12-28,1478.49,13365.8701,2674.46,771.76
2007-12-31,1468.36,13264.8203,2652.28,766.03
2008-01-02,1447.16,13043.96,2609.6299,753.55
2008-01-03,1447.16,13056.7197,2602.6799,745.01
2008-01-04,1411.63,12800.1797,2504.6499,721.6
2008-01-07,1416.1801,12827.4902,2499.46,723.95
2008-01-08,1390.1899,12589.0703,2440.51,704.86
2008-01-09,1409.13,12735.3096,2474.55,712.12
2008-01-10,1420.33,12853.0898,2488.52,720.21
2008-01-11,1401.02,12606.2998,2439.9399,704.65
2008-01-14,1416.25,12778.1504,2478.3,712.48
2008-01-15,1380.95,12501.1104,2417.5901,697.43
2008-01-16,1373.2,12466.1602,2394.5901,699.91
2008-01-17,1333.25,12159.21,2346.8999,680.57
2008-01-18,1325.1899,12099.2998,2340.02,673.18
2008-01-22,1310.5,11971.1904,2292.27,671.57
2008-01-23,1338.6,12270.1699,2316.4099,693.43
2008-01-24,1352.0699,12378.6104,2360.9199,692.72
2008-01-25,1330.61,12207.1699,2326.2,688.6
2008-01-28,1353.96,12383.8896,2349.9099,702.39
2008-01-29,1362.3,12480.2998,2358.0601,705.2
2008-01-30,1355.8101,12442.8301,2349.0,695.49
2008-01-31,1378.55,12650.3604,2389.8601,713.3
2008-02-01,1395.42,12743.1904,2413.3601,730.5
2008-02-04,1380.8199,12635.1602,2382.8501,723.46
2008-02-05,1336.64,12265.1299,2309.5701,701.58
2008-02-06,1326.45,12200.0996,2278.75,692.49
2008-02-07,1336.91,12247.0,2293.03,702.78
2008-02-08,1331.29,12182.1299,2304.8501,698.9
2008-02-11,1339.13,12240.0098,2320.0601,699.75
2008-02-12,1348.86,12373.4102,2320.04,705.48
2008-02-13,1367.21,12552.2402,2373.9299,721.93
2008-02-14,1348.86,12376.9805,2332.54,705.32
2008-02-15,1349.99,12348.21,2321.8,701.52
2008-02-19,1348.78,12337.2197,2306.2,702.34
2008-02-20,1360.03,12427.2598,2327.1001,710.02
2008-02-21,1342.53,12284.2998,2299.78,696.28
2008-02-22,1353.11,12381.0195,2303.3501,695.43
2008-02-25,1371.8,12570.2197,2327.48,710.46
2008-02-26,1381.29,12684.9199,2344.99,717.32
2008-02-27,1380.02,12694.2803,2353.78,716.44
2008-02-28,1367.6801,12582.1797,2331.5701,705.72
2008-02-29,1330.63,12266.3896,2271.48,686.18
2008-03-03,1331.34,12258.9004,2258.6001,684.22
2008-03-04,1326.75,12213.7998,2260.28,680.98
2008-03-05,1333.7,12254.9902,2272.8101,683.74
2008-03-06,1304.34,12040.3896,2220.5,662.78
2008-03-07,1293.37,11893.6904,2212.49,660.11
2008-03-10,1273.37,11740.1504,2169.3401,643.97
2008-03-11,1320.65,12156.8096,2255.76,673.81
2008-03-12,1308.77,12110.2402,2243.8701,667.31
2008-03-13,1315.48,12145.7402,2263.6101,679.71
2008-03-14,1288.14,11951.0898,2212.49,662.9
2008-03-17,1276.6,11972.25,2177.01,650.48
2008-03-18,1330.74,12392.6602,2268.26,681.93
2008-03-19,1298.42,12099.6602,2209.96,664.13
2008-03-20,1329.51,12361.3203,2258.1101,681.42
2008-03-24,1349.88,12548.6396,2326.75,701.28
2008-03-25,1352.99,12532.5996,2341.05,705.27
2008-03-26,1341.13,12422.8604,2324.3601,702.11
2008-03-27,1325.76,12302.46,2280.8301,692.39
2008-03-28,1315.22,12216.4004,2261.1799,683.18
2008-03-31,1322.7,12262.8896,2279.1001,687.97
2008-04-01,1370.1801,12654.3604,2362.75,710.65
2008-04-02,1367.53,12608.9199,2361.3999,712.27
2008-04-03,1369.3101,12626.0303,2363.3,713.57
2008-04-04,1370.4,12609.4199,2370.98,713.73
2008-04-07,1372.54,12612.4297,2364.8301,712.68
2008-04-08,1365.54,12576.4404,2348.76,711.92
2008-04-09,1354.49,12527.2598,2322.1201,698.38
2008-04-10,1360.55,12581.9805,2351.7,707.42
2008-04-11,1332.83,12325.4199,2290.24,688.16
2008-04-14,1328.3199,12302.0596,2275.8201,686.07
2008-04-15,1334.4301,12362.4697,2286.04,692.06
2008-04-16,1364.71,12619.2695,2350.1101,713.39
2008-04-17,1365.5601,12620.4902,2341.8301,708.0
2008-04-18,1390.33,12849.3604,2402.97,721.07
2008-04-21,1388.17,12825.0195,2408.04,718.0
2008-04-22,1375.9399,12720.2305,2376.9399,703.71
2008-04-23,1379.9301,12763.2197,2405.21,708.11
2008-04-24,1388.8199,12848.9502,2428.9199,717.07
2008-04-25,1397.84,12891.8604,2422.9299,721.88
2008-04-28,1396.37,12871.75,2424.3999,725.37
2008-04-29,1390.9399,12831.9404,2426.1001,718.93
2008-04-30,1385.59,12820.1299,2412.8,716.18
2008-05-01,1409.34,13010.0,2480.71,729.75
2008-05-02,1413.9,13058.2002,2476.99,725.74
2008-05-05,1407.49,12969.54,2464.1201,724.35
2008-05-06,1418.26,13020.8301,2483.3101,729.79
2008-05-07,1392.5699,12814.3496,2438.49,716.21
2008-05-08,1397.6801,12866.7803,2451.24,719.55
2008-05-09,1388.28,12745.8799,2445.52,720.05
2008-05-12,1403.58,12876.3096,2488.49,733.23
2008-05-13,1403.04,12832.1797,2495.1201,736.85
2008-05-14,1408.66,12898.3799,2496.7,736.07
2008-05-15,1423.5699,12992.6602,2533.73,743.38
2008-05-16,1425.35,12986.7998,2528.8501,741.17
2008-05-19,1426.63,13028.1602,2516.0901,738.45
2008-05-20,1413.4,12828.6797,2492.26,735.64
2008-05-21,1390.71,12601.1904,2448.27,727.11
2008-05-22,1394.35,12625.6201,2464.5801,733.01
2008-05-23,1375.9301,12479.6299,2444.6699,724.1
2008-05-27,1385.35,12548.3496,2481.24,734.39
2008-05-28,1390.84,12594.0303,2486.7,738.46
2008-05-29,1398.26,12646.2197,2508.3201,745.55
2008-05-30,1400.38,12638.3203,2522.6599,748.28
2008-06-02,1385.67,12503.8203,2491.53,741.02
2008-06-03,1377.65,12402.8496,2480.48,739.0
2008-06-04,1377.2,12390.4805,2503.1399,743.71
2008-06-05,1404.05,12604.4502,2549.9399,763.27
2008-06-06,1360.6801,12209.8096,2474.5601,740.37
2008-06-09,1361.76,12280.3203,2459.46,735.25
2008-06-10,1358.4399,12289.7598,2448.9399,732.62
2008-06-11,1335.49,12083.7695,2394.01,717.88
2008-06-12,1339.87,12141.5801,2404.3501,719.84
2008-06-13,1360.03,12307.3496,2454.5,733.61
2008-06-16,1360.14,12269.0801,2474.78,740.74
2008-06-17,1350.9301,12160.2998,2457.73,736.57
2008-06-18,1337.8101,12029.0596,2429.71,730.71
2008-06-19,1342.83,12063.0898,2462.0601,737.83
2008-06-20,1317.9301,11842.6904,2406.0901,725.73
2008-06-23,1318.0,11842.3604,2385.74,719.81
2008-06-24,1314.29,11807.4297,2368.28,707.92
2008-06-25,1321.97,11811.8301,2401.26,716.3
2008-06-26,1283.15,11453.4199,2321.3701,698.42
2008-06-27,1278.38,11346.5098,2315.6299,698.14
2008-06-30,1280.0,11350.0098,2292.98,689.66
2008-07-01,1284.91,11382.2598,2304.97,691.59
2008-07-02,1261.52,11215.5098,2251.46,672.34
2008-07-03,1262.9,11288.54,2245.3799,665.78
2008-07-07,1252.3101,11231.96,2243.3201,658.26
2008-07-08,1273.7,11384.21,2294.4399,682.72
2008-07-09,1244.6899,11147.4404,2234.8899,663.75
2008-07-10,1253.39,11229.0195,2257.8501,670.44
2008-07-11,1239.49,11100.54,2239.0801,674.95
2008-07-14,1228.3,11055.1904,2212.8701,664.5
2008-07-15,1214.91,10962.54,2215.71,662.35
2008-07-16,1245.36,11239.2803,2284.8501,686.75
2008-07-17,1260.3199,11446.6602,2312.3,696.63
2008-07-18,1260.6801,11496.5703,2282.78,693.08
2008-07-21,1260.0,11467.3398,2279.53,697.63
2008-07-22,1277.0,11602.5,2303.96,716.82
2008-07-23,1282.1899,11632.3799,2325.8799,719.19
2008-07-24,1252.54,11349.2803,2280.1101,702.39
2008-07-25,1257.76,11370.6904,2310.53,710.34
2008-07-28,1234.37,11131.0801,2264.22,696.11
2008-07-29,1263.2,11397.5596,2319.6201,714.55
2008-07-30,1284.26,11583.6904,2329.72,718.86
2008-07-31,1267.38,11378.0195,2325.55,714.52
2008-08-01,1260.3101,11326.3203,2310.96,716.16
2008-08-04,1249.01,11284.1504,2285.5601,704.14
2008-08-05,1284.88,11615.7695,2349.8301,721.04
2008-08-06,1289.1899,11656.0703,2378.3701,725.9
2008-08-07,1266.0699,11431.4297,2355.73,713.41
2008-08-08,1296.3199,11734.3203,2414.1001,734.3
2008-08-11,1305.3199,11782.3496,2439.95,751.06
2008-08-12,1289.59,11642.4697,2430.6101,744.94
2008-08-13,1285.83,11532.96,2428.6201,747.69
2008-08-14,1292.9301,11615.9297,2453.6699,754.38
2008-08-15,1298.2,11659.9004,2452.52,753.37
2008-08-18,1278.6,11479.3896,2416.98,741.97
2008-08-19,1266.6899,11348.5498,2384.3601,730.03
2008-08-20,1274.54,11417.4297,2389.0801,731.6
2008-08-21,1277.72,11430.21,2380.3799,725.25
2008-08-22,1292.2,11628.0596,2414.71,737.6
2008-08-25,1266.84,11386.25,2365.5901,720.54
2008-08-26,1271.51,11412.8701,2361.97,723.51
2008-08-27,1281.66,11502.5098,2382.46,732.95
2008-08-28,1300.6801,11715.1797,2411.6399,747.79
2008-08-29,1282.83,11543.96,2367.52,739.5
2008-09-02,1277.58,11516.9199,2349.24,738.51
2008-09-03,1274.98,11532.8799,2333.73,741.91
2008-09-04,1236.83,11188.2305,2259.04,718.62
2008-09-05,1242.3101,11220.96,2255.8799,718.85
2008-09-08,1267.79,11510.7402,2269.76,732.86
2008-09-09,1224.51,11230.7305,2209.8101,707.29
2008-09-10,1232.04,11268.9199,2228.7,717.16
2008-09-11,1249.05,11433.71,2258.22,719.0
2008-09-12,1251.7,11421.9902,2261.27,720.26
2008-09-15,1192.7,10917.5098,2179.9099,689.76
2008-09-16,1213.6,11059.0195,2207.8999,710.65
2008-09-17,1156.39,10609.6602,2098.8501,676.38
2008-09-18,1206.51,11019.6904,2199.1001,723.68
2008-09-19,1255.08,11388.4404,2273.8999,753.74
2008-09-22,1207.09,11015.6904,2178.98,720.44
2008-09-23,1188.22,10854.1699,2153.3301,709.19
2008-09-24,1185.87,10825.1699,2155.6799,697.77
2008-09-25,1209.1801,11022.0596,2186.5701,705.74
2008-09-26,1213.27,11143.1299,2183.3401,704.79
2008-09-29,1106.42,10365.4502,1983.73,657.72
2008-09-30,1166.36,10850.6602,2091.8799,679.58
2008-10-01,1161.0601,10831.0703,2069.3999,671.59
2008-10-02,1114.28,10482.8496,1976.72,637.67
2008-10-03,1099.23,10325.3799,1947.39,619.4
2008-10-06,1056.89,9955.5,1862.96,595.91
2008-10-07,996.23,9447.1104,1754.88,558.95
2008-10-08,984.94,9258.0996,1740.33,546.57
2008-10-09,909.92,8579.1904,1645.12,499.2
2008-10-10,899.22,8451.1904,1649.51,522.48
2008-10-13,1003.35,9387.6104,1844.25,570.89
2008-10-14,998.01,9310.9902,1779.01,554.65
2008-10-15,907.84,8577.9102,1628.33,502.11
2008-10-16,946.43,8979.2598,1717.71,536.57
2008-10-17,940.55,8852.2197,1711.29,526.43
2008-10-20,985.4,9265.4297,1770.03,546.84
2008-10-21,955.05,9033.6602,1696.6801,530.65
2008-10-22,896.78,8519.21,1615.75,501.97
2008-10-23,908.11,8691.25,1603.91,489.92
2008-10-24,876.77,8378.9502,1552.03,471.12
2008-10-27,848.92,8175.77,1505.9,448.4
2008-10-28,940.51,9065.1201,1649.47,482.55
2008-10-29,930.09,8990.96,1657.21,490.88
2008-10-30,954.09,9180.6904,1698.52,514.18
2008-10-31,968.75,9325.0098,1720.95,537.52
2008-11-03,966.3,9319.8301,1726.33,538.5
2008-11-04,1005.75,9625.2803,1780.12,545.97
2008-11-05,952.77,9139.2695,1681.64,514.64
2008-11-06,904.88,8695.79,1608.7,495.84
2008-11-07,930.99,8943.8096,1647.4,505.79
2008-11-10,919.21,8870.54,1616.74,493.1
2008-11-11,898.95,8693.96,1580.9,482.29
2008-11-12,852.3,8282.6602,1499.21,452.8
2008-11-13,911.29,8835.25,1596.7,491.23
2008-11-14,873.29,8497.3096,1516.85,456.52
2008-11-17,850.75,8273.5801,1482.05,451.3
2008-11-18,859.12,8424.75,1483.27,447.51
2008-11-19,806.58,7997.2798,1386.42,412.38
2008-11-20,752.44,7552.29,1316.12,385.31
2008-11-21,800.03,8046.4199,1384.35,406.54
2008-11-24,851.81,8443.3896,1472.02,436.8
2008-11-25,857.39,8479.4697,1464.73,443.18
2008-11-26,887.68,8726.6104,1532.1,468.86
2008-11-28,896.24,8829.04,1535.5699,473.14
2008-12-01,816.21,8149.0898,1398.0699,417.07
2008-12-02,848.81,8419.0898,1449.8,441.82
2008-12-03,870.74,8591.6904,1492.38,453.76
2008-12-04,845.22,8376.2402,1445.5601,439.53
2008-12-05,876.07,8635.4199,1509.3101,461.09
2008-12-08,909.7,8934.1797,1571.74,481.38
2008-12-09,888.67,8691.3301,1547.34,465.71
2008-12-10,899.24,8761.4199,1565.48,476.4
2008-12-11,873.59,8565.0898,1507.88,451.21
2008-12-12,879.73,8629.6797,1540.72,468.43
2008-12-15,868.57,8564.5303,1508.34,452.57
2008-12-16,913.18,8924.1396,1589.89,482.85
2008-12-17,904.42,8824.3398,1579.3101,486.59
2008-12-18,885.28,8604.9902,1552.37,479.17
2008-12-19,887.88,8579.1104,1564.3199,486.26
2008-12-22,871.63,8519.6904,1532.35,475.07
2008-12-23,863.16,8419.4902,1521.54,468.64
2008-12-24,868.15,8468.4805,1524.9,470.49
2008-12-26,872.8,8515.5498,1530.24,476.77
2008-12-29,869.42,8483.9297,1510.3199,466.15
2008-12-30,890.64,8668.3896,1550.7,482.77
2008-12-31,903.25,8776.3896,1577.03,499.45
2009-01-02,931.8,9034.6904,1632.21,505.84
2009-01-05,927.45,8952.8896,1628.03,505.03
2009-01-06,934.7,9015.0996,1652.38,514.71
2009-01-07,906.65,8769.7002,1599.0601,497.1
2009-01-08,909.73,8742.46,1617.01,502.01
2009-01-09,890.35,8599.1797,1571.59,481.3
2009-01-12,870.26,8473.9697,1538.79,468.8
2009-01-13,871.79,8448.5596,1546.46,473.79
2009-01-14,842.62,8200.1396,1489.64,453.17
2009-01-15,843.74,8212.4902,1511.84,462.62
2009-01-16,850.12,8281.2197,1529.33,466.45
2009-01-20,805.22,7949.0898,1440.86,433.65
2009-01-21,840.24,8228.0996,1507.0699,456.76
2009-01-22,827.5,8122.7998,1465.49,442.85
2009-01-23,831.95,8077.5601,1477.29,444.36
2009-01-26,836.57,8116.0298,1489.46,450.06
2009-01-27,845.71,8174.73,1504.9,455.58
2009-01-28,874.09,8375.4502,1558.34,473.02
2009-01-29,845.14,8149.0098,1507.84,453.24
2009-01-30,825.88,8000.8599,1476.42,443.53
2009-02-02,825.44,7936.75,1494.4301,449.61
2009-02-03,838.51,8078.3599,1516.3,452.9
2009-02-04,832.23,7956.6602,1515.05,448.48
2009-02-05,845.85,8063.0698,1546.24,455.08
2009-02-06,868.6,8280.5898,1591.71,470.7
2009-02-09,869.89,8270.8701,1591.5601,467.94
2009-02-10,827.16,7888.8799,1524.73,445.77
2009-02-11,833.74,7939.5298,1530.5,447.95
2009-02-12,835.19,7932.7598,1541.71,450.42
2009-02-13,826.84,7850.4102,1534.36,448.36
2009-02-17,789.17,7552.6001,1470.66,428.9
2009-02-18,788.42,7555.6299,1467.97,423.18
2009-02-19,778.94,7465.9502,1442.8199,416.71
2009-02-20,770.05,7365.6699,1441.23,410.96
2009-02-23,743.33,7114.7798,1387.72,394.58
2009-02-24,773.14,7350.9399,1441.83,412.48
2009-02-25,764.9,7270.8901,1425.4301,401.44
2009-02-26,752.83,7182.0801,1391.47,392.95
2009-02-27,735.09,7062.9302,1377.84,389.02
2009-03-02,700.82,6763.29,1322.85,367.8
2009-03-03,696.33,6726.02,1321.01,361.01
2009-03-04,712.87,6875.8398,1353.74,371.3
2009-03-05,682.55,6594.4399,1299.59,349.45
2009-03-06,683.38,6626.9399,1293.85,351.05
2009-03-09,676.53,6547.0498,1268.64,343.26
2009-03-10,719.6,6926.4902,1358.28,367.75
2009-03-11,721.36,6930.3999,1371.64,366.3
2009-03-12,750.74,7170.0601,1426.1,390.12
2009-03-13,756.55,7223.98,1431.5,393.09
2009-03-16,753.89,7216.9702,1404.02,386.36
2009-03-17,778.12,7395.7002,1462.11,403.59
2009-03-18,794.35,7486.5801,1491.22,417.63
2009-03-19,784.04,7400.7998,1483.48,413.26
2009-03-20,768.54,7278.3799,1457.27,400.11
2009-03-23,822.92,7775.8599,1555.77,433.72
2009-03-24,806.12,7659.9702,1516.52,416.39
2009-03-25,813.88,7749.8101,1528.95,426.52
2009-03-26,832.86,7924.5601,1587.0,445.3
2009-03-27,815.94,7776.1802,1545.2,429.0
2009-03-30,787.53,7522.02,1501.8,415.97
2009-03-31,797.87,7608.9199,1528.59,422.75
2009-04-01,811.08,7761.6001,1551.6,429.16
2009-04-02,834.38,7978.0801,1602.63,450.19
2009-04-03,842.5,8017.5898,1621.87,456.13
2009-04-06,835.48,7975.8501,1606.71,447.56
2009-04-07,815.55,7789.5601,1561.61,431.7
2009-04-08,825.16,7837.1099,1590.66,442.12
2009-04-09,856.56,8083.3799,1652.54,468.2
2009-04-13,858.73,8057.8101,1653.3101,468.05
2009-04-14,841.5,7920.1802,1625.72,453.22
2009-04-15,852.06,8029.6201,1626.8,461.13
2009-04-16,865.3,8125.4302,1670.4399,473.88
2009-04-17,869.6,8131.3301,1673.0699,479.37
2009-04-20,832.39,7841.73,1608.21,452.49
2009-04-21,850.08,7969.5601,1643.85,470.05
2009-04-22,843.55,7886.5698,1646.12,470.73
2009-04-23,851.92,7957.0601,1652.21,466.62
2009-04-24,866.23,8076.29,1694.29,478.74
2009-04-27,857.51,8025.0,1679.41,469.53
2009-04-28,855.16,8016.9502,1673.8101,472.84
2009-04-29,873.64,8185.73,1711.9399,491.47
2009-04-30,872.81,8168.1201,1717.3,487.56
2009-05-01,877.52,8212.4102,1719.2,486.98
2009-05-04,907.24,8426.7402,1763.5601,506.82
2009-05-05,903.8,8410.6504,1754.12,502.55
2009-05-06,919.53,8512.2803,1759.1,505.09
2009-05-07,907.39,8409.8496,1716.24,492.94
2009-05-08,929.23,8574.6504,1739.0,511.82
2009-05-11,909.24,8418.7695,1731.24,501.94
2009-05-12,908.35,8469.1104,1715.92,495.18
2009-05-13,883.92,8284.8896,1664.1899,471.82
2009-05-14,893.07,8331.3203,1689.21,480.71
2009-05-15,882.88,8268.6396,1680.14,475.84
2009-05-18,909.71,8504.0801,1732.36,494.79
2009-05-19,908.13,8474.8496,1734.54,493.26
2009-05-20,903.47,8422.04,1727.84,489.35
2009-05-21,888.33,8292.1299,1695.25,481.22
2009-05-22,887.0,8277.3203,1692.01,477.62
2009-05-26,910.33,8473.4902,1750.4301,500.31
2009-05-27,893.06,8300.0195,1731.08,489.86
2009-05-28,906.83,8403.7998,1751.79,492.21
2009-05-29,919.14,8500.3301,1774.33,501.58
2009-06-01,942.87,8721.4404,1828.6801,521.33
2009-06-02,944.74,8740.8701,1836.8,526.63
2009-06-03,931.76,8675.2402,1825.92,522.71
2009-06-04,942.46,8750.2402,1850.02,531.68
2009-06-05,940.09,8763.1299,1849.42,530.36
2009-06-08,939.14,8764.4902,1842.4,524.79
2009-06-09,942.43,8763.0596,1860.13,527.93
2009-06-10,939.15,8739.0195,1853.08,523.71
2009-06-11,944.89,8770.9199,1862.37,526.08
2009-06-12,946.21,8799.2598,1858.8,526.83
2009-06-15,923.72,8612.1299,1816.38,511.83
2009-06-16,911.97,8504.6699,1796.1801,503.74
2009-06-17,910.71,8497.1797,1808.0601,507.03
2009-06-18,918.37,8555.5996,1807.72,509.48
2009-06-19,921.23,8539.7305,1827.47,512.72
2009-06-22,893.04,8339.0098,1766.1899,492.81
2009-06-23,895.1,8322.9102,1764.92,489.77
2009-06-24,900.94,8299.8604,1792.34,494.95
2009-06-25,920.26,8472.4004,1829.54,509.18
2009-06-26,918.9,8438.3896,1838.22,513.22
2009-06-29,927.23,8529.3799,1844.0601,510.61
2009-06-30,919.32,8447.0,1835.04,508.28
2009-07-01,923.33,8504.0596,1845.72,517.46
2009-07-02,896.42,8280.7402,1796.52,497.21
2009-07-06,898.72,8324.8701,1787.4,494.03
2009-07-07,881.03,8163.6001,1746.17,484.25
2009-07-08,879.56,8178.4102,1747.17,479.68
2009-07-09,882.68,8183.1699,1752.55,479.27
2009-07-10,879.13,8146.52,1756.03,480.98
2009-07-13,901.05,8331.6797,1793.21,493.31
2009-07-14,905.84,8359.4902,1799.73,496.52
2009-07-15,932.68,8616.21,1862.9,515.64
2009-07-16,940.74,8711.8203,1885.03,522.02
2009-07-17,940.38,8743.9404,1886.61,519.22
2009-07-20,951.13,8848.1504,1909.29,526.96
2009-07-21,954.58,8915.9404,1916.2,525.22
2009-07-22,954.07,8881.2598,1926.38,528.7
2009-07-23,976.29,9069.29,1973.6,545.85
2009-07-24,979.26,9093.2402,1965.96,548.46
2009-07-27,982.18,9108.5098,1967.89,550.88
2009-07-28,979.62,9096.7197,1975.51,551.95
2009-07-29,975.15,9070.7197,1967.76,548.38
2009-07-30,986.75,9154.46,1984.3,557.8
2009-07-31,987.48,9171.6104,1978.5,556.71
2009-08-03,1002.63,9286.5596,2008.61,565.78
2009-08-04,1005.65,9320.1904,2011.3101,570.74
2009-08-05,1002.72,9280.9697,1993.05,565.99
2009-08-06,997.08,9256.2598,1973.16,557.62
2009-08-07,1010.48,9370.0703,2000.25,572.4
2009-08-10,1007.1,9337.9502,1992.24,571.87
2009-08-11,994.35,9241.4502,1969.73,562.12
2009-08-12,1005.81,9361.6104,1998.72,572.17
2009-08-13,1012.73,9398.1904,2009.35,575.19
2009-08-14,1004.09,9321.4004,1985.52,563.9
2009-08-17,979.73,9135.3398,1930.84,548.18
2009-08-18,989.67,9217.9404,1955.92,556.43
2009-08-19,996.46,9279.1602,1969.24,561.65
2009-08-20,1007.37,9350.0498,1989.22,568.68
2009-08-21,1026.13,9505.96,2020.9,581.51
2009-08-24,1025.5699,9509.2803,2017.98,580.24
2009-08-25,1028.0,9539.29,2024.23,583.22
2009-08-26,1028.12,9543.5195,2024.4301,584.02
2009-08-27,1030.98,9580.6299,2027.73,583.77
2009-08-28,1028.9301,9544.2002,2028.77,579.86
2009-08-31,1020.62,9496.2803,2009.0601,572.07
2009-09-01,998.04,9310.5996,1968.89,558.06
2009-09-02,994.75,9280.6699,1967.0699,555.83
2009-09-03,1003.24,9344.6104,1983.2,562.49
2009-09-04,1016.4,9441.2695,2018.78,570.5
2009-09-08,1025.39,9497.3398,2037.77,576.38
2009-09-09,1033.37,9547.2197,2060.3899,586.4
2009-09-10,1044.14,9627.4805,2084.02,594.9
2009-09-11,1042.73,9605.4102,2080.8999,593.59
2009-09-14,1049.34,9626.7998,2091.78,600.03
2009-09-15,1052.63,9683.4102,2102.6399,604.84
2009-09-16,1068.76,9791.71,2133.1499,617.38
2009-09-17,1065.49,9783.9199,2126.75,615.47
2009-09-18,1068.3,9820.2002,2132.8601,617.88
2009-09-21,1064.66,9778.8604,2138.04,615.97
2009-09-22,1071.66,9829.8701,2146.3,620.69
2009-09-23,1060.87,9748.5498,2131.4199,613.37
2009-09-24,1050.78,9707.4404,2107.6101,601.75
2009-09-25,1044.38,9665.1904,2090.9199,598.94
2009-09-28,1062.98,9789.3604,2130.74,613.22
2009-09-29,1060.61,9742.2002,2124.04,610.45
2009-09-30,1057.08,9712.2803,2122.4199,604.28
2009-10-01,1029.85,9509.2803,2057.48,583.75
2009-10-02,1025.21,9487.6699,2048.1101,580.2
2009-10-05,1040.46,9599.75,2068.1499,591.11
2009-10-06,1054.72,9731.25,2103.5701,601.98
2009-10-07,1057.58,9725.5801,2110.3301,602.08
2009-10-08,1065.48,9786.8701,2123.9299,607.75
2009-10-09,1071.49,9864.9404,2139.28,614.92
2009-10-12,1076.1899,9885.7998,2139.1399,613.81
2009-10-13,1073.1899,9871.0596,2139.8899,611.7
2009-10-14,1092.02,10015.8604,2172.23,623.94
2009-10-15,1096.5601,10062.9404,2173.29,623.34
2009-10-16,1087.6801,9995.9102,2156.8,616.18
2009-10-19,1097.91,10092.1904,2176.3201,622.34
2009-10-20,1091.0601,10041.4805,2163.47,613.41
2009-10-21,1081.4,9949.3604,2150.73,605.11
2009-10-22,1092.91,10081.3096,2165.29,613.38
2009-10-23,1079.6,9972.1797,2154.47,600.86
2009-10-26,1066.95,9867.96,2141.8501,593.68
2009-10-27,1063.41,9882.1699,2116.0901,586.99
2009-10-28,1042.63,9762.6904,2059.6101,566.36
2009-10-29,1066.11,9962.5801,2097.55,580.22
2009-10-30,1036.1899,9712.7305,2045.11,562.77
2009-11-02,1042.88,9789.4404,2049.2,562.4
2009-11-03,1045.41,9771.9102,2057.3201,570.62
2009-11-04,1046.5,9802.1396,2055.52,563.12
2009-11-05,1066.63,10005.96,2105.3201,581.15
2009-11-06,1069.3,10023.4199,2112.4399,580.35
2009-11-09,1093.08,10226.9404,2154.0601,592.31
2009-11-10,1093.01,10246.9697,2151.0801,586.97
2009-11-11,1098.51,10291.2598,2166.8999,592.71
2009-11-12,1087.24,10197.4697,2149.02,580.32
2009-11-13,1093.48,10270.4697,2167.8799,586.28
2009-11-16,1109.3,10406.96,2197.8501,602.87
2009-11-17,1110.3199,10437.4199,2203.78,602.34
2009-11-18,1109.8,10426.3096,2193.1399,600.15
2009-11-19,1094.9,10332.4404,2156.8201,585.68
2009-11-20,1091.38,10318.1602,2146.04,584.68
2009-11-23,1106.24,10450.9502,2176.01,594.81
2009-11-24,1105.65,10433.71,2169.1799,592.58
2009-11-25,1110.63,10464.4004,2176.05,592.19
2009-11-27,1091.49,10309.9199,2138.4399,577.21
2009-11-30,1095.63,10344.8398,2144.6001,579.73
2009-12-01,1108.86,10471.5801,2175.8101,589.2
2009-12-02,1109.24,10452.6797,2185.03,596.09
2009-12-03,1099.92,10366.1504,2173.1399,588.78
2009-12-04,1105.98,10388.9004,2194.3501,602.79
2009-12-07,1103.25,10390.1104,2189.6101,603.56
2009-12-08,1091.9399,10285.9697,2172.99,597.7
2009-12-09,1095.95,10337.0498,2183.73,598.03
2009-12-10,1102.35,10405.8301,2190.8601,595.38
2009-12-11,1106.41,10471.5,2190.3101,600.37
2009-12-14,1114.11,10501.0498,2212.1001,609.79
2009-12-15,1107.9301,10452.0,2201.05,606.31
2009-12-16,1109.1801,10441.1201,2206.9099,611.21
2009-12-17,1096.08,10308.2598,2180.05,604.25
2009-12-18,1102.47,10328.8896,2211.6899,610.57
2009-12-21,1114.05,10414.1396,2237.6599,618.6
2009-12-22,1118.02,10464.9297,2252.6699,623.6
2009-12-23,1120.59,10466.4404,2269.6399,630.98
2009-12-24,1126.48,10520.0898,2285.6899,634.07
2009-12-28,1127.78,10547.0801,2291.0801,633.75
2009-12-29,1126.2,10545.4102,2288.3999,633.18
2009-12-30,1126.42,10548.5098,2291.28,633.41
2009-12-31,1115.1,10428.0498,2269.1499,625.39
2010-01-04,1132.99,10583.96,2308.4199,640.1
2010-01-05,1136.52,10572.0195,2308.71,638.49
2010-01-06,1137.14,10573.6797,2301.0901,637.95
2010-01-07,1141.6899,10606.8604,2300.05,641.97
2010-01-08,1144.98,10618.1904,2317.1699,644.56
2010-01-11,1146.98,10663.9902,2312.4099,643.99
2010-01-12,1136.22,10627.2598,2282.3101,635.5
2010-01-13,1145.6801,10680.7695,2307.8999,643.56
2010-01-14,1148.46,10710.5498,2316.74,646.43
2010-01-15,1136.03,10609.6504,2287.99,637.96
2010-01-19,1150.23,10725.4297,2320.3999,649.15
2010-01-20,1138.04,10603.1504,2291.25,639.61
2010-01-21,1116.48,10389.8799,2265.7,628.36
2010-01-22,1091.76,10172.9805,2205.29,617.12
2010-01-25,1096.78,10196.8604,2210.8,618.11
2010-01-26,1092.17,10194.29,2203.73,612.16
2010-01-27,1097.5,10236.1602,2221.4099,618.38
2010-01-28,1084.53,10120.46,2179.0,607.93
2010-01-29,1073.87,10067.3301,2147.3501,602.04
2010-02-01,1089.1899,10185.5303,2171.2,609.25
2010-02-02,1103.3199,10296.8496,2190.0601,614.05
2010-02-03,1097.28,10270.5498,2190.9099,610.66
2010-02-04,1063.11,10002.1797,2125.4299,589.68
2010-02-05,1066.1899,10012.2305,2141.1201,592.98
2010-02-08,1056.74,9908.3896,2126.05,586.49
2010-02-09,1070.52,10058.6396,2150.8701,595.17
2010-02-10,1068.13,10038.3799,2147.8701,595.82
2010-02-11,1078.47,10144.1904,2177.4099,605.46
2010-02-12,1075.51,10099.1396,2183.53,610.72
2010-02-16,1094.87,10268.8096,2214.1899,620.84
2010-02-17,1099.51,10309.2402,2226.29,624.83
2010-02-18,1106.75,10392.9004,2241.71,629.32
2010-02-19,1109.17,10402.3496,2243.8701,631.62
2010-02-22,1108.01,10383.3799,2242.03,632.25
2010-02-23,1094.6,10282.4102,2213.4399,625.07
2010-02-24,1105.24,10374.1602,2235.8999,630.43
2010-02-25,1102.9399,10321.0303,2234.22,630.46
2010-02-26,1104.49,10325.2598,2238.26,628.56
2010-03-01,1115.71,10403.79,2273.5701,642.65
2010-03-02,1118.3101,10405.9805,2280.79,648.31
2010-03-03,1118.79,10396.7598,2280.6799,649.26
2010-03-04,1122.97,10444.1396,2292.3101,652.47
2010-03-05,1138.7,10566.2002,2326.3501,666.02
2010-03-08,1138.5,10552.5195,2332.21,667.11
2010-03-09,1140.45,10564.3799,2340.6799,669.63
2010-03-10,1145.61,10567.3301,2358.95,674.93
2010-03-11,1150.24,10611.8398,2368.46,677.22
2010-03-12,1149.99,10624.6904,2367.6599,676.59
2010-03-15,1150.51,10642.1504,2362.21,674.41
2010-03-16,1159.46,10685.9805,2378.01,679.58
2010-03-17,1166.21,10733.6699,2389.0901,683.98
2010-03-18,1165.83,10779.1699,2391.28,681.61
2010-03-19,1159.9,10741.9805,2374.4099,673.89
2010-03-22,1165.8101,10785.8896,2395.3999,682.91
2010-03-23,1174.17,10888.8301,2415.24,690.3
2010-03-24,1167.72,10836.1504,2398.76,683.68
2010-03-25,1165.73,10841.21,2397.4099,679.1
2010-03-26,1166.59,10850.3604,2395.1299,678.97
2010-03-29,1173.22,10895.8604,2404.3601,682.25
2010-03-30,1173.27,10907.4199,2410.6899,683.94
2010-03-31,1169.4301,10856.6299,2397.96,678.64
2010-04-01,1178.1,10927.0703,2402.5801,683.98
2010-04-05,1187.4399,10973.5498,2429.53,697.65
2010-04-06,1189.4399,10969.9902,2436.8101,701.48
2010-04-07,1182.45,10897.5195,2431.1599,699.46
2010-04-08,1186.4399,10927.0703,2436.8101,699.64
2010-04-09,1194.37,10997.3496,2454.05,702.95
2010-04-12,1196.48,11005.9697,2457.8701,705.06
2010-04-13,1197.3,11019.4199,2465.99,707.03
2010-04-14,1210.65,11123.1104,2504.8601,722.4
2010-04-15,1211.67,11144.5703,2515.6899,724.21
2010-04-16,1192.13,11018.6602,2481.26,714.62
2010-04-19,1197.52,11092.0498,2480.1101,711.4
2010-04-20,1207.17,11117.0596,2500.3101,721.55
2010-04-21,1205.9399,11124.9199,2504.6101,726.19
2010-04-22,1208.67,11134.29,2519.0701,734.31
2010-04-23,1217.28,11204.2803,2530.1499,741.92
2010-04-26,1212.05,11205.0303,2522.95,738.86
2010-04-27,1183.71,10991.9902,2471.47,721.27
2010-04-28,1191.36,11045.2695,2471.73,722.39
2010-04-29,1206.78,11167.3203,2511.9199,737.74
2010-04-30,1186.6899,11008.6104,2461.1899,716.6
2010-05-03,1202.26,11151.8301,2498.74,732.82
2010-05-04,1173.6,10926.7695,2424.25,709.7
2010-05-05,1165.87,10866.8301,2402.29,698.58
2010-05-06,1128.15,10520.3203,2319.6399,672.23
2010-05-07,1110.88,10380.4297,2265.6399,653.0
2010-05-10,1159.73,10785.1396,2374.6699,689.61
2010-05-11,1155.79,10748.2598,2375.3101,695.48
2010-05-12,1171.67,10896.9102,2425.02,716.11
2010-05-13,1157.4399,10782.9502,2394.3601,709.85
2010-05-14,1135.6801,10620.1602,2346.8501,693.98
2010-05-17,1136.9399,10625.8301,2354.23,695.71
2010-05-18,1120.8,10510.9502,2317.26,682.75
2010-05-19,1115.05,10444.3701,2298.3701,674.4
2010-05-20,1071.59,10068.0098,2204.01,640.04
2010-05-21,1087.6899,10193.3896,2229.04,649.29
2010-05-24,1073.65,10066.5703,2213.55,641.21
2010-05-25,1074.03,10043.75,2210.95,640.02
2010-05-26,1067.95,9974.4502,2195.8799,642.62
2010-05-27,1103.0601,10258.9902,2277.6799,670.51
2010-05-28,1089.41,10136.6299,2257.04,661.61
2010-06-01,1070.71,10024.0195,2222.3301,640.96
2010-06-02,1098.38,10249.54,2281.0701,660.52
2010-06-03,1102.83,10255.2803,2303.03,667.37
2010-06-04,1064.88,9931.9697,2219.1699,633.97
2010-06-07,1050.47,9816.4902,2173.8999,618.49
2010-06-08,1062.0,9939.9805,2170.5701,617.69
2010-06-09,1055.6899,9899.25,2158.8501,618.29
2010-06-10,1086.84,10172.5303,2218.71,639.79
2010-06-11,1091.6,10211.0703,2243.6001,649.0
2010-06-14,1089.63,10190.8896,2243.96,652.27
2010-06-15,1115.23,10404.7695,2305.8799,668.77
2010-06-16,1114.61,10409.46,2305.9299,666.13
2010-06-17,1116.04,10434.1699,2307.1599,665.85
2010-06-18,1117.51,10450.6396,2309.8,666.92
2010-06-21,1113.2,10442.4102,2289.0901,660.03
2010-06-22,1095.3101,10293.5195,2261.8,645.91
2010-06-23,1092.04,10298.4404,2254.23,644.25
2010-06-24,1073.6899,10152.7998,2217.4199,633.17
2010-06-25,1076.76,10143.8096,2223.48,645.11
2010-06-28,1074.5699,10138.5195,2220.6499,641.54
2010-06-29,1041.24,9870.2998,2135.1799,615.96
2010-06-30,1030.71,9774.0195,2109.24,609.49
2010-07-01,1027.37,9732.5303,2101.3601,604.76
2010-07-02,1022.58,9686.4805,2091.79,598.97
2010-07-06,1028.0601,9743.6201,2093.8799,590.03
2010-07-07,1060.27,10018.2803,2159.47,611.66
2010-07-08,1070.25,10138.9902,2175.3999,620.27
2010-07-09,1077.96,10198.0303,2196.45,629.43
2010-07-12,1078.75,10216.2695,2198.3601,621.61
2010-07-13,1095.34,10363.0195,2242.03,642.82
2010-07-14,1095.17,10366.7197,2249.8401,640.16
2010-07-15,1096.48,10359.3096,2249.0801,634.62
2010-07-16,1064.88,10097.9004,2179.05,610.39
2010-07-19,1071.25,10154.4297,2198.23,613.08
2010-07-20,1083.48,10229.96,2222.49,624.24
2010-07-21,1069.59,10120.5303,2187.3301,612.64
2010-07-22,1093.67,10322.2998,2245.8899,635.48
2010-07-23,1102.66,10424.6201,2269.47,650.65
2010-07-26,1115.01,10525.4297,2296.4299,665.22
2010-07-27,1113.84,10537.6904,2288.25,662.17
2010-07-28,1106.13,10497.8799,2264.5601,650.76
2010-07-29,1101.53,10467.1602,2251.6899,650.43
2010-07-30,1101.6,10465.9404,2254.7,650.89
2010-08-02,1125.86,10674.3799,2295.3601,661.86
2010-08-03,1120.46,10636.3799,2283.52,655.66
2010-08-04,1127.24,10680.4297,2303.5701,662.96
2010-08-05,1125.8101,10674.9805,2293.0601,655.07
2010-08-06,1121.64,10653.5596,2288.47,650.68
2010-08-09,1127.79,10698.75,2305.6899,659.52
2010-08-10,1121.0601,10644.25,2277.1699,646.36
2010-08-11,1089.47,10378.8301,2208.6299,620.39
2010-08-12,1083.61,10319.9502,2190.27,616.98
2010-08-13,1079.25,10303.1504,2173.48,609.49
2010-08-16,1079.38,10302.0098,2181.8701,615.1
2010-08-17,1092.54,10405.8496,2209.4399,626.3
2010-08-18,1094.16,10415.54,2215.7,628.04
2010-08-19,1075.63,10271.21,2178.95,610.96
2010-08-20,1071.6899,10213.6201,2179.76,610.78
2010-08-23,1067.36,10174.4102,2159.6299,602.67
2010-08-24,1051.87,10040.4502,2123.76,595.59
2010-08-25,1055.33,10060.0596,2141.54,604.87
2010-08-26,1047.22,9985.8096,2118.6899,599.76
2010-08-27,1064.59,10150.6504,2153.6299,616.76
2010-08-30,1048.92,10009.7305,2119.97,601.72
2010-08-31,1049.33,10014.7197,2114.03,602.06
2010-09-01,1080.29,10269.4697,2176.8401,624.99
2010-09-02,1090.1,10320.0996,2200.01,632.26
2010-09-03,1104.51,10447.9297,2233.75,643.36
2010-09-07,1091.84,10340.6904,2208.8899,629.29
2010-09-08,1098.87,10387.0098,2228.8701,634.25
2010-09-09,1104.1801,10415.2402,2236.2,634.62
2010-09-10,1109.55,10462.7695,2242.48,636.46
2010-09-13,1121.9,10544.1299,2285.71,652.28
2010-09-14,1121.1,10526.4902,2289.77,649.23
2010-09-15,1125.0699,10572.7305,2301.3201,652.51
2010-09-16,1124.66,10594.8301,2303.25,647.81
2010-09-17,1125.59,10607.8496,2315.6101,651.44
2010-09-20,1142.71,10753.6201,2355.8301,669.98
2010-09-21,1139.78,10761.0303,2349.3501,664.66
2010-09-22,1134.28,10739.3096,2334.55,656.71
2010-09-23,1124.83,10662.4199,2327.0801,648.84
2010-09-24,1148.67,10860.2598,2381.22,671.01
2010-09-27,1142.16,10812.04,2369.77,668.29
2010-09-28,1147.7,10858.1396,2379.5901,675.43
2010-09-29,1144.73,10835.2803,2376.5601,677.64
2010-09-30,1141.2,10788.0498,2368.6201,676.14
2010-10-01,1146.24,10829.6797,2370.75,679.29
2010-10-04,1137.03,10751.2695,2344.52,669.45
2010-10-05,1160.75,10944.7197,2399.8301,689.35
2010-10-06,1159.97,10967.6504,2380.6599,685.33
2010-10-07,1158.0601,10948.5801,2383.6699,684.23
2010-10-08,1165.15,11006.4805,2401.9099,693.82
2010-10-11,1165.3199,11010.3398,2402.3301,693.48
2010-10-12,1169.77,11020.4004,2417.9199,696.04
2010-10-13,1178.1,11096.0801,2441.23,706.47
2010-10-14,1173.8101,11094.5703,2435.3799,704.69
2010-10-15,1176.1899,11062.7803,2468.77,703.16
2010-10-18,1184.71,11143.6904,2480.6599,710.13
2010-10-19,1165.9,10978.6201,2436.95,694.15
2010-10-20,1178.17,11107.9697,2457.3899,702.11
2010-10-21,1180.26,11146.5703,2459.6699,698.12
2010-10-22,1183.08,11132.5596,2479.3899,703.43
2010-10-25,1185.62,11164.0498,2490.8501,707.89
2010-10-26,1185.64,11169.46,2497.29,706.93
2010-10-27,1182.45,11126.2803,2503.26,704.23
2010-10-28,1183.78,11113.9502,2507.3701,701.03
2010-10-29,1183.26,11118.4902,2507.4099,703.35
2010-11-01,1184.38,11124.6201,2504.8401,698.56
2010-11-02,1193.5699,11188.7197,2533.52,712.89
2010-11-03,1197.96,11215.1299,2540.27,715.14
2010-11-04,1221.0601,11434.8398,2577.3401,733.46
2010-11-05,1225.85,11444.0801,2578.98,736.59
2010-11-08,1223.25,11406.8398,2580.05,736.77
2010-11-09,1213.4,11346.75,2562.98,725.98
2010-11-10,1218.71,11357.04,2578.78,734.87
2010-11-11,1213.54,11283.0996,2555.52,731.58
2010-11-12,1199.21,11192.5801,2518.21,719.27
2010-11-15,1197.75,11201.9697,2513.8201,719.94
2010-11-16,1178.34,11023.5,2469.8401,705.34
2010-11-17,1178.59,11007.8799,2476.01,707.77
2010-11-18,1196.6899,11181.2305,2514.3999,720.84
2010-11-19,1199.73,11203.5498,2518.1201,724.36
2010-11-22,1197.84,11178.5801,2532.02,727.33
2010-11-23,1180.73,11036.3701,2494.95,719.93
2010-11-24,1198.35,11187.2803,2543.1201,736.53
2010-11-26,1189.4,11091.8701,2534.5601,732.73
2010-11-29,1187.76,11052.4902,2525.22,731.95
2010-11-30,1180.55,11006.0195,2498.23,727.01
2010-12-01,1206.0699,11255.7803,2549.4299,743.14
2010-12-02,1221.53,11362.4102,2579.3501,751.2
2010-12-03,1224.71,11382.0898,2591.46,756.42
2010-12-06,1223.12,11362.1904,2594.9199,760.86
2010-12-07,1223.75,11359.1602,2598.49,764.42
2010-12-08,1228.28,11372.4805,2609.1599,764.04
2010-12-09,1233.0,11370.0596,2616.6699,767.63
2010-12-10,1240.4,11410.3203,2637.54,776.83
2010-12-13,1240.46,11428.5596,2624.9099,772.1
2010-12-14,1241.59,11476.54,2627.72,771.66
2010-12-15,1235.23,11457.4697,2617.22,768.36
2010-12-16,1242.87,11499.25,2637.3101,776.56
2010-12-17,1243.91,11491.9102,2642.97,779.51
2010-12-20,1247.08,11478.1299,2649.5601,782.3
2010-12-21,1254.6,11533.1602,2667.6101,790.52
2010-12-22,1258.84,11559.4902,2671.48,790.59
2010-12-23,1256.77,11573.4902,2665.6001,788.96
2010-12-27,1257.54,11555.0303,2667.27,792.35
2010-12-28,1258.51,11575.54,2662.8799,789.46
2010-12-29,1259.78,11585.3799,2666.9299,790.26
2010-12-30,1257.88,11569.71,2662.98,789.74
2010-12-31,1257.64,11577.5098,2652.8701,783.65
2011-01-03,1271.87,11670.75,2691.52,798.56
2011-01-04,1270.2,11691.1797,2681.25,785.83
2011-01-05,1276.5601,11722.8896,2702.2,795.09
2011-01-06,1273.85,11697.3096,2709.8899,791.42
2011-01-07,1271.5,11674.7598,2703.1699,787.83
2011-01-10,1269.75,11637.4502,2707.8,791.58
2011-01-11,1274.48,11671.8799,2716.8301,794.76
2011-01-12,1285.96,11755.4404,2737.3301,801.36
2011-01-13,1283.76,11731.9004,2735.29,800.65
2011-01-14,1293.24,11787.3799,2755.3,807.57
2011-01-18,1295.02,11837.9297,2765.8501,807.56
2011-01-19,1281.92,11825.29,2725.3601,786.89
2011-01-20,1280.26,11822.7998,2704.29,778.08
2011-01-21,1283.35,11871.8398,2689.54,773.18
2011-01-24,1290.84,11980.5195,2717.55,779.28
2011-01-25,1291.1801,11977.1904,2719.25,779.96
2011-01-26,1296.63,11985.4404,2739.5,793.72
2011-01-27,1299.54,11989.8301,2755.28,795.43
2011-01-28,1276.34,11823.7002,2686.8899,775.4
2011-01-31,1286.12,11891.9297,2700.0801,781.25
2011-02-01,1307.59,12040.1602,2751.1899,798.89
2011-02-02,1304.03,12041.9697,2749.5601,796.16
2011-02-03,1307.1,12062.2598,2753.8799,798.63
2011-02-04,1310.87,12092.1504,2769.3,800.11
2011-02-07,1319.05,12161.6299,2783.99,808.32
2011-02-08,1324.5699,12233.1504,2797.05,813.69
2011-02-09,1320.88,12239.8896,2789.0701,809.27
2011-02-10,1321.87,12229.29,2790.45,812.7
2011-02-11,1329.15,12273.2598,2809.4399,822.11
2011-02-14,1332.3199,12268.1904,2817.1799,825.9
2011-02-15,1328.01,12226.6396,2804.3501,820.03
2011-02-16,1336.3199,12288.1699,2825.5601,828.37
2011-02-17,1340.4301,12318.1396,2831.5801,834.02
2011-02-18,1343.01,12391.25,2833.95,834.82
2011-02-22,1315.4399,12212.79,2756.4199,812.96
2011-02-23,1307.4,12105.7803,2722.99,799.65
2011-02-24,1306.1,12068.5,2737.8999,804.18
2011-02-25,1319.88,12130.4502,2781.05,821.95
2011-02-28,1327.22,12226.3398,2782.27,823.45
2011-03-01,1306.33,12058.0195,2737.4099,807.08
2011-03-02,1308.4399,12066.7998,2748.0701,810.9
2011-03-03,1330.97,12258.2002,2798.74,828.89
2011-03-04,1321.15,12169.8799,2784.6699,824.99
2011-03-07,1310.13,12090.0303,2745.6299,812.25
2011-03-08,1321.8199,12214.3799,2765.77,824.66
2011-03-09,1320.02,12213.0898,2751.72,821.19
2011-03-10,1295.11,11984.6104,2701.02,799.53
2011-03-11,1304.28,12044.4004,2715.6101,802.83
2011-03-14,1296.39,11993.1602,2700.97,798.17
2011-03-15,1281.87,11855.4199,2667.3301,791.33
2011-03-16,1256.88,11613.2998,2616.8201,781.9
2011-03-17,1273.72,11774.5898,2636.05,785.52
2011-03-18,1279.21,11858.5195,2643.6699,794.66
2011-03-21,1298.38,12036.5303,2692.0901,813.02
2011-03-22,1293.77,12018.6299,2683.8701,808.66
2011-03-23,1297.54,12086.0195,2698.3,811.24
2011-03-24,1309.66,12170.5596,2736.4199,817.1
2011-03-25,1313.8,12220.5898,2743.0601,823.85
2011-03-28,1310.1899,12197.8799,2730.6799,821.77
2011-03-29,1319.4399,12279.0098,2756.8899,829.49
2011-03-30,1328.26,12350.6104,2776.79,840.37
2011-03-31,1325.83,12319.7305,2781.0701,843.55
2011-04-01,1332.41,12376.7197,2789.6001,846.77
2011-04-04,1332.87,12400.0303,2789.1899,849.36
2011-04-05,1332.63,12393.9004,2791.1899,853.31
2011-04-06,1335.54,12426.75,2799.8201,854.17
2011-04-07,1333.51,12409.4902,2796.1399,849.44
2011-04-08,1328.17,12380.0498,2780.4199,840.89
2011-04-11,1324.46,12381.1104,2771.51,833.86
2011-04-12,1314.16,12263.5801,2744.79,822.27
2011-04-13,1314.41,12270.9902,2761.52,823.92
2011-04-14,1314.52,12285.1504,2760.22,827.47
2011-04-15,1319.6801,12341.8301,2764.6499,834.98
2011-04-18,1305.14,12201.5898,2735.3799,821.51
2011-04-19,1312.62,12266.75,2744.97,823.01
2011-04-20,1330.36,12453.54,2802.51,839.45
2011-04-21,1337.38,12505.9902,2820.1599,845.64
2011-04-25,1335.25,12479.8799,2825.8799,844.23
2011-04-26,1347.24,12595.3701,2847.54,853.04
2011-04-27,1355.66,12690.96,2869.8799,858.31
2011-04-28,1360.48,12763.3096,2872.53,861.55
2011-04-29,1363.61,12810.54,2873.54,865.29
2011-05-02,1361.22,12807.3604,2864.0801,854.77
2011-05-03,1356.62,12807.5098,2841.6201,843.77
2011-05-04,1347.3199,12723.5801,2828.23,832.9
2011-05-05,1335.1,12584.1699,2814.72,829.24
2011-05-06,1340.2,12638.7402,2827.5601,833.34
2011-05-09,1346.29,12684.6797,2843.25,842.8
2011-05-10,1357.16,12760.3604,2871.8899,855.91
2011-05-11,1342.08,12630.0303,2845.0601,840.66
2011-05-12,1348.65,12695.9199,2863.04,847.53
2011-05-13,1337.77,12595.75,2828.47,835.67
2011-05-16,1329.47,12548.3701,2782.3101,822.91
2011-05-17,1328.98,12479.5801,2783.21,820.36
2011-05-18,1340.6801,12560.1797,2815.0,833.45
2011-05-19,1343.6,12605.3203,2823.3101,835.16
2011-05-20,1333.27,12512.04,2803.3201,829.06
2011-05-23,1317.37,12381.2598,2758.8999,814.04
2011-05-24,1316.28,12356.21,2746.1599,810.33
2011-05-25,1320.47,12394.6602,2761.3799,820.87
2011-05-26,1325.6899,12402.7598,2782.9199,830.87
2011-05-27,1331.1,12441.5801,2796.8601,836.26
2011-05-31,1345.2,12569.79,2835.3,848.3
2011-06-01,1314.55,12290.1396,2769.1899,821.4
2011-06-02,1312.9399,12248.5498,2773.3101,820.69
2011-06-03,1300.16,12151.2598,2732.78,808.13
2011-06-06,1286.17,12089.96,2702.5601,795.32
2011-06-07,1284.9399,12070.8096,2701.5601,797.55
2011-06-08,1279.5601,12048.9404,2675.3799,788.04
2011-06-09,1289.0,12124.3604,2684.8701,792.64
2011-06-10,1270.98,11951.9102,2643.73,779.54
2011-06-13,1271.83,11952.9697,2639.6899,777.2
2011-06-14,1287.87,12076.1104,2678.72,793.99
2011-06-15,1265.42,11897.2695,2631.46,779.46
2011-06-16,1267.64,11961.5195,2623.7,781.54
2011-06-17,1271.5,12004.3604,2616.48,781.75
2011-06-20,1278.36,12080.3799,2629.6599,788.48
2011-06-21,1295.52,12190.0098,2687.26,806.37
2011-06-22,1287.14,12109.6699,2669.1899,799.87
2011-06-23,1283.5,12050.0,2686.75,802.68
2011-06-24,1268.45,11934.5801,2652.8899,797.79
2011-06-27,1280.1,12043.5596,2688.28,805.14
2011-06-28,1296.67,12188.6904,2729.3101,817.31
2011-06-29,1307.41,12261.4199,2740.49,819.92
2011-06-30,1320.64,12414.3398,2773.52,827.43
2011-07-01,1339.67,12582.7695,2816.03,840.04
2011-07-05,1337.88,12569.8701,2825.77,841.62
2011-07-06,1339.22,12626.0195,2834.02,845.23
2011-07-07,1353.22,12719.4902,2872.6599,858.11
2011-07-08,1343.8,12657.2002,2859.8101,852.57
2011-07-11,1319.49,12505.7598,2802.6201,833.54
2011-07-12,1313.64,12446.8799,2781.9099,829.77
2011-07-13,1317.72,12491.6104,2796.9199,836.98
2011-07-14,1308.87,12437.1201,2762.6699,823.32
2011-07-15,1316.14,12479.7305,2789.8,828.78
2011-07-18,1305.4399,12385.1602,2765.1101,815.97
2011-07-19,1326.73,12587.4199,2826.52,834.62
2011-07-20,1325.84,12571.9102,2814.23,832.34
2011-07-21,1343.8,12724.4102,2834.4299,841.26
2011-07-22,1345.02,12681.1602,2858.8301,841.82
2011-07-25,1337.4301,12592.7998,2842.8,831.4
2011-07-26,1331.9399,12501.2998,2839.96,824.83
2011-07-27,1304.89,12302.5498,2764.79,800.53
2011-07-28,1300.67,12240.1104,2766.25,799.34
2011-07-29,1292.28,12143.2402,2756.3799,797.03
2011-08-01,1286.9399,12132.4902,2744.6101,792.85
2011-08-02,1254.05,11866.6201,2669.24,767.01
2011-08-03,1260.34,11896.4404,2693.0701,772.78
2011-08-04,1200.0699,11383.6797,2556.3899,726.8
2011-08-05,1199.38,11444.6104,2532.4099,714.63
2011-08-08,1119.46,10809.8496,2357.6899,650.96
2011-08-09,1172.53,11239.7695,2482.52,696.16
2011-08-10,1120.76,10719.9404,2381.05,660.21
2011-08-11,1172.64,11143.3096,2492.6799,695.89
2011-08-12,1178.8101,11269.0195,2507.98,697.5
2011-08-15,1204.49,11482.9004,2555.2,718.63
2011-08-16,1192.76,11405.9297,2523.45,704.76
2011-08-17,1193.89,11410.21,2511.48,704.03
2011-08-18,1140.65,10990.5801,2380.4299,662.51
2011-08-19,1123.53,10817.6504,2341.8401,651.7
2011-08-22,1123.8199,10854.6504,2345.3799,651.34
2011-08-23,1162.35,11176.7598,2446.0601,683.07
2011-08-24,1177.6,11320.71,2467.6899,692.57
2011-08-25,1159.27,11149.8203,2419.6299,674.42
2011-08-26,1176.8,11284.54,2479.8501,691.79
2011-08-29,1210.08,11539.25,2562.1101,724.65
2011-08-30,1212.92,11559.9502,2576.1101,728.08
2011-08-31,1218.89,11613.5303,2579.46,726.81
2011-09-01,1204.42,11493.5703,2546.04,708.92
2011-09-02,1173.97,11240.2598,2480.3301,683.36
2011-09-06,1165.24,11139.2998,2473.8301,680.87
2011-09-07,1198.62,11414.8604,2548.9399,709.47
2011-09-08,1185.9,11295.8096,2529.1399,694.92
2011-09-09,1154.23,10992.1299,2467.99,673.96
2011-09-12,1162.27,11061.1201,2495.0901,679.76
2011-09-13,1172.87,11105.8496,2532.1499,691.74
2011-09-14,1188.6801,11246.7305,2572.55,704.12
2011-09-15,1209.11,11433.1797,2607.0701,713.51
2011-09-16,1216.01,11509.0898,2622.3101,714.31
2011-09-19,1204.09,11401.0098,2612.8301,702.23
2011-09-20,1202.09,11408.6602,2590.24,689.95
2011-09-21,1166.76,11124.8398,2538.1899,664.58
2011-09-22,1129.5601,10733.8301,2455.6699,643.42
2011-09-23,1136.4301,10771.4805,2483.23,652.43
2011-09-26,1162.95,11043.8604,2516.6899,665.62
2011-09-27,1175.38,11190.6904,2546.8301,680.23
2011-09-28,1151.0601,11010.9004,2491.5801,651.97
2011-09-29,1160.4,11153.9805,2480.76,662.8
2011-09-30,1131.42,10913.3799,2415.3999,644.16
2011-10-03,1099.23,10655.2998,2335.8301,609.49
2011-10-04,1123.95,10808.71,2404.8201,648.64
2011-10-05,1144.03,10939.9502,2460.51,658.11
2011-10-06,1164.97,11123.3301,2506.8201,673.8
2011-10-07,1155.46,11103.1201,2479.3501,656.21
2011-10-10,1194.89,11433.1797,2566.05,684.9
2011-10-11,1195.54,11416.2998,2583.03,688.97
2011-10-12,1207.25,11518.8496,2604.73,700.38
2011-10-13,1203.66,11478.1299,2620.24,698.82
2011-10-14,1224.58,11644.4902,2667.8501,712.46
2011-10-17,1200.86,11397.0,2614.9199,688.6
2011-10-18,1225.38,11577.0498,2657.4299,709.34
2011-10-19,1209.88,11504.6201,2604.04,694.37
2011-10-20,1215.39,11541.7803,2598.6201,696.42
2011-10-21,1238.25,11808.79,2637.46,712.42
2011-10-24,1254.1899,11913.6201,2699.4399,736.03
2011-10-25,1229.05,11706.6201,2638.4199,713.65
2011-10-26,1242.0,11869.04,2650.6699,727.15
2011-10-27,1284.59,12208.5498,2738.6299,765.43
2011-10-28,1285.09,12231.1104,2737.1499,761.0
2011-10-31,1253.3,11955.0098,2684.4099,741.06
2011-11-01,1218.28,11657.96,2606.96,713.89
2011-11-02,1237.9,11836.04,2639.98,733.26
2011-11-03,1261.15,12044.4697,2697.97,751.53
2011-11-04,1253.23,11983.2402,2686.1499,746.49
2011-11-07,1261.12,12068.3896,2695.25,745.27
2011-11-08,1275.92,12170.1797,2727.49,755.27
2011-11-09,1229.1,11780.9404,2621.6499,718.86
2011-11-10,1239.7,11893.8604,2625.1499,725.48
2011-11-11,1263.85,12153.6797,2678.75,744.64
2011-11-14,1251.78,12078.9805,2657.22,732.89
2011-11-15,1257.8101,12096.1602,2686.2,743.08
2011-11-16,1236.91,11905.5898,2639.6101,729.86
2011-11-17,1216.13,11770.7305,2587.99,718.75
2011-11-18,1215.65,11796.1602,2572.5,719.42
2011-11-21,1192.98,11547.3096,2523.1399,701.9
2011-11-22,1188.04,11493.7197,2521.28,696.26
2011-11-23,1161.79,11257.5498,2460.0801,674.34
2011-11-25,1158.67,11231.6504,2441.51,666.16
2011-11-28,1192.55,11523.0098,2527.3401,697.9
2011-11-29,1195.1899,11555.6299,2515.51,696.1
2011-11-30,1246.96,12045.6797,2620.3401,737.42
2011-12-01,1244.58,12020.0303,2626.2,730.75
2011-12-02,1244.28,12019.4199,2626.9299,735.02
2011-12-05,1257.08,12097.8301,2655.76,747.03
2011-12-06,1258.47,12150.1299,2649.5601,746.78
2011-12-07,1261.01,12196.3701,2649.21,746.14
2011-12-08,1234.35,11997.7002,2596.3799,722.68
2011-12-09,1255.1899,12184.2598,2646.8501,745.4
2011-12-12,1236.47,12021.3896,2612.26,733.15
2011-12-13,1225.73,11954.9404,2579.27,718.06
2011-12-14,1211.8199,11823.4805,2539.3101,708.46
2011-12-15,1215.75,11868.8096,2541.01,716.01
2011-12-16,1219.66,11866.3896,2555.3301,722.05
2011-12-19,1205.35,11766.2598,2523.1399,708.56
2011-12-20,1241.3,12103.5801,2603.73,738.22
2011-12-21,1243.72,12107.7402,2577.97,740.45
2011-12-22,1254.0,12169.6504,2599.45,745.51
2011-12-23,1265.33,12294.0,2618.6399,747.98
2011-12-27,1265.4301,12291.3496,2625.2,751.31
2011-12-28,1249.64,12151.4102,2589.98,735.21
2011-12-29,1263.02,12287.04,2613.74,744.98
2011-12-30,1257.6,12217.5596,2605.1499,740.92
2012-01-03,1277.0601,12397.3799,2648.72,752.28
2012-01-04,1277.3,12418.4199,2648.3601,747.28
2012-01-05,1281.0601,12415.7002,2669.8601,752.29
2012-01-06,1277.8101,12359.9199,2674.22,749.71
2012-01-09,1280.7,12392.6904,2676.5601,753.51
2012-01-10,1292.08,12462.4697,2702.5,764.75
2012-01-11,1292.48,12449.4502,2710.76,767.24
2012-01-12,1295.5,12471.0195,2724.7,770.49
2012-01-13,1289.09,12422.0596,2710.6699,764.2
2012-01-17,1293.67,12482.0703,2728.0801,765.53
2012-01-18,1308.04,12578.9502,2769.71,779.26
2012-01-19,1314.5,12623.9805,2788.3301,782.37
2012-01-20,1315.38,12720.4805,2786.7,784.62
2012-01-23,1316.0,12708.8203,2784.1699,783.05
2012-01-24,1314.65,12675.75,2786.6399,788.27
2012-01-25,1326.0601,12758.8496,2818.3101,795.58
2012-01-26,1318.4301,12734.6299,2805.28,792.91
2012-01-27,1316.33,12660.46,2816.55,798.85
2012-01-30,1313.01,12653.7197,2811.9399,792.38
2012-01-31,1312.41,12632.9102,2813.8401,792.82
2012-02-01,1324.09,12716.46,2848.27,809.66
2012-02-02,1325.54,12705.4102,2859.6799,812.89
2012-02-03,1344.9,12862.2305,2905.6599,831.11
2012-02-06,1344.33,12845.1299,2901.99,828.37
2012-02-07,1347.05,12878.2002,2904.0801,827.37
2012-02-08,1349.96,12883.9502,2915.8601,828.39
2012-02-09,1351.95,12890.46,2927.23,824.99
2012-02-10,1342.64,12801.2305,2903.8799,813.33
2012-02-13,1351.77,12874.04,2931.3899,824.81
2012-02-14,1350.5,12878.2803,2931.8301,820.65
2012-02-15,1343.23,12780.9502,2915.8301,813.98
2012-02-16,1358.04,12904.0801,2959.8501,829.96
2012-02-17,1361.23,12949.8701,2951.78,828.68
2012-02-21,1362.21,12965.6904,2948.5701,823.2
2012-02-22,1357.66,12938.6699,2933.1699,816.5
2012-02-23,1363.46,12984.6904,2956.98,829.23
2012-02-24,1365.74,12982.9502,2963.75,826.92
2012-02-27,1367.59,12981.5098,2966.1599,826.66
2012-02-28,1372.1801,13005.1201,2986.76,823.8
2012-02-29,1365.6801,12952.0703,2966.8899,810.94
2012-03-01,1374.09,12980.2998,2988.97,815.22
2012-03-02,1369.63,12977.5703,2976.1899,802.42
2012-03-05,1364.33,12962.8096,2950.48,803.65
2012-03-06,1343.36,12759.1504,2910.3201,787.09
2012-03-07,1352.63,12837.3301,2935.6899,795.95
2012-03-08,1365.91,12907.9404,2970.4199,806.34
2012-03-09,1370.87,12922.0195,2988.3401,817.0
2012-03-12,1371.09,12959.71,2983.6599,814.29
2012-03-13,1395.95,13177.6797,3039.8799,831.23
2012-03-14,1394.28,13194.0996,3040.73,823.4
2012-03-15,1402.6,13252.7598,3056.3701,831.46
2012-03-16,1404.17,13232.6201,3055.26,830.18
2012-03-19,1409.75,13239.1299,3078.3201,837.77
2012-03-20,1405.52,13170.1904,3074.1499,829.24
2012-03-21,1402.89,13124.6201,3075.3201,829.92
2012-03-22,1392.78,13046.1396,3063.3201,821.44
2012-03-23,1397.11,13080.7305,3067.9199,830.03
2012-03-26,1416.51,13241.6299,3122.5701,846.13
2012-03-27,1412.52,13197.7305,3120.3501,839.98
2012-03-28,1405.54,13126.21,3104.96,834.45
2012-03-29,1403.28,13145.8203,3095.3601,832.22
2012-03-30,1408.47,13212.04,3091.5701,830.3
2012-04-02,1419.04,13264.4902,3119.7,840.63
2012-04-03,1413.38,13199.5498,3113.5701,834.8
2012-04-04,1398.96,13074.75,3068.0901,820.38
2012-04-05,1398.08,13060.1396,3080.5,818.18
2012-04-09,1382.2,12929.5898,3047.0801,803.46
2012-04-10,1358.59,12715.9297,2991.22,784.15
2012-04-11,1368.71,12805.3896,3016.46,796.59
2012-04-12,1387.5699,12986.5801,3055.55,808.59
2012-04-13,1370.26,12849.5898,3011.3301,796.29
2012-04-16,1369.5699,12921.4102,2988.3999,798.08
2012-04-17,1390.78,13115.54,3042.8201,810.63
2012-04-18,1385.14,13032.75,3031.45,803.32
2012-04-19,1376.92,12964.0996,3007.5601,798.9
2012-04-20,1378.53,13029.2598,3000.45,804.05
2012-04-23,1366.9399,12927.1699,2970.45,791.85
2012-04-24,1371.97,13001.5596,2961.6001,798.05
2012-04-25,1390.6899,13090.7197,3029.6299,812.12
2012-04-26,1399.98,13204.6201,3050.6101,818.33
2012-04-27,1403.36,13228.3096,3069.2,825.47
2012-04-30,1397.91,13213.6299,3046.3601,816.88
2012-05-01,1405.8199,13279.3203,3050.4399,815.89
2012-05-02,1402.3101,13268.5703,3059.8501,818.6
2012-05-03,1391.5699,13206.5898,3024.3,806.59
2012-05-04,1369.1,13038.2695,2956.3401,791.84
2012-05-07,1369.58,13008.5303,2957.76,793.81
2012-05-08,1363.72,12932.0898,2946.27,793.06
2012-05-09,1354.58,12835.0596,2934.71,788.92
2012-05-10,1357.99,12855.04,2933.6399,791.75
2012-05-11,1353.39,12820.5996,2933.8201,790.06
2012-05-14,1338.35,12695.3496,2902.5801,778.95
2012-05-15,1330.66,12632.0,2893.76,777.36
2012-05-16,1324.8,12598.5498,2874.04,772.11
2012-05-17,1304.86,12442.4902,2813.6899,754.33
2012-05-18,1295.22,12369.3799,2778.79,747.21
2012-05-21,1315.99,12504.4805,2847.21,764.64
2012-05-22,1316.63,12502.8096,2839.0801,759.63
2012-05-23,1318.86,12496.1504,2850.1201,765.17
2012-05-24,1320.6801,12529.75,2839.3799,766.57
2012-05-25,1317.8199,12454.8301,2837.53,766.41
2012-05-29,1332.42,12580.6904,2870.99,777.16
2012-05-30,1313.3199,12419.8604,2837.3601,762.0
2012-05-31,1310.33,12393.4502,2827.3401,761.82
2012-06-01,1278.04,12118.5703,2747.48,737.42
2012-06-04,1278.1801,12101.46,2760.01,737.24
2012-06-05,1285.5,12127.9502,2778.1101,746.09
2012-06-06,1315.13,12414.79,2844.72,765.17
2012-06-07,1314.99,12460.96,2831.02,760.34
2012-06-08,1325.66,12554.2002,2858.4199,769.19
2012-06-11,1308.9301,12411.2305,2809.73,751.01
2012-06-12,1324.1801,12573.7998,2843.0701,761.53
2012-06-13,1314.88,12496.3799,2818.6101,752.38
2012-06-14,1329.1,12651.9102,2836.3301,762.34
2012-06-15,1342.84,12767.1699,2872.8,771.32
2012-06-18,1344.78,12741.8203,2895.3301,772.53
2012-06-19,1357.98,12837.3301,2929.76,786.43
2012-06-20,1355.6899,12824.3896,2930.45,784.05
2012-06-21,1325.51,12573.5703,2859.0901,764.83
2012-06-22,1335.02,12640.7803,2892.4199,775.16
2012-06-25,1313.72,12502.6602,2836.1599,761.9
2012-06-26,1319.99,12534.6699,2854.0601,765.02
2012-06-27,1331.85,12627.0098,2875.3201,776.24
2012-06-28,1329.04,12602.2598,2849.49,775.89
2012-06-29,1362.16,12880.0898,2935.05,798.49
2012-07-02,1365.51,12871.3896,2951.23,807.94
2012-07-03,1374.02,12943.6602,2976.0801,818.49
2012-07-05,1367.58,12896.6699,2976.1201,817.43
2012-07-06,1354.6801,12772.4697,2937.3301,807.14
2012-07-09,1352.46,12736.29,2931.77,804.8
2012-07-10,1341.47,12653.1201,2902.3301,795.17
2012-07-11,1341.45,12604.5303,2887.98,792.26
2012-07-12,1334.76,12573.2695,2866.1899,789.62
2012-07-13,1356.78,12777.0898,2908.47,800.99
2012-07-16,1353.64,12727.21,2896.9399,796.66
2012-07-17,1363.67,12805.54,2910.04,799.45
2012-07-18,1372.78,12908.7002,2942.6001,805.06
2012-07-19,1376.51,12943.3604,2965.8999,802.17
2012-07-20,1362.66,12822.5703,2925.3,791.54
2012-07-23,1350.52,12721.46,2890.1499,778.9
2012-07-24,1338.3101,12617.3203,2862.99,767.75
2012-07-25,1337.89,12676.0498,2854.24,769.31
2012-07-26,1360.02,12887.9297,2893.25,777.11
2012-07-27,1385.97,13075.6602,2958.0901,796.0
2012-07-30,1385.3,13073.0098,2945.8401,791.58
2012-07-31,1379.3199,13008.6797,2939.52,786.94
2012-08-01,1375.3199,12976.1299,2920.21,771.13
2012-08-02,1365.0,12878.8799,2909.77,768.6
2012-08-03,1390.99,13096.1699,2967.8999,788.48
2012-08-06,1394.23,13117.5098,2989.9099,794.35
2012-08-07,1401.35,13168.5996,3015.8601,801.34
2012-08-08,1402.22,13175.6396,3011.25,800.16
2012-08-09,1402.8,13165.1904,3018.6399,802.9
2012-08-10,1405.87,13207.9502,3020.8601,801.55
2012-08-13,1404.11,13169.4297,3022.52,799.49
2012-08-14,1403.9301,13172.1396,3016.98,796.88
2012-08-15,1405.53,13164.7803,3030.9299,804.26
2012-08-16,1415.51,13250.1104,3062.3899,813.08
2012-08-17,1418.16,13275.2002,3076.5901,819.89
2012-08-20,1418.13,13271.6396,3076.21,816.51
2012-08-21,1413.17,13203.5801,3067.26,815.36
2012-08-22,1413.49,13172.7598,3073.6699,812.56
2012-08-23,1402.08,13057.46,3053.3999,806.0
2012-08-24,1411.13,13157.9697,3069.79,809.19
2012-08-27,1410.4399,13124.6699,3073.1899,810.4
2012-08-28,1409.3,13102.9902,3077.1399,814.28
2012-08-29,1410.49,13107.4805,3081.1899,817.84
2012-08-30,1399.48,13000.71,3048.71,808.64
2012-08-31,1406.58,13090.8398,3066.96,812.09
2012-09-04,1404.9399,13035.9404,3075.0601,822.14
2012-09-05,1403.4399,13047.4805,3069.27,821.23
2012-09-06,1432.12,13292.0,3135.8101,837.95
2012-09-07,1437.92,13306.6396,3136.4199,842.27
2012-09-10,1429.08,13254.29,3104.02,839.37
2012-09-11,1433.5601,13323.3604,3104.53,841.92
2012-09-12,1436.5601,13333.3496,3114.3101,845.12
2012-09-13,1459.99,13539.8604,3155.8301,856.12
2012-09-14,1465.77,13593.3701,3183.95,864.7
2012-09-17,1461.1899,13553.0996,3178.6699,858.9
2012-09-18,1459.3199,13564.6396,3177.8,856.93
2012-09-19,1461.05,13577.96,3182.6201,856.08
2012-09-20,1460.26,13596.9297,3175.96,851.51
2012-09-21,1460.15,13579.4697,3179.96,855.51
2012-09-24,1456.89,13558.9199,3160.78,851.76
2012-09-25,1441.59,13457.5498,3117.73,839.12
2012-09-26,1433.3199,13413.5098,3093.7,833.93
2012-09-27,1447.15,13485.9697,3136.6001,843.54
2012-09-28,1440.67,13437.1299,3116.23,837.45
2012-10-01,1444.49,13515.1104,3113.53,840.31
2012-10-02,1445.75,13482.3604,3120.04,840.51
2012-10-03,1450.99,13494.6104,3135.23,838.78
2012-10-04,1461.4,13575.3604,3149.46,844.65
2012-10-05,1460.9301,13610.1504,3136.1899,842.86
2012-10-08,1455.88,13583.6504,3112.3501,838.41
2012-10-09,1441.48,13473.5303,3065.02,827.92
2012-10-10,1432.5601,13344.9697,3051.78,826.75
2012-10-11,1432.84,13326.3896,3049.4099,829.78
2012-10-12,1428.59,13328.8496,3044.1101,823.09
2012-10-15,1440.13,13424.2305,3064.1799,828.28
2012-10-16,1454.92,13551.7803,3101.1699,835.44
2012-10-17,1460.91,13557.0,3104.1201,842.52
2012-10-18,1457.34,13548.9404,3072.8701,837.12
2012-10-19,1433.1899,13343.5098,3005.6201,821.0
2012-10-22,1433.8199,13345.8896,3016.96,820.52
2012-10-23,1413.11,13102.5303,2990.46,816.2
2012-10-24,1408.75,13077.3398,2981.7,813.65
2012-10-25,1412.97,13103.6797,2986.1201,816.82
2012-10-26,1411.9399,13107.21,2987.95,813.25
2012-10-31,1412.16,13096.46,2977.23,818.73
2012-11-01,1427.59,13232.6201,3020.0601,827.85
2012-11-02,1414.2,13093.1602,2982.1299,814.37
2012-11-05,1417.26,13112.4404,2999.6599,819.54
2012-11-06,1428.39,13245.6797,3011.9299,825.64
2012-11-07,1394.53,12932.7305,2937.29,804.52
2012-11-08,1377.51,12811.3203,2895.5801,793.65
2012-11-09,1379.85,12815.3896,2904.8701,795.02
2012-11-12,1380.03,12815.0801,2904.25,793.76
2012-11-13,1374.53,12756.1797,2883.8899,789.01
2012-11-14,1355.49,12570.9502,2846.8101,773.2
2012-11-15,1353.33,12542.3799,2836.9399,769.48
2012-11-16,1359.88,12588.3096,2853.1299,776.28
2012-11-19,1386.89,12795.96,2916.0701,793.06
2012-11-20,1387.8101,12788.5098,2916.6799,793.81
2012-11-21,1391.03,12836.8896,2926.55,798.38
2012-11-23,1409.15,13009.5303,2966.8501,807.18
2012-11-26,1406.29,12967.3701,2976.78,809.02
2012-11-27,1398.9399,12878.1299,2967.79,807.74
2012-11-28,1409.9301,12985.1104,2991.78,813.5
2012-11-29,1415.95,13021.8203,3012.03,823.2
2012-11-30,1416.1801,13025.5801,3010.24,821.92
2012-12-03,1409.46,12965.5996,3002.2,820.8
2012-12-04,1407.05,12951.7803,2996.6899,822.12
2012-12-05,1409.28,13034.4902,2973.7,820.6
2012-12-06,1413.9399,13074.04,2989.27,821.79
2012-12-07,1418.0699,13155.1299,2978.04,822.27
2012-12-10,1418.55,13169.8799,2986.96,826.26
2012-12-11,1427.84,13248.4404,3022.3,834.99
2012-12-12,1428.48,13245.4502,3013.8101,829.39
2012-12-13,1419.45,13170.7197,2992.1599,824.2
2012-12-14,1413.58,13135.0098,2971.3301,823.75
2012-12-17,1430.36,13235.3896,3010.6001,835.0
2012-12-18,1446.79,13350.96,3054.53,847.69
2012-12-19,1435.8101,13251.9697,3044.3601,847.89
2012-12-20,1443.6899,13311.7197,3050.3899,852.49
2012-12-21,1430.15,13190.8398,3021.01,847.92
2012-12-24,1426.66,13138.9297,3012.6001,844.74
2012-12-26,1419.83,13114.5898,2990.1599,838.89
2012-12-27,1418.1,13096.3096,2985.9099,837.4
2012-12-28,1402.4301,12938.1104,2960.3101,832.1
2012-12-31,1426.1899,13104.1396,3019.51,849.35
2013-01-02,1462.42,13412.5498,3112.26,873.42
2013-01-03,1459.37,13391.3604,3100.5701,872.6
2013-01-04,1466.47,13435.21,3101.6599,879.15
2013-01-07,1461.89,13384.29,3098.8101,875.8
2013-01-08,1457.15,13328.8496,3091.8101,874.7
2013-01-09,1461.02,13390.5098,3105.8101,879.51
2013-01-10,1472.12,13471.2197,3121.76,881.24
2013-01-11,1472.05,13488.4297,3125.6299,880.77
2013-01-14,1470.6801,13507.3203,3117.5,880.1
2013-01-15,1472.34,13534.8896,3110.78,884.6
2013-01-16,1472.63,13511.2305,3117.54,882.31
2013-01-17,1480.9399,13596.0195,3136.0,890.36
2013-01-18,1485.98,13649.7002,3134.71,892.8
2013-01-22,1492.5601,13712.21,3143.1799,899.24
2013-01-23,1494.8101,13779.3301,3153.6699,896.7
2013-01-24,1494.8199,13825.3301,3130.3799,900.19
2013-01-25,1502.96,13895.9805,3149.71,905.24
2013-01-28,1500.1801,13881.9297,3154.3,906.71
2013-01-29,1507.84,13954.4199,3153.6599,907.31
2013-01-30,1501.96,13910.4199,3142.3101,896.91
2013-01-31,1498.11,13860.5801,3142.1299,902.09
2013-02-01,1513.17,14009.79,3179.1001,911.2
2013-02-04,1495.71,13880.0801,3131.1699,899.28
2013-02-05,1511.29,13979.2998,3171.5801,908.22
2013-02-06,1512.12,13986.5195,3168.48,911.29
2013-02-07,1509.39,13944.0498,3165.1299,908.1
2013-02-08,1517.9301,13992.9697,3193.8701,913.67
2013-02-11,1517.01,13971.2402,3192.0,913.03
2013-02-12,1519.4301,14018.7002,3186.49,917.52
2013-02-13,1520.33,13982.9102,3196.8799,920.58
2013-02-14,1521.38,13973.3896,3198.6599,923.76
2013-02-15,1519.79,13981.7598,3192.03,923.15
2013-02-19,1530.9399,14035.6699,3213.5901,932.0
2013-02-20,1511.95,13927.54,3164.4099,913.5
2013-02-21,1502.42,13880.6201,3131.49,905.4
2013-02-22,1515.6,14000.5703,3161.8201,916.15
2013-02-25,1487.85,13784.1699,3116.25,895.84
2013-02-26,1496.9399,13900.1299,3129.6499,900.05
2013-02-27,1515.99,14075.3701,3162.26,909.92
2013-02-28,1514.6801,14054.4902,3160.1899,911.11
2013-03-01,1518.2,14089.6602,3169.74,914.73
2013-03-04,1525.2,14127.8203,3182.03,916.68
2013-03-05,1539.79,14253.7695,3224.1299,927.4
2013-03-06,1541.46,14296.2402,3222.3701,929.96
2013-03-07,1544.26,14329.4902,3232.0901,934.57
2013-03-08,1551.1801,14397.0703,3244.3701,942.5
2013-03-11,1556.22,14447.29,3252.8701,942.51
2013-03-12,1552.48,14450.0596,3242.3201,940.26
2013-03-13,1554.52,14455.2803,3245.1201,943.9
2013-03-14,1563.23,14539.1396,3258.9299,953.07
2013-03-15,1560.7,14514.1104,3249.0701,952.48
2013-03-18,1552.1,14452.0596,3237.5901,947.2
2013-03-19,1548.34,14455.8203,3229.1001,942.85
2013-03-20,1558.71,14511.7305,3254.1899,951.95
2013-03-21,1545.8,14421.4902,3222.6001,943.92
2013-03-22,1556.89,14512.0303,3245.0,946.27
2013-03-25,1551.6899,14447.75,3235.3,945.85
2013-03-26,1563.77,14559.6504,3252.48,949.82
2013-03-27,1562.85,14526.1602,3256.52,950.24
2013-03-28,1569.1899,14578.54,3267.52,951.54
2013-04-01,1562.17,14572.8496,3239.1699,938.79
2013-04-02,1570.25,14662.0098,3254.8601,934.3
2013-04-03,1553.6899,14550.3496,3218.6001,918.71
2013-04-04,1559.98,14606.1104,3224.98,925.66
2013-04-05,1553.28,14565.25,3203.8601,923.28
2013-04-08,1563.0699,14613.4805,3222.25,931.49
2013-04-09,1568.61,14673.46,3237.8601,929.34
2013-04-10,1587.73,14802.2402,3297.25,946.09
2013-04-11,1593.37,14865.1396,3300.1599,947.05
2013-04-12,1588.85,14865.0596,3294.95,942.85
2013-04-15,1552.36,14599.2002,3216.49,907.18
2013-04-16,1574.5699,14756.7803,3264.6299,923.3
2013-04-17,1552.01,14618.5898,3204.6699,906.8
2013-04-18,1541.61,14537.1396,3166.3601,901.51
2013-04-19,1555.25,14547.5098,3206.0601,912.5
2013-04-22,1562.5,14567.1699,3233.55,914.8
2013-04-23,1578.78,14719.46,3269.3301,929.36
2013-04-24,1578.79,14676.2998,3269.6499,934.11
2013-04-25,1585.16,14700.7998,3289.99,940.28
2013-04-26,1582.24,14712.5498,3279.26,935.25
2013-04-29,1593.61,14818.75,3307.02,942.43
2013-04-30,1597.5699,14839.7998,3328.79,947.46
2013-05-01,1582.7,14700.9502,3299.1299,924.21
2013-05-02,1597.59,14831.5801,3340.6201,939.85
2013-05-03,1614.42,14973.96,3378.6299,954.42
2013-05-06,1617.5,14968.8896,3392.97,959.8
2013-05-07,1625.96,15056.2002,3396.6299,967.82
2013-05-08,1632.6899,15105.1201,3413.27,970.41
2013-05-09,1626.67,15082.6201,3409.1699,966.26
2013-05-10,1633.7,15118.4902,3436.5801,975.16
2013-05-13,1633.77,15091.6797,3438.79,973.79
2013-05-14,1650.34,15215.25,3462.6101,985.96
2013-05-15,1658.78,15275.6904,3471.6201,988.54
2013-05-16,1650.47,15233.2197,3465.24,985.34
2013-05-17,1667.47,15354.4004,3498.97,996.28
2013-05-20,1666.29,15335.2803,3496.4299,997.98
2013-05-21,1669.16,15387.5801,3502.1201,998.78
2013-05-22,1655.35,15307.1699,3463.3,982.26
2013-05-23,1650.51,15294.5,3459.4199,984.28
2013-05-24,1649.6,15303.0996,3459.1399,984.28
2013-05-28,1660.0601,15409.3896,3488.8899,997.35
2013-05-29,1648.36,15302.7998,3467.52,986.96
2013-05-30,1654.41,15324.5303,3491.3,994.43
2013-05-31,1630.74,15115.5703,3455.9099,984.15
2013-06-03,1640.42,15254.0303,3465.3701,990.53
2013-06-04,1631.38,15177.54,3445.26,981.97
2013-06-05,1608.9,14960.5898,3401.48,968.16
2013-06-06,1622.5601,15040.6201,3424.05,979.46
2013-06-07,1643.38,15248.1201,3469.22,987.62
2013-06-10,1642.8101,15238.5898,3473.77,992.67
2013-06-11,1626.13,15122.0195,3436.95,981.45
2013-06-12,1612.52,14995.2305,3400.4299,972.31
2013-06-13,1636.36,15176.0801,3445.3601,989.69
2013-06-14,1626.73,15070.1797,3423.5601,981.38
2013-06-17,1639.04,15179.8496,3452.1299,987.84
2013-06-18,1651.8101,15318.2305,3482.1799,999.99
2013-06-19,1628.9301,15112.1904,3443.2,986.5
2013-06-20,1588.1899,14758.3203,3364.6399,960.52
2013-06-21,1592.4301,14799.4004,3357.25,963.68
2013-06-24,1573.09,14659.5596,3320.76,951.05
2013-06-25,1588.03,14760.3096,3347.8899,961.26
2013-06-26,1603.26,14910.1396,3376.22,963.83
2013-06-27,1613.2,15024.4902,3401.8601,979.92
2013-06-28,1606.28,14909.5996,3403.25,977.48
2013-07-01,1614.96,14974.96,3434.49,989.84
2013-07-02,1614.08,14932.4102,3433.3999,989.47
2013-07-03,1615.41,14988.3701,3443.6699,991.13
2013-07-05,1631.89,15135.8398,3479.3799,1005.39
2013-07-08,1640.46,15224.6904,3484.8301,1009.25
2013-07-09,1652.3199,15300.3398,3504.26,1018.05
2013-07-10,1652.62,15291.6602,3520.76,1020.42
2013-07-11,1675.02,15460.9199,3578.3,1033.1801
2013-07-12,1680.1899,15464.2998,3600.0801,1036.52
2013-07-15,1682.5,15484.2598,3607.49,1043.3
2013-07-16,1676.26,15451.8496,3598.5,1038.75
2013-07-17,1680.91,15470.5195,3610.0,1042.53
2013-07-18,1689.37,15548.54,3611.28,1050.27
2013-07-19,1692.09,15543.7402,3587.6101,1050.48
2013-07-22,1695.53,15545.5498,3600.3899,1053.41
2013-07-23,1692.39,15567.7402,3579.27,1052.2
2013-07-24,1685.9399,15542.2402,3579.6001,1043.83
2013-07-25,1690.25,15555.6104,3605.1899,1054.1801
2013-07-26,1691.65,15558.8301,3613.1599,1048.51
2013-07-29,1685.33,15521.9697,3599.1399,1040.66
2013-07-30,1685.96,15520.5898,3616.47,1043.51
2013-07-31,1685.73,15499.54,3626.3701,1045.26
2013-08-01,1706.87,15628.0195,3675.74,1059.88
2013-08-02,1709.67,15658.3604,3689.5901,1059.86
2013-08-05,1707.14,15612.1299,3692.95,1063.01
2013-08-06,1697.37,15518.7402,3665.77,1052.14
2013-08-07,1690.91,15470.6699,3654.01,1044.34
2013-08-08,1697.48,15498.3203,3669.1201,1049.47
2013-08-09,1691.42,15425.5098,3660.1101,1048.4
2013-08-12,1689.47,15419.6797,3669.95,1053.67
2013-08-13,1694.16,15451.0098,3684.4399,1051.99
2013-08-14,1685.39,15337.6602,3669.27,1047.8
2013-08-15,1661.3199,15112.1904,3606.1201,1027.61
2013-08-16,1655.83,15081.4697,3602.78,1024.3
2013-08-19,1646.0601,15010.7402,3589.0901,1013.25
2013-08-20,1652.35,15002.9902,3613.5901,1028.5699
2013-08-21,1642.8,14897.5498,3599.79,1021.58
2013-08-22,1656.96,14963.7402,3638.71,1036.2
2013-08-23,1663.5,15010.5098,3657.79,1038.24
2013-08-26,1656.78,14946.46,3657.5701,1038.47
2013-08-27,1630.48,14776.1299,3578.52,1013.49
2013-08-28,1634.96,14824.5098,3593.3501,1016.5
2013-08-29,1638.17,14840.9502,3620.3,1026.9399
2013-08-30,1632.97,14810.3096,3589.8701,1010.9
2013-09-03,1639.77,14833.96,3612.6101,1016.26
2013-09-04,1653.08,14930.8701,3649.04,1025.58
2013-09-05,1655.08,14937.4805,3658.78,1028.6899
2013-09-06,1655.17,14922.5,3660.01,1029.55
2013-09-09,1671.71,15063.1201,3706.1799,1046.08
2013-09-10,1683.99,15191.0596,3729.02,1055.72
2013-09-11,1689.13,15326.5996,3725.01,1055.34
2013-09-12,1683.42,15300.6396,3715.97,1048.48
2013-09-13,1687.99,15376.0596,3722.1799,1053.98
2013-09-16,1697.6,15494.7803,3717.8501,1056.25
2013-09-17,1704.76,15529.7305,3745.7,1066.39
2013-09-18,1725.52,15676.9404,3783.6399,1076.97
2013-09-19,1722.34,15636.5498,3789.3799,1075.27
2013-09-20,1709.91,15451.0898,3774.73,1072.83
2013-09-23,1701.84,15401.3799,3765.29,1072.13
2013-09-24,1697.42,15334.5898,3768.25,1074.6801
2013-09-25,1692.77,15273.2598,3761.1001,1073.51
2013-09-26,1698.67,15328.2998,3787.4299,1078.41
2013-09-27,1691.75,15258.2402,3781.5901,1074.1899
2013-09-30,1681.55,15129.6699,3771.48,1073.79
2013-10-01,1695.0,15191.7002,3817.98,1087.4301
2013-10-02,1693.87,15133.1396,3815.02,1082.55
2013-10-03,1678.66,14996.4805,3774.3401,1070.9
2013-10-04,1690.5,15072.5801,3807.75,1078.25
2013-10-07,1676.12,14936.2402,3770.3799,1065.79
2013-10-08,1655.45,14776.5303,3694.8301,1047.26
2013-10-09,1656.4,14802.9805,3677.78,1043.46
2013-10-10,1692.5601,15126.0703,3760.75,1069.5
2013-10-11,1703.2,15237.1104,3791.8701,1084.3101
2013-10-14,1710.14,15301.2598,3815.28,1090.3
2013-10-15,1698.0601,15168.0098,3794.01,1079.62
2013-10-16,1721.54,15373.8301,3839.4299,1092.42
2013-10-17,1733.15,15371.6504,3863.1499,1102.27
2013-10-18,1744.5,15399.6504,3914.28,1114.77
2013-10-21,1744.66,15392.2002,3920.05,1112.48
2013-10-22,1754.67,15467.6602,3929.5701,1115.63
2013-10-23,1746.38,15413.3301,3907.0701,1110.9301
2013-10-24,1752.0699,15509.21,3928.96,1118.85
2013-10-25,1759.77,15570.2803,3943.3601,1118.34
2013-10-28,1762.11,15568.9297,3940.1299,1117.97
2013-10-29,1771.95,15680.3496,3952.3401,1121.0699
2013-10-30,1763.3101,15618.7598,3930.6201,1105.5
2013-10-31,1756.54,15545.75,3919.71,1100.15
2013-11-01,1761.64,15615.5498,3922.04,1095.67
2013-11-04,1767.9301,15639.1201,3936.5901,1108.28
2013-11-05,1762.97,15618.2197,3939.8601,1103.59
2013-11-06,1770.49,15746.8799,3931.95,1098.63
2013-11-07,1747.15,15593.9805,3857.3301,1079.09
2013-11-08,1770.61,15761.7803,3919.23,1099.97
2013-11-11,1771.89,15783.0996,3919.79,1101.5
2013-11-12,1767.6899,15750.6699,3919.9199,1101.47
2013-11-13,1782.0,15821.6299,3965.5801,1112.1801
2013-11-14,1790.62,15876.2197,3972.74,1111.4399
2013-11-15,1798.1801,15961.7002,3985.97,1116.2
2013-11-18,1791.53,15976.0195,3949.0701,1107.29
2013-11-19,1787.87,15967.0303,3931.55,1101.38
2013-11-20,1781.37,15900.8203,3921.27,1099.79
2013-11-21,1795.85,16009.9902,3969.1599,1119.62
2013-11-22,1804.76,16064.7695,3991.6499,1124.92
2013-11-25,1802.48,16072.54,3994.5701,1124.72
2013-11-26,1802.75,16072.7998,4017.75,1134.53
2013-11-27,1807.23,16097.3301,4044.75,1141.33
2013-11-29,1805.8101,16086.4102,4059.8899,1142.89
2013-12-02,1800.9,16008.7695,4045.26,1129.12
2013-12-03,1795.15,15914.6201,4037.2,1123.78
2013-12-04,1792.8101,15889.7695,4038.0,1121.38
2013-12-05,1785.03,15821.5098,4033.1699,1122.47
2013-12-06,1805.09,16020.2002,4062.52,1131.38
2013-12-09,1808.37,16025.5303,4068.75,1129.46
2013-12-10,1802.62,15973.1299,4060.49,1119.6899
2013-12-11,1782.22,15843.5303,4003.8101,1101.5
2013-12-12,1775.5,15739.4297,3998.3999,1103.27
2013-12-13,1775.3199,15755.3604,4000.98,1107.05
2013-12-16,1786.54,15884.5703,4029.52,1119.85
2013-12-17,1781.0,15875.2598,4023.6799,1118.89
2013-12-18,1810.65,16167.9697,4070.0601,1133.72
2013-12-19,1809.6,16179.0801,4058.1399,1125.45
2013-12-20,1818.3199,16221.1396,4104.7402,1146.47
2013-12-23,1827.99,16294.6104,4148.8999,1157.22
2013-12-24,1833.3199,16357.5498,4155.4199,1161.8
2013-12-26,1842.02,16479.8809,4167.1802,1162.65
2013-12-27,1841.4,16478.4102,4156.5898,1161.09
2013-12-30,1841.0699,16504.2891,4154.2002,1160.59
2013-12-31,1848.36,16576.6602,4176.5898,1163.64
2014-01-02,1831.98,16441.3496,4143.0698,1150.72
2014-01-03,1831.37,16469.9902,4131.9102,1156.09
2014-01-06,1826.77,16425.0996,4113.6802,1147.16
2014-01-07,1837.88,16530.9395,4153.1802,1157.63
2014-01-08,1837.49,16462.7402,4165.6099,1157.46
2014-01-09,1838.13,16444.7598,4156.1899,1158.35
2014-01-10,1842.37,16437.0508,4174.6699,1164.53
2014-01-13,1819.2,16257.9404,4113.2998,1148.09
2014-01-14,1838.88,16373.8604,4183.02,1163.4301
2014-01-15,1848.38,16481.9395,4214.8799,1171.35
2014-01-16,1845.89,16417.0098,4218.6899,1173.13
2014-01-17,1838.7,16458.5605,4197.5801,1168.4301
2014-01-21,1843.8,16414.4395,4225.7598,1175.72
2014-01-22,1844.86,16373.3398,4243.0,1181.29
2014-01-23,1828.46,16197.3496,4218.8799,1172.4
2014-01-24,1790.29,15879.1104,4128.1699,1144.13
2014-01-27,1781.5601,15837.8799,4083.6101,1127.73
2014-01-28,1792.5,15928.5596,4097.96,1138.24
2014-01-29,1774.2,15738.79,4051.4299,1122.45
2014-01-30,1794.1899,15848.6104,4123.1299,1139.36
2014-01-31,1782.59,15698.8496,4103.8799,1130.88
2014-02-03,1741.89,15372.7998,3996.96,1094.58
2014-02-04,1755.2,15445.2402,4031.52,1102.84
2014-02-05,1751.64,15440.2305,4011.55,1093.59
2014-02-06,1773.4301,15628.5303,4057.1201,1103.9301
2014-02-07,1797.02,15794.0801,4125.8599,1116.55
2014-02-10,1799.84,15801.79,4148.1699,1118.73
2014-02-11,1819.75,15994.7695,4191.0498,1129.16
2014-02-12,1819.26,15963.9404,4201.29,1132.54
2014-02-13,1829.83,16027.5898,4240.6699,1147.79
2014-02-14,1838.63,16154.3896,4244.02,1149.21
2014-02-18,1840.76,16130.4004,4272.7798,1161.48
2014-02-19,1828.75,16040.5596,4237.9502,1149.0699
2014-02-20,1839.78,16133.2305,4267.5498,1162.12
2014-02-21,1836.25,16103.2998,4263.4102,1164.63
2014-02-24,1847.61,16207.1396,4292.9702,1174.55
2014-02-25,1845.12,16179.6602,4287.5898,1173.95
2014-02-26,1845.16,16198.4102,4292.0601,1181.72
2014-02-27,1854.29,16272.6504,4318.9302,1187.9399
2014-02-28,1859.45,16321.71,4308.1201,1183.03
2014-03-03,1845.73,16168.0303,4277.2998,1176.36
2014-03-04,1873.91,16395.8809,4351.9702,1208.65
2014-03-05,1873.8101,16360.1797,4357.9702,1205.91
2014-03-06,1877.03,16421.8906,4352.1299,1204.54
2014-03-07,1878.04,16452.7207,4336.2202,1203.3199
2014-03-10,1877.17,16418.6797,4334.4502,1200.54
2014-03-11,1867.63,16351.25,4307.1899,1187.05
2014-03-12,1868.2,16340.0801,4323.3301,1191.37
2014-03-13,1846.34,16108.8896,4260.4199,1176.74
2014-03-14,1841.13,16065.6699,4245.3999,1181.41
2014-03-17,1858.83,16247.2197,4279.9502,1188.23
2014-03-18,1872.25,16336.1904,4333.3101,1205.04
2014-03-19,1860.77,16222.1699,4307.6001,1195.66
2014-03-20,1872.01,16331.0498,4319.29,1198.97
2014-03-21,1866.52,16302.7695,4276.79,1193.73
2014-03-24,1857.4399,16276.6904,4226.3901,1178.23
2014-03-25,1865.62,16367.8799,4234.27,1178.05
2014-03-26,1852.5601,16268.9902,4173.5801,1155.49
2014-03-27,1849.04,16264.2305,4151.23,1151.4399
2014-03-28,1857.62,16323.0596,4155.7598,1151.8101
2014-03-31,1872.34,16457.6602,4198.9902,1173.04
2014-04-01,1885.52,16532.6094,4268.04,1188.7
2014-04-02,1890.9,16573.0,4276.46,1192.8101
2014-04-03,1888.77,16572.5508,4237.7402,1181.12
2014-04-04,1865.09,16412.7109,4127.73,1153.38
2014-04-07,1845.04,16245.8701,4079.75,1135.78
2014-04-08,1851.96,16256.1396,4112.9902,1144.24
2014-04-09,1872.1801,16437.1797,4183.8999,1159.96
2014-04-10,1833.08,16170.2197,4054.1101,1127.66
2014-04-11,1815.6899,16026.75,3999.73,1111.4399
2014-04-14,1830.61,16173.2402,4022.6899,1115.35
2014-04-15,1842.98,16262.5596,4034.1599,1119.49
2014-04-16,1862.3101,16424.8496,4086.23,1131.77
2014-04-17,1864.85,16408.5391,4095.52,1137.9
2014-04-21,1871.89,16449.25,4121.5498,1142.3101
2014-04-22,1879.55,16514.3691,4161.46,1155.61
2014-04-23,1875.39,16501.6504,4126.9702,1147.08
2014-04-24,1878.61,16501.6504,4148.3398,1144.35
2014-04-25,1863.4,16361.46,4075.5601,1123.03
2014-04-28,1869.4301,16448.7402,4074.3999,1117.0601
2014-04-29,1878.33,16535.3691,4103.54,1120.83
2014-04-30,1883.95,16580.8398,4114.5601,1126.86
2014-05-01,1883.6801,16558.8691,4127.4502,1125.97
2014-05-02,1881.14,16512.8906,4123.8999,1128.8
2014-05-05,1884.66,16530.5508,4138.0601,1126.3
2014-05-06,1867.72,16401.0195,4080.76,1108.01
2014-05-07,1878.21,16518.5391,4067.6699,1108.55
2014-05-08,1875.63,16550.9707,4051.5,1097.4301
2014-05-09,1878.48,16583.3398,4071.8701,1107.22
2014-05-12,1896.65,16695.4707,4143.8599,1133.65
2014-05-13,1897.45,16715.4395,4130.1699,1121.16
2014-05-14,1888.53,16613.9707,4100.6299,1103.14
2014-05-15,1870.85,16446.8105,4069.29,1095.99
2014-05-16,1877.86,16491.3105,4090.5901,1102.91
2014-05-19,1885.08,16511.8594,4125.8101,1114.4301
2014-05-20,1872.83,16374.3096,4096.8901,1097.9
2014-05-21,1888.03,16533.0605,4131.54,1103.63
2014-05-22,1892.49,16543.0801,4154.3398,1113.87
2014-05-23,1900.53,16606.2695,4185.8101,1126.1899
2014-05-27,1911.91,16675.5,4237.0698,1142.2
2014-05-28,1909.78,16633.1797,4225.0801,1136.6801
2014-05-29,1920.03,16698.7402,4247.9502,1140.0699
2014-05-30,1923.5699,16717.1699,4242.6201,1134.5
2014-06-02,1924.97,16743.6309,4237.2002,1128.9
2014-06-03,1924.24,16722.3398,4234.0801,1126.15
2014-06-04,1927.88,16737.5293,4251.6401,1131.22
2014-06-05,1940.46,16836.1094,4296.23,1153.9399
2014-06-06,1949.4399,16924.2793,4321.3999,1165.21
2014-06-09,1951.27,16943.0996,4336.2402,1175.88
2014-06-10,1950.79,16945.9199,4338.0,1172.71
2014-06-11,1943.89,16843.8809,4331.9302,1166.71
2014-06-12,1930.11,16734.1895,4297.6299,1159.4
2014-06-13,1936.16,16775.7402,4310.6499,1162.6801
2014-06-16,1937.78,16781.0098,4321.1001,1166.8199
2014-06-17,1941.99,16808.4902,4337.23,1176.62
2014-06-18,1956.98,16906.6191,4362.8398,1183.13
2014-06-19,1959.48,16921.4609,4359.3301,1184.03
2014-06-20,1962.87,16947.0801,4368.04,1188.4301
2014-06-23,1962.61,16937.2598,4368.6802,1184.95
2014-06-24,1949.98,16818.1309,4350.3501,1173.24
2014-06-25,1959.53,16867.5098,4379.7598,1182.6801
2014-06-26,1957.22,16846.1309,4379.0498,1180.71
2014-06-27,1960.96,16851.8398,4397.9302,1189.5
2014-06-30,1960.23,16826.5996,4408.1802,1192.96
2014-07-01,1973.3199,16956.0703,4458.6499,1205.95
2014-07-02,1974.62,16976.2402,4457.73,1199.5
2014-07-03,1985.4399,17068.2598,4485.9302,1208.15
2014-07-07,1977.65,17024.2109,4451.5298,1186.74
2014-07-08,1963.71,16906.6191,4391.46,1172.15
2014-07-09,1972.83,16985.6094,4419.0298,1173.8101
2014-07-10,1964.6801,16915.0703,4396.2002,1161.86
2014-07-11,1967.5699,16943.8105,4415.4902,1159.9301
2014-07-14,1977.1,17055.4199,4440.4199,1167.21
2014-07-15,1973.28,17060.6797,4416.3901,1153.8101
2014-07-16,1981.5699,17138.1992,4425.9702,1151.55
2014-07-17,1958.12,16976.8105,4363.4502,1133.6
2014-07-18,1978.22,17100.1797,4432.1499,1151.61
2014-07-21,1973.63,17051.7305,4424.7002,1146.66
2014-07-22,1983.53,17113.5391,4456.02,1156.15
2014-07-23,1987.01,17086.6309,4473.7002,1158.11
2014-07-24,1987.98,17083.8008,4472.1099,1156.26
2014-07-25,1978.34,16960.5703,4449.5601,1144.72
2014-07-28,1978.91,16982.5898,4444.9102,1139.5
2014-07-29,1969.95,16912.1094,4442.7002,1141.64
2014-07-30,1970.0699,16880.3594,4462.8999,1146.5699
2014-07-31,1930.67,16563.3008,4369.77,1120.0699
2014-08-01,1925.15,16493.3691,4352.6401,1114.86
2014-08-04,1938.99,16569.2793,4383.8901,1124.8199
2014-08-05,1920.21,16429.4707,4352.8398,1121.5601
2014-08-06,1920.24,16443.3398,4355.0498,1125.55
2014-08-07,1909.5699,16368.2695,4334.9702,1119.76
2014-08-08,1931.59,16553.9297,4370.8999,1131.35
2014-08-11,1936.92,16569.9805,4401.3301,1141.9301
2014-08-12,1933.75,16560.5391,4389.25,1133.03
2014-08-13,1946.72,16651.8008,4434.1299,1141.78
2014-08-14,1955.1801,16713.5801,4453.0,1143.34
2014-08-15,1955.0601,16662.9102,4464.9302,1141.65
2014-08-18,1971.74,16838.7402,4508.3101,1158.4
2014-08-19,1981.6,16919.5898,4527.5098,1162.47
2014-08-20,1986.51,16979.1309,4526.48,1157.51
2014-08-21,1992.37,17039.4902,4532.1001,1160.03
2014-08-22,1988.4,17001.2207,4538.5498,1160.34
2014-08-25,1997.92,17076.8691,4557.3501,1165.22
2014-08-26,2000.02,17106.6992,4570.6401,1175.17
2014-08-27,2000.12,17122.0098,4569.6201,1172.71
2014-08-28,1996.74,17079.5703,4557.7002,1165.95
2014-08-29,2003.37,17098.4492,4580.27,1174.35
2014-09-02,2002.28,17067.5605,4598.1899,1179.47
2014-09-03,2000.72,17078.2793,4572.5601,1172.2
2014-09-04,1997.65,17069.5801,4562.29,1167.21
2014-09-05,2007.71,17137.3594,4582.8999,1170.13
2014-09-08,2001.54,17111.4199,4592.29,1172.3101
2014-09-09,1988.4399,17013.8691,4552.29,1158.5
2014-09-10,1995.6899,17068.7109,4586.52,1164.99
2014-09-11,1997.45,17049.0,4591.8101,1172.34
2014-09-12,1985.54,16987.5098,4567.6001,1160.61
2014-09-15,1984.13,17031.1406,4518.8999,1146.52
2014-09-16,1998.98,17131.9707,4552.7598,1150.97
2014-09-17,2001.5699,17156.8496,4562.1899,1153.89
2014-09-18,2011.36,17265.9902,4593.4302,1159.27
2014-09-19,2010.4,17279.7402,4579.79,1146.92
2014-09-22,1994.29,17172.6797,4527.6899,1129.36
2014-09-23,1982.77,17055.8691,4508.6899,1118.72
2014-09-24,1998.3,17210.0605,4555.2202,1128.3101
2014-09-25,1965.99,16945.8008,4466.75,1110.24
2014-09-26,1982.85,17113.1504,4512.1899,1119.33
2014-09-29,1977.8,17071.2207,4505.8501,1117.91
2014-09-30,1972.29,17042.9004,4493.3901,1101.6801
2014-10-01,1946.16,16804.7109,4422.0898,1085.41
2014-10-02,1946.17,16801.0508,4430.2002,1096.38
2014-10-03,1967.9,17009.6895,4475.6201,1104.74
2014-10-06,1964.8199,16991.9102,4454.7998,1094.65
2014-10-07,1935.1,16719.3906,4385.2002,1076.3101
2014-10-08,1968.89,16994.2207,4468.5898,1097.12
2014-10-09,1928.21,16659.25,4378.3398,1067.99
2014-10-10,1906.13,16544.0996,4276.2402,1053.3199
2014-10-13,1874.74,16321.0703,4213.6602,1049.3
2014-10-14,1877.7,16315.1904,4227.1699,1061.6
2014-10-15,1862.49,16141.7402,4215.3198,1072.45
2014-10-16,1862.76,16117.2402,4217.3901,1086.11
2014-10-17,1886.76,16380.4102,4258.4399,1082.33
2014-10-20,1904.01,16399.6699,4316.0698,1094.97
2014-10-21,1941.28,16614.8105,4419.48,1112.85
2014-10-22,1927.11,16461.3203,4382.8501,1096.87
2014-10-23,1950.8199,16677.9004,4452.79,1116.49
2014-10-24,1964.58,16805.4102,4483.7202,1118.8199
2014-10-27,1961.63,16817.9395,4485.9302,1117.48
2014-10-28,1985.05,17005.75,4564.29,1149.45
2014-10-29,1982.3,16974.3105,4549.23,1146.37
2014-10-30,1994.65,17195.4199,4566.1401,1155.77
2014-10-31,2018.05,17390.5195,4630.7402,1173.51
2014-11-03,2017.8101,17366.2402,4638.9102,1170.2
2014-11-04,2012.1,17383.8398,4623.6401,1165.42
2014-11-05,2023.5699,17484.5293,4620.7202,1167.0699
2014-11-06,2031.21,17554.4707,4638.4702,1171.86
2014-11-07,2031.92,17573.9297,4632.5298,1173.3199
2014-11-10,2038.26,17613.7402,4651.6201,1179.5699
2014-11-11,2039.6801,17614.9004,4660.5601,1179.96
2014-11-12,2038.25,17612.1992,4675.1401,1186.47
2014-11-13,2039.33,17652.7891,4680.1401,1175.42
2014-11-14,2039.8199,17634.7402,4688.54,1173.8101
2014-11-17,2041.3199,17647.75,4671.0,1164.23
2014-11-18,2051.8,17687.8203,4702.4399,1170.28
2014-11-19,2048.72,17685.7305,4675.71,1157.6899
2014-11-20,2052.75,17719.0,4701.8701,1170.75
2014-11-21,2063.5,17810.0605,4712.9702,1172.42
2014-11-24,2069.4099,17817.9004,4754.8901,1186.9399
2014-11-25,2067.03,17814.9395,4758.25,1186.33
2014-11-26,2072.8301,17827.75,4787.3198,1190.62
2014-11-28,2067.5601,17828.2402,4791.6299,1173.23
2014-12-01,2053.4399,17776.8008,4727.3501,1154.05
2014-12-02,2066.55,17879.5508,4755.8101,1168.45
2014-12-03,2074.3301,17912.6191,4774.4702,1179.01
2014-12-04,2071.9199,17900.0996,4769.4399,1173.01
2014-12-05,2075.3701,17958.7891,4780.7598,1182.4301
2014-12-08,2060.3101,17852.4805,4740.6899,1167.21
2014-12-09,2059.8201,17801.1992,4766.4702,1188.0601
2014-12-10,2026.14,17533.1504,4684.02,1161.86
2014-12-11,2035.33,17596.3398,4708.1602,1166.96
2014-12-12,2002.33,17280.8301,4653.6001,1152.4399
2014-12-15,1989.63,17180.8398,4605.1602,1140.3
2014-12-16,1972.74,17068.8691,4547.8301,1139.37
2014-12-17,2012.89,17356.8691,4644.3101,1174.84
2014-12-18,2061.23,17778.1504,4748.3999,1192.16
2014-12-19,2070.6499,17804.8008,4765.3799,1195.96
2014-12-22,2078.54,17959.4395,4781.4199,1201.86
2014-12-23,2082.1699,18024.1699,4765.4199,1202.4399
2014-12-24,2081.8799,18030.2109,4773.4702,1206.78
2014-12-26,2088.77,18053.7109,4806.8599,1215.21
2014-12-29,2090.5701,18038.2305,4806.9102,1219.11
2014-12-30,2080.3501,17983.0703,4777.4399,1213.05
2014-12-31,2058.8999,17823.0703,4736.0498,1204.7
2015-01-02,2058.2,17832.9902,4726.8101,1198.8
2015-01-05,2020.58,17501.6504,4652.5698,1181.35
2015-01-06,2002.61,17371.6406,4592.7402,1161.3101
2015-01-07,2025.9,17584.5195,4650.4702,1175.97
2015-01-08,2062.1399,17907.8691,4736.1899,1196.13
2015-01-09,2044.8101,17737.3691,4704.0698,1185.6801
2015-01-12,2028.26,17640.8398,4664.71,1180.09
2015-01-13,2023.03,17613.6797,4661.5,1180.64
2015-01-14,2011.27,17427.0898,4639.3198,1177.0601
2015-01-15,1992.67,17320.7109,4570.8198,1154.71
2015-01-16,2019.42,17511.5703,4634.3799,1176.65
2015-01-20,2022.55,17515.2305,4654.8501,1170.25
2015-01-21,2032.12,17554.2793,4667.4199,1166.25
2015-01-22,2063.1499,17813.9805,4750.3999,1190.37
2015-01-23,2051.8201,17672.5996,4757.8799,1188.9301
2015-01-26,2057.0901,17678.6992,4771.7598,1200.74
2015-01-27,2029.55,17387.2109,4681.5,1194.66
2015-01-28,2002.16,17191.3691,4637.9902,1175.12
2015-01-29,2021.25,17416.8496,4683.4102,1190.1801
2015-01-30,1994.99,17164.9492,4635.2402,1165.39
2015-02-02,2020.85,17361.0391,4676.6899,1175.51
2015-02-03,2050.03,17666.4004,4727.7402,1196.99
2015-02-04,2041.51,17673.0195,4716.7002,1191.4399
2015-02-05,2062.52,17884.8809,4765.1001,1208.71
2015-02-06,2055.47,17824.2891,4744.3999,1205.46
2015-02-09,2046.74,17729.2109,4726.0098,1195.83
2015-02-10,2068.5901,17868.7598,4787.6401,1203.1801
2015-02-11,2068.53,17862.1406,4801.1802,1201.55
2015-02-12,2088.48,17972.3809,4857.6099,1216.27
2015-02-13,2096.99,18019.3496,4893.8398,1223.13
2015-02-17,2100.3401,18047.5801,4899.27,1225.01
2015-02-18,2099.6799,18029.8496,4906.3599,1227.95
2015-02-19,2097.45,17985.7695,4924.7002,1227.91
2015-02-20,2110.3,18140.4395,4955.9702,1231.79
2015-02-23,2109.6599,18116.8398,4960.9702,1231.83
2015-02-24,2115.48,18209.1895,4968.1201,1233.98
2015-02-25,2113.8601,18224.5703,4967.1401,1235.1
2015-02-26,2110.74,18214.4199,4987.8901,1239.11
2015-02-27,2104.5,18132.6992,4963.5298,1233.37
2015-03-02,2117.3899,18288.6309,5008.1001,1242.62
2015-03-03,2107.78,18203.3691,4979.8999,1234.76
2015-03-04,2098.53,18096.9004,4967.1401,1230.73
2015-03-05,2101.04,18135.7207,4982.8101,1234.3101
2015-03-06,2071.26,17856.7793,4927.3701,1217.52
2015-03-09,2079.4299,17995.7207,4942.4399,1223.59
2015-03-10,2044.16,17662.9395,4859.79,1208.47
2015-03-11,2040.24,17635.3906,4849.9399,1215.78
2015-03-12,2065.95,17895.2207,4893.29,1236.64
2015-03-13,2053.3999,17749.3105,4871.7598,1232.14
2015-03-16,2081.1899,17977.4199,4929.5098,1239.78
2015-03-17,2074.28,17849.0801,4937.4302,1242.23
2015-03-18,2099.5,18076.1895,4982.8301,1252.14
2015-03-19,2089.27,17959.0293,4992.3799,1254.86
2015-03-20,2108.1001,18127.6504,5026.4199,1266.37
2015-03-23,2104.4199,18116.0391,5010.9702,1264.71
2015-03-24,2091.5,18011.1406,4994.73,1263.46
2015-03-25,2061.05,17718.5391,4876.52,1233.85
2015-03-26,2056.1499,17678.2305,4863.3599,1231.99
2015-03-27,2061.02,17712.6602,4891.2202,1240.41
2015-03-30,2086.24,17976.3105,4947.4399,1257.8
2015-03-31,2067.8899,17776.1191,4900.8799,1252.77
2015-04-01,2059.6899,17698.1797,4880.23,1251.71
2015-04-02,2066.96,17763.2402,4886.9399,1255.66
2015-04-06,2080.6201,17880.8496,4917.3198,1260.54
2015-04-07,2076.3301,17875.4199,4910.23,1253.36
2015-04-08,2081.8999,17902.5098,4950.8198,1262.71
2015-04-09,2091.1799,17958.7305,4974.5601,1259.11
2015-04-10,2102.0601,18057.6504,4995.98,1264.77
2015-04-13,2092.4299,17977.0391,4988.25,1265.59
2015-04-14,2095.8401,18036.6992,4977.29,1265.35
2015-04-15,2106.6299,18112.6094,5011.02,1275.35
2015-04-16,2104.99,18105.7695,5007.79,1272.9
2015-04-17,2081.1799,17826.3008,4931.8101,1251.86
2015-04-20,2100.3999,18034.9297,4994.6001,1264.92
2015-04-21,2097.29,17949.5898,5014.1001,1264.15
2015-04-22,2107.96,18038.2695,5035.1699,1265.48
2015-04-23,2112.9299,18058.6895,5056.0601,1271.54
2015-04-24,2117.6899,18080.1406,5092.0801,1267.54
2015-04-27,2108.9199,18037.9707,5060.25,1252.7
2015-04-28,2114.76,18110.1406,5055.4199,1259.36
2015-04-29,2106.8501,18035.5293,5023.6401,1246.95
2015-04-30,2085.51,17840.5195,4941.4199,1220.13
2015-05-01,2108.29,18024.0605,5005.3901,1228.11
2015-05-04,2114.49,18070.4004,5016.9302,1233.22
2015-05-05,2089.46,17928.1992,4939.3301,1215.42
2015-05-06,2080.1499,17841.9805,4919.6401,1219.36
2015-05-07,2088.0,17924.0605,4945.54,1225.54
2015-05-08,2116.1001,18191.1094,5003.5498,1234.9301
2015-05-11,2105.3301,18105.1699,4993.5698,1235.83
2015-05-12,2099.1201,18068.2305,4976.1899,1233.13
2015-05-13,2098.48,18060.4902,4981.6899,1232.28
2015-05-14,2121.1001,18252.2402,5050.7998,1245.11
2015-05-15,2122.73,18272.5605,5048.29,1243.95
2015-05-18,2129.2,18298.8809,5078.4399,1257.52
2015-05-19,2127.8301,18312.3906,5070.0298,1255.66
2015-05-20,2125.8501,18285.4004,5071.7402,1257.74
2015-05-21,2130.8201,18285.7402,5090.79,1256.74
2015-05-22,2126.0601,18232.0195,5089.3599,1252.22
2015-05-26,2104.2,18041.5391,5032.75,1238.76
2015-05-27,2123.48,18162.9902,5106.5898,1254.36
2015-05-28,2120.79,18126.1191,5097.98,1253.1
2015-05-29,2107.3899,18010.6797,5070.0298,1246.53
2015-06-01,2111.73,18040.3691,5082.9302,1249.62
2015-06-02,2109.6001,18011.9395,5076.52,1251.8
2015-06-03,2114.0701,18076.2695,5099.23,1264.58
2015-06-04,2095.8401,17905.5801,5059.1201,1251.29
2015-06-05,2092.8301,17849.4609,5068.46,1261.01
2015-06-08,2079.28,17766.5508,5021.6299,1253.7
2015-06-09,2080.1499,17764.0391,5013.8701,1249.66
2015-06-10,2105.2,18000.4004,5076.6899,1266.9301
2015-06-11,2108.8601,18039.3691,5082.5098,1268.92
2015-06-12,2094.1101,17898.8398,5051.1001,1265.02
2015-06-15,2084.4299,17791.1699,5029.9702,1261.04
2015-06-16,2096.29,17904.4805,5055.5498,1269.53
2015-06-17,2100.4399,17935.7402,5064.8799,1268.33
2015-06-18,2121.24,18115.8398,5132.9502,1284.6801
2015-06-19,2109.99,18015.9492,5117.0,1284.66
2015-06-22,2122.8501,18119.7793,5153.9702,1292.39
2015-06-23,2124.2,18144.0703,5160.0898,1295.8
2015-06-24,2108.5801,17966.0703,5122.4102,1283.92
2015-06-25,2102.3101,17890.3594,5112.1899,1283.28
2015-06-26,2101.49,17946.6797,5080.5098,1279.8
2015-06-29,2057.6399,17596.3496,4958.4702,1246.75
2015-06-30,2063.1101,17619.5098,4986.8701,1253.95
2015-07-01,2077.4199,17757.9102,5013.1201,1256.4
2015-07-02,2076.78,17730.1094,5009.21,1248.26
2015-07-06,2068.76,17683.5801,4991.9399,1246.96
2015-07-07,2081.3401,17776.9102,4997.46,1248.05
2015-07-08,2046.6801,17515.4199,4909.7598,1228.96
2015-07-09,2051.3101,17548.6191,4922.3999,1234.15
2015-07-10,2076.6201,17760.4102,4997.7002,1252.02
2015-07-13,2099.6001,17977.6797,5071.5098,1265.35
2015-07-14,2108.95,18053.5801,5104.8901,1273.33
2015-07-15,2107.3999,18050.1699,5098.9399,1264.52
2015-07-16,2124.29,18120.25,5163.1802,1272.83
2015-07-17,2126.6399,18086.4492,5210.1401,1267.09
2015-07-20,2128.28,18100.4102,5218.8599,1260.22
2015-07-21,2119.21,17919.2891,5208.1201,1254.5699
2015-07-22,2114.1499,17851.0391,5171.77,1258.35
2015-07-23,2102.1499,17731.9199,5146.4102,1244.97
2015-07-24,2079.6499,17568.5293,5088.6299,1225.99
2015-07-27,2067.6399,17440.5898,5039.7798,1214.61
2015-07-28,2093.25,17630.2695,5089.21,1224.6
2015-07-29,2108.5701,17751.3906,5111.73,1229.6
2015-07-30,2108.6299,17745.9805,5128.7798,1232.0699
2015-07-31,2103.8401,17689.8594,5128.2798,1238.6801
2015-08-03,2098.04,17598.1992,5115.3799,1231.79
2015-08-04,2093.3201,17550.6895,5105.5498,1228.85
2015-08-05,2099.8401,17540.4707,5139.9399,1231.75
2015-08-06,2083.5601,17419.75,5056.4399,1215.85
2015-08-07,2077.5701,17373.3809,5043.54,1206.9
2015-08-10,2104.1799,17615.1699,5101.7998,1222.67
2015-08-11,2084.0701,17402.8398,5036.79,1211.14
2015-08-12,2086.05,17402.5098,5044.3901,1208.98
2015-08-13,2083.3899,17408.25,5033.5601,1204.74
2015-08-14,2091.54,17477.4004,5048.2402,1212.6899
2015-08-17,2102.4399,17545.1797,5091.7002,1225.09
2015-08-18,2096.9199,17511.3398,5059.3501,1214.89
2015-08-19,2079.6101,17348.7305,5019.0498,1202.98
2015-08-20,2035.73,16990.6895,4877.4902,1172.52
2015-08-21,1970.89,16459.75,4706.04,1156.79
2015-08-24,1893.21,15871.3496,4526.25,1111.6899
2015-08-25,1867.61,15666.4404,4506.4902,1104.1
2015-08-26,1940.51,16285.5098,4697.54,1132.1899
2015-08-27,1987.66,16654.7695,4812.71,1153.61
2015-08-28,1988.87,16643.0098,4828.3198,1162.91
2015-08-31,1972.1801,16528.0293,4776.5098,1159.45
2015-09-01,1913.85,16058.3496,4636.1001,1128.05
2015-09-02,1948.86,16351.3799,4749.98,1146.03
2015-09-03,1951.13,16374.7598,4733.5,1145.15
2015-09-04,1921.22,16102.3799,4683.9199,1136.17
2015-09-08,1969.41,16492.6797,4811.9302,1161.76
2015-09-09,1942.04,16253.5703,4756.5298,1148.23
2015-09-10,1952.29,16330.4004,4796.25,1153.03
2015-09-11,1961.05,16433.0898,4822.3398,1157.79
2015-09-14,1953.03,16370.96,4805.7598,1153.5
2015-09-15,1978.09,16599.8496,4860.52,1166.0
2015-09-16,1995.3101,16739.9492,4889.2402,1175.2
2015-09-17,1990.2,16674.7402,4893.9502,1180.6899
2015-09-18,1958.03,16384.5801,4827.23,1163.35
2015-09-21,1966.97,16510.1895,4828.9502,1161.09
2015-09-22,1942.74,16330.4697,4756.7202,1143.03
2015-09-23,1938.76,16279.8896,4752.7402,1140.05
2015-09-24,1932.24,16201.3203,4734.48,1137.54
2015-09-25,1931.34,16314.6699,4686.5,1122.79
2015-09-28,1881.77,16001.8896,4543.9702,1090.5699
2015-09-29,1884.09,16049.1299,4517.3198,1083.91
2015-09-30,1920.03,16284.7002,4620.1602,1100.6899
2015-10-01,1923.8199,16272.0098,4627.0801,1097.55
2015-10-02,1951.36,16472.3691,4707.7798,1114.12
2015-10-05,1987.05,16776.4297,4781.2598,1141.64
2015-10-06,1979.92,16790.1895,4748.3599,1133.6899
2015-10-07,1995.83,16912.2891,4791.1499,1152.6
2015-10-08,2013.4301,17050.75,4810.79,1163.24
2015-10-09,2014.89,17084.4902,4830.4702,1165.36
2015-10-12,2017.46,17131.8594,4838.6401,1164.4
2015-10-13,2003.6899,17081.8906,4796.6099,1147.84
2015-10-14,1994.24,16924.75,4782.8501,1136.97
2015-10-15,2023.86,17141.75,4870.1001,1162.77
2015-10-16,2033.11,17215.9707,4886.6899,1162.3101
2015-10-19,2033.66,17230.5391,4905.4702,1164.3
2015-10-20,2030.77,17217.1094,4880.9702,1163.27
2015-10-21,2018.9399,17168.6094,4840.1201,1144.95
2015-10-22,2052.51,17489.1602,4920.0498,1154.52
2015-10-23,2075.1499,17646.6992,5031.8599,1166.0601
2015-10-26,2071.1799,17623.0508,5034.7002,1159.5
2015-10-27,2065.8899,17581.4297,5030.1499,1145.29
2015-10-28,2090.3501,17779.5195,5095.6899,1178.72
2015-10-29,2089.4099,17755.8008,5074.27,1165.63
2015-10-30,2079.3601,17663.5391,5053.75,1161.86
2015-11-02,2104.05,17828.7598,5127.1499,1186.09
2015-11-03,2109.79,17918.1504,5145.1299,1191.58
2015-11-04,2102.3101,17867.5801,5142.48,1190.38
2015-11-05,2099.9299,17863.4297,5127.7402,1190.6899
2015-11-06,2099.2,17910.3301,5147.1201,1199.75
2015-11-09,2078.5801,17730.4805,5095.2998,1184.4301
2015-11-10,2081.72,17758.2109,5083.2402,1187.7
2015-11-11,2075.0,17702.2207,5067.02,1178.0699
2015-11-12,2045.97,17448.0703,5005.0801,1154.8101
2015-11-13,2023.04,17245.2402,4927.8799,1146.55
2015-11-16,2053.1899,17483.0098,4984.6201,1156.08
2015-11-17,2050.4399,17489.5,4986.02,1153.21
2015-11-18,2083.5801,17737.1602,5075.2002,1171.75
2015-11-19,2081.24,17732.75,5073.6401,1166.73
2015-11-20,2089.1699,17823.8105,5104.9199,1175.15
2015-11-23,2086.5901,17792.6797,5102.48,1180.36
2015-11-24,2089.1399,17812.1895,5102.8101,1188.8101
2015-11-25,2088.8701,17813.3906,5116.1401,1198.02
2015-11-27,2090.1101,17813.3906,5127.52,1202.38
2015-11-30,2080.4099,17719.9199,5108.6699,1198.11
2015-12-01,2102.6299,17888.3496,5156.3101,1204.16
2015-12-02,2079.51,17729.6797,5123.2202,1191.6899
2015-12-03,2049.6201,17477.6699,5037.5298,1170.5699
2015-12-04,2091.6899,17847.6309,5142.27,1183.4
2015-12-07,2077.0701,17730.5098,5101.8101,1164.3
2015-12-08,2063.5901,17568.0,5098.2402,1159.4
2015-12-09,2047.62,17492.3008,5022.8701,1145.87
2015-12-10,2052.23,17574.75,5045.1699,1149.02
2015-12-11,2012.37,17265.2109,4933.4702,1123.61
2015-12-14,2021.9399,17368.5,4952.23,1115.86
2015-12-15,2043.41,17524.9102,4995.3599,1131.55
2015-12-16,2073.0701,17749.0898,5071.1299,1148.97
2015-12-17,2041.89,17495.8398,5002.5498,1135.36
2015-12-18,2005.55,17128.5508,4923.0801,1121.02
2015-12-21,2021.15,17251.6191,4968.9199,1127.74
2015-12-22,2038.97,17417.2695,5001.1099,1137.6899
2015-12-23,2064.29,17602.6094,5045.9302,1152.8199
2015-12-24,2060.99,17552.1699,5048.4902,1154.76
2015-12-28,2056.5,17528.2695,5040.9902,1148.21
2015-12-29,2078.3601,17720.9805,5107.9399,1160.52
2015-12-30,2063.3601,17603.8691,5065.8501,1149.64
2015-12-31,2043.9399,17425.0293,5007.4102,1135.89
2016-01-04,2012.66,17148.9395,4903.0898,1108.62
2016-01-05,2016.71,17158.6602,4891.4302,1110.4399
2016-01-06,1990.26,16906.5098,4835.7598,1094.37
2016-01-07,1943.09,16514.0996,4689.4302,1064.5699
2016-01-08,1922.03,16346.4502,4643.6299,1046.2
2016-01-11,1923.67,16398.5703,4637.9902,1041.9
2016-01-12,1938.6801,16516.2207,4685.9199,1044.7
2016-01-13,1890.28,16151.4102,4526.0601,1010.19
2016-01-14,1921.84,16379.0498,4615.0,1025.67
2016-01-15,1880.33,15988.0801,4488.4199,1007.72
2016-01-19,1881.33,16016.0195,4476.9502,994.87
2016-01-20,1859.33,15766.7402,4471.6899,999.31
2016-01-21,1868.99,15882.6797,4472.0601,997.34
2016-01-22,1906.9,16093.5098,4591.1802,1020.66
2016-01-25,1877.08,15885.2197,4518.4902,997.37
2016-01-26,1903.63,16167.2305,4567.6699,1017.97
2016-01-27,1882.95,15944.46,4468.1699,1002.75
2016-01-28,1893.36,16069.6396,4506.6802,1003.27
2016-01-29,1940.24,16466.3008,4613.9502,1035.38
2016-02-01,1939.38,16449.1797,4620.3701,1032.39
2016-02-02,1903.03,16153.54,4516.9502,1008.84
2016-02-03,1912.53,16336.6602,4504.2402,1010.3
2016-02-04,1915.45,16416.5801,4509.5601,1014.79
2016-02-05,1880.05,16204.9697,4363.1401,985.62
2016-02-08,1853.4399,16027.0498,4283.75,969.34
2016-02-09,1852.21,16014.3799,4268.7598,963.9
2016-02-10,1851.86,15914.7402,4283.5898,963.48
2016-02-11,1829.08,15660.1797,4266.8398,953.72
2016-02-12,1864.78,15973.8398,4337.5098,971.99
2016-02-16,1895.58,16196.4102,4435.96,995.8
2016-02-17,1926.8199,16453.8301,4534.0601,1011.13
2016-02-18,1917.83,16413.4297,4487.54,1004.71
2016-02-19,1917.78,16391.9902,4504.4302,1010.01
2016-02-22,1945.5,16620.6602,4570.6099,1021.74
2016-02-23,1921.27,16431.7793,4503.5801,1012.15
2016-02-24,1929.8,16484.9902,4542.6099,1022.08
2016-02-25,1951.7,16697.2891,4582.2002,1031.58
2016-02-26,1948.05,16639.9707,4590.4702,1037.1801
2016-02-29,1932.23,16516.5,4557.9502,1033.9
2016-03-01,1978.35,16865.0801,4689.6001,1054.49
2016-03-02,1986.45,16899.3203,4703.4199,1065.67
2016-03-03,1993.4,16943.9004,4707.4199,1076.05
2016-03-04,1999.99,17006.7695,4717.02,1081.9301
2016-03-07,2001.76,17073.9492,4708.25,1094.15
2016-03-08,1979.26,16964.0996,4648.8198,1067.88
2016-03-09,1989.26,17000.3594,4674.3799,1072.77
2016-03-10,1989.5699,16995.1309,4662.1602,1063.99
2016-03-11,2022.1899,17213.3105,4748.4702,1087.5601
2016-03-14,2019.64,17229.1309,4750.2798,1084.25
2016-03-15,2015.9301,17251.5293,4728.6699,1066.67
2016-03-16,2027.22,17325.7598,4763.9702,1074.51
2016-03-17,2040.59,17481.4902,4774.9902,1091.25
2016-03-18,2049.5801,17602.3008,4795.6499,1101.67
2016-03-21,2051.6001,17623.8691,4808.8701,1098.58
2016-03-22,2049.8,17582.5703,4821.6602,1097.34
2016-03-23,2036.71,17502.5898,4768.8599,1075.7
2016-03-24,2035.9399,17515.7305,4773.5,1079.54
2016-03-28,2037.05,17535.3906,4766.79,1080.23
2016-03-29,2055.01,17633.1094,4846.6201,1109.08
2016-03-30,2063.95,17716.6602,4869.29,1110.4399
2016-03-31,2059.74,17685.0898,4869.8501,1114.03
2016-04-01,2072.78,17792.75,4914.54,1117.6801
2016-04-04,2066.1299,17737.0,4891.7998,1108.54
2016-04-05,2045.17,17603.3203,4843.9302,1095.85
2016-04-06,2066.6599,17716.0508,4920.7202,1108.8101
2016-04-07,2041.91,17541.9609,4848.3701,1092.79
2016-04-08,2047.6,17576.9609,4850.6899,1097.3101
2016-04-11,2041.99,17556.4102,4833.3999,1094.34
2016-04-12,2061.72,17721.25,4872.0898,1105.71
2016-04-13,2082.4199,17908.2793,4947.4199,1129.9301
2016-04-14,2082.78,17926.4297,4945.8901,1128.59
2016-04-15,2080.73,17897.4609,4938.2202,1130.92
2016-04-18,2094.3401,18004.1602,4960.02,1139.28
2016-04-19,2100.8,18053.5996,4940.3301,1140.23
2016-04-20,2102.3999,18096.2695,4948.1299,1142.29
2016-04-21,2091.48,17982.5195,4945.8901,1135.77
2016-04-22,2091.5801,18003.75,4906.23,1146.6899
2016-04-25,2087.79,17977.2402,4895.79,1138.1
2016-04-26,2091.7,17990.3203,4888.2798,1150.73
2016-04-27,2095.1499,18041.5508,4863.1401,1154.15
2016-04-28,2075.8101,17830.7598,4805.29,1140.4
2016-04-29,2065.3,17773.6406,4775.3599,1130.85
2016-05-02,2081.4299,17891.1602,4817.5898,1140.92
2016-05-03,2063.3701,17750.9102,4763.2202,1121.76
2016-05-04,2051.1201,17651.2598,4725.6401,1113.13
2016-05-05,2050.6299,17660.7109,4717.0898,1107.95
2016-05-06,2057.1399,17740.6309,4736.1602,1114.72
2016-05-09,2058.6899,17705.9102,4750.21,1118.25
2016-05-10,2084.3899,17928.3496,4809.8799,1128.83
2016-05-11,2064.46,17711.1191,4760.6899,1114.74
2016-05-12,2064.1101,17720.5,4737.3301,1108.6
2016-05-13,2046.61,17535.3203,4717.6802,1102.4399
2016-05-16,2066.6599,17710.7109,4775.46,1116.21
2016-05-17,2047.21,17529.9805,4715.73,1097.6801
2016-05-18,2047.63,17526.6191,4739.1201,1102.95
2016-05-19,2040.04,17435.4004,4712.5298,1094.78
2016-05-20,2052.3201,17500.9395,4769.5601,1112.28
2016-05-23,2048.04,17492.9297,4765.7798,1111.37
2016-05-24,2076.0601,17706.0508,4861.0601,1135.3101
2016-05-25,2090.54,17851.5098,4894.8901,1141.02
2016-05-26,2090.1001,17828.2891,4901.77,1139.75
2016-05-27,2099.0601,17873.2207,4933.5,1150.45
2016-05-31,2096.95,17787.1992,4948.0498,1154.79
2016-06-01,2099.3301,17789.6699,4952.25,1163.04
2016-06-02,2105.26,17838.5605,4971.3599,1170.58
2016-06-03,2099.1299,17807.0605,4942.52,1164.13
2016-06-06,2109.4099,17920.3301,4968.71,1176.87
2016-06-07,2112.1299,17938.2793,4961.75,1179.97
2016-06-08,2119.1201,18005.0508,4974.6401,1188.95
2016-06-09,2115.48,17985.1895,4958.6201,1181.2
2016-06-10,2096.0701,17865.3398,4894.5498,1163.9301
2016-06-13,2079.0601,17732.4805,4848.4399,1150.7
2016-06-14,2075.3201,17674.8203,4843.5498,1147.8199
2016-06-15,2071.5,17640.1699,4834.9302,1149.3
2016-06-16,2077.99,17733.0996,4844.9199,1148.1899
2016-06-17,2071.22,17675.1602,4800.3398,1144.7
2016-06-20,2083.25,17804.8691,4837.21,1157.7
2016-06-21,2088.8999,17829.7305,4843.7598,1153.87
2016-06-22,2085.45,17780.8301,4833.3198,1148.97
2016-06-23,2113.3201,18011.0703,4910.04,1172.22
2016-06-24,2037.41,17400.75,4707.98,1127.54
2016-06-27,2000.54,17140.2402,4594.4399,1089.65
2016-06-28,2036.09,17409.7207,4691.8701,1107.3
2016-06-29,2070.77,17694.6797,4779.25,1131.62
2016-06-30,2098.8601,17929.9902,4842.6699,1151.92
2016-07-01,2102.95,17949.3691,4862.5698,1156.77
2016-07-05,2088.55,17840.6191,4822.8999,1139.45
2016-07-06,2099.73,17918.6191,4859.1602,1147.33
2016-07-07,2097.8999,17895.8809,4876.8101,1149.76
2016-07-08,2129.8999,18146.7402,4956.7598,1177.36
2016-07-11,2137.1599,18226.9297,4988.6401,1190.03
2016-07-12,2152.1399,18347.6699,5022.8198,1205.89
2016-07-13,2152.4299,18372.1191,5005.73,1201.16
2016-07-14,2163.75,18506.4102,5034.0601,1202.17
2016-07-15,2161.74,18516.5508,5029.5898,1205.3101
2016-07-18,2166.8899,18533.0508,5055.7798,1207.91
2016-07-19,2163.78,18559.0098,5036.3701,1200.45
2016-07-20,2173.02,18595.0293,5089.9302,1209.74
2016-07-21,2165.1699,18517.2305,5073.8999,1203.86
2016-07-22,2175.03,18570.8496,5100.1602,1212.89
2016-07-25,2168.48,18493.0605,5097.6299,1209.8199
2016-07-26,2169.1799,18473.75,5110.0498,1216.86
2016-07-27,2166.5801,18472.1699,5139.8101,1218.9301
2016-07-28,2170.0601,18456.3496,5154.98,1217.33
2016-07-29,2173.6001,18432.2402,5162.1299,1219.9399
2016-08-01,2170.8401,18404.5098,5184.2002,1219.12
2016-08-02,2157.03,18313.7695,5137.73,1202.35
2016-08-03,2163.79,18355.0,5159.7402,1212.73
2016-08-04,2164.25,18352.0508,5166.25,1213.76
2016-08-05,2182.8701,18543.5293,5221.1201,1231.3
2016-08-08,2180.8899,18529.2891,5213.1401,1230.42
2016-08-09,2181.74,18533.0508,5225.48,1231.74
2016-08-10,2175.49,18495.6602,5204.5801,1223.27
2016-08-11,2185.79,18613.5195,5228.3999,1229.12
2016-08-12,2184.05,18576.4707,5232.8901,1229.8199
2016-08-15,2190.1499,18636.0508,5262.02,1241.86
2016-08-16,2178.1499,18552.0195,5227.1099,1231.13
2016-08-17,2182.22,18573.9395,5228.6602,1227.6801
2016-08-18,2187.02,18597.6992,5240.1499,1236.85
2016-08-19,2183.8701,18552.5703,5238.3799,1236.77
2016-08-22,2182.6399,18529.4199,5244.6001,1239.74
2016-08-23,2186.8999,18547.3008,5260.0801,1248.58
2016-08-24,2175.4399,18481.4805,5217.6899,1237.25
2016-08-25,2172.47,18448.4102,5212.2002,1240.0
2016-08-26,2169.04,18395.4004,5218.9199,1238.03
2016-08-29,2180.3799,18502.9902,5232.3301,1244.9399
2016-08-30,2176.1201,18454.3008,5222.9902,1246.03
2016-08-31,2170.95,18400.8809,5213.2202,1239.91
2016-09-01,2170.8601,18419.3008,5227.21,1239.8
2016-09-02,2179.98,18491.9609,5249.8999,1251.83
2016-09-06,2186.48,18538.1191,5275.9102,1253.37
2016-09-07,2186.1599,18526.1406,5283.9302,1261.01
2016-09-08,2181.3,18479.9102,5259.48,1258.36
2016-09-09,2127.8101,18085.4492,5125.9102,1219.21
2016-09-12,2159.04,18325.0703,5211.8901,1235.87
2016-09-13,2127.02,18066.75,5155.25,1212.3199
2016-09-14,2125.77,18034.7695,5173.77,1211.59
2016-09-15,2147.26,18212.4805,5249.6899,1227.02
2016-09-16,2139.1599,18123.8008,5244.5698,1224.78
2016-09-19,2139.1201,18120.1699,5235.0298,1232.53
2016-09-20,2139.76,18129.9609,5241.3501,1228.33
2016-09-21,2163.1201,18293.6992,5295.1802,1245.04
2016-09-22,2177.1799,18392.4609,5339.52,1263.4399
2016-09-23,2164.6899,18261.4492,5305.75,1254.62
2016-09-26,2146.1001,18094.8301,5257.4902,1240.9399
2016-09-27,2159.9299,18228.3008,5305.71,1246.38
2016-09-28,2171.3701,18339.2402,5318.5498,1255.67
2016-09-29,2151.1299,18143.4492,5269.1499,1237.75
2016-09-30,2168.27,18308.1504,5312.0,1251.65
2016-10-03,2161.2,18253.8496,5300.8701,1245.78
2016-10-04,2150.49,18168.4492,5289.6602,1239.78
2016-10-05,2159.73,18281.0293,5316.02,1248.37
2016-10-06,2160.77,18268.5,5306.8501,1246.24
2016-10-07,2153.74,18240.4902,5292.3999,1236.5601
2016-10-10,2163.6599,18329.0391,5328.6699,1250.76
2016-10-11,2136.73,18128.6602,5246.79,1227.62
2016-10-12,2139.1799,18144.1992,5239.02,1227.23
2016-10-13,2132.55,18098.9395,5213.3301,1215.75
2016-10-14,2132.98,18138.3809,5214.1602,1212.41
2016-10-17,2126.5,18086.4004,5199.8198,1210.14
2016-10-18,2139.6001,18161.9395,5243.8398,1217.3
2016-10-19,2144.29,18202.6191,5246.4102,1222.64
2016-10-20,2141.3401,18162.3496,5241.8301,1219.79
2016-10-21,2141.1599,18145.7109,5257.3999,1218.1
2016-10-24,2151.3301,18223.0293,5309.8301,1226.45
2016-10-25,2143.1599,18169.2695,5283.3999,1216.1
2016-10-26,2139.4299,18199.3301,5250.27,1204.75
2016-10-27,2133.04,18169.6797,5215.9702,1189.95
2016-10-28,2126.4099,18161.1895,5190.1001,1187.61
2016-10-31,2126.1499,18142.4199,5189.1401,1191.39
2016-11-01,2111.72,18037.0996,5153.5801,1177.9399
2016-11-02,2097.9399,17959.6406,5105.5698,1162.52
2016-11-03,2088.6599,17930.6699,5058.4102,1156.89
2016-11-04,2085.1799,17888.2793,5046.3701,1163.4399
2016-11-07,2131.52,18259.5996,5166.1699,1192.25
2016-11-08,2139.5601,18332.7402,5193.4902,1195.14
2016-11-09,2163.26,18589.6895,5251.0698,1232.16
2016-11-10,2167.48,18807.8809,5208.7998,1251.61
2016-11-11,2164.45,18847.6602,5237.1099,1282.38
2016-11-14,2164.2,18868.6895,5218.3999,1298.6
2016-11-15,2180.3899,18923.0605,5275.6201,1302.14
2016-11-16,2176.9399,18868.1406,5294.5801,1302.2
2016-11-17,2187.1201,18903.8203,5333.9702,1309.48
2016-11-18,2181.8999,18867.9297,5321.5098,1315.64
2016-11-21,2198.1799,18956.6895,5368.8599,1322.23
2016-11-22,2202.9399,19023.8691,5386.3501,1334.34
2016-11-23,2204.72,19083.1797,5380.6802,1342.09
2016-11-25,2213.3501,19152.1406,5398.9199,1347.2
2016-11-28,2201.72,19097.9004,5368.8101,1329.83
2016-11-29,2204.6599,19121.5996,5379.9199,1328.22
2016-11-30,2198.8101,19123.5801,5323.6802,1322.34
2016-12-01,2191.0801,19191.9297,5251.1099,1313.8
2016-12-02,2191.95,19170.4199,5255.6499,1314.25
2016-12-05,2204.71,19216.2402,5308.8901,1337.79
2016-12-06,2212.23,19251.7793,5333.0,1352.67
2016-12-07,2241.3501,19549.6191,5393.7598,1364.51
2016-12-08,2246.1899,19614.8105,5417.3599,1386.37
2016-12-09,2259.53,19756.8496,5444.5,1388.0699
2016-12-12,2256.96,19796.4297,5412.54,1373.14
2016-12-13,2271.72,19911.2109,5463.8301,1373.53
2016-12-14,2253.28,19792.5293,5436.6699,1356.02
2016-12-15,2262.03,19852.2402,5456.8501,1366.41
2016-12-16,2258.0701,19843.4102,5437.1602,1364.1899
2016-12-19,2262.53,19883.0605,5457.4399,1371.6801
2016-12-20,2270.76,19974.6191,5483.9399,1383.96
2016-12-21,2265.1799,19941.9609,5471.4302,1375.1899
2016-12-22,2260.96,19918.8809,5447.4199,1362.66
2016-12-23,2263.79,19933.8105,5462.6899,1371.51
2016-12-27,2268.8799,19945.0391,5487.4399,1377.71
2016-12-28,2249.9199,19833.6797,5438.5601,1360.83
2016-12-29,2249.26,19819.7793,5432.0898,1363.1801
2016-12-30,2238.8301,19762.5996,5383.1201,1357.13
2017-01-03,2257.8301,19881.7598,5429.0801,1365.49
2017-01-04,2270.75,19942.1602,5477.0,1387.95
2017-01-05,2269.0,19899.2891,5487.9399,1371.9399
2017-01-06,2276.98,19963.8008,5521.0601,1367.28
2017-01-09,2268.8999,19887.3809,5531.8198,1357.49
2017-01-10,2268.8999,19855.5293,5551.8198,1370.9
2017-01-11,2275.3201,19954.2793,5563.6499,1373.3
2017-01-12,2270.4399,19891.0,5547.4902,1361.0699
2017-01-13,2274.6399,19885.7305,5574.1201,1372.05
2017-01-17,2267.8899,19826.7695,5538.73,1352.3199
2017-01-18,2271.8899,19804.7207,5555.6499,1358.5601
2017-01-19,2263.6899,19732.4004,5540.0801,1345.74
2017-01-20,2271.3101,19827.25,5555.3301,1351.85
2017-01-23,2265.2,19799.8496,5552.9399,1347.84
2017-01-24,2280.0701,19912.7109,5600.96,1369.21
2017-01-25,2298.3701,20068.5098,5656.3398,1382.4399
2017-01-26,2296.6799,20100.9102,5655.1802,1375.6
2017-01-27,2294.6899,20093.7793,5660.7798,1370.7
2017-01-30,2280.8999,19971.1309,5613.71,1352.33
2017-01-31,2278.8701,19864.0898,5614.79,1361.8199
2017-02-01,2279.55,19890.9395,5642.6499,1361.23
2017-02-02,2280.8501,19884.9102,5636.2002,1357.4301
2017-02-03,2297.4199,20071.4609,5666.77,1377.84
2017-02-06,2292.5601,20052.4199,5663.5498,1366.66
2017-02-07,2293.0801,20090.2891,5674.2202,1361.0601
2017-02-08,2294.6699,20054.3398,5682.4502,1358.74
2017-02-09,2307.8701,20172.4004,5715.1802,1378.53
2017-02-10,2316.1001,20269.3691,5734.1299,1388.84
2017-02-13,2328.25,20412.1602,5763.96,1392.38
2017-02-14,2337.5801,20504.4102,5782.5698,1396.65
2017-02-15,2349.25,20611.8594,5819.4399,1404.21
2017-02-16,2347.22,20619.7695,5814.8999,1399.13
2017-02-17,2351.1599,20624.0508,5838.5801,1399.86
2017-02-21,2365.3799,20743.0,5865.9502,1410.34
2017-02-22,2362.8201,20775.5996,5860.6299,1403.86
2017-02-23,2363.8101,20810.3203,5835.5098,1394.62
2017-02-24,2367.3401,20821.7598,5845.3101,1394.52
2017-02-27,2369.75,20837.4395,5861.8999,1407.97
2017-02-28,2363.6399,20812.2402,5825.4399,1386.6801
2017-03-01,2395.96,21115.5508,5904.0298,1413.64
2017-03-02,2381.9199,21002.9707,5861.2202,1395.67
2017-03-03,2383.1201,21005.7109,5870.75,1394.13
2017-03-06,2375.3101,20954.3398,5849.1802,1384.25
2017-03-07,2368.3899,20924.7598,5833.9302,1374.88
2017-03-08,2362.98,20855.7305,5837.5498,1366.04
2017-03-09,2364.8701,20858.1895,5838.8101,1360.12
2017-03-10,2372.6001,20902.9805,5861.73,1365.26
2017-03-13,2373.47,20881.4805,5875.7798,1370.28
2017-03-14,2365.45,20837.3691,5856.8198,1362.38
2017-03-15,2385.26,20950.0996,5900.0498,1382.83
2017-03-16,2381.3799,20934.5508,5900.7598,1386.03
2017-03-17,2378.25,20914.6191,5901.0,1391.52
2017-03-20,2373.47,20905.8594,5901.5298,1384.1
2017-03-21,2344.02,20668.0098,5793.8301,1346.55
2017-03-22,2348.45,20661.3008,5821.6401,1345.6
2017-03-23,2345.96,20656.5801,5817.6899,1353.4301
2017-03-24,2343.98,20596.7207,5828.7402,1354.64
2017-03-27,2341.5901,20550.9805,5840.3701,1357.3199
2017-03-28,2358.5701,20701.5,5875.1401,1367.26
2017-03-29,2361.1299,20659.3203,5897.5498,1371.64
2017-03-30,2368.0601,20728.4902,5914.3398,1382.35
2017-03-31,2362.72,20663.2207,5911.7402,1385.92
2017-04-03,2358.8401,20650.2109,5894.6802,1369.67
2017-04-04,2360.1599,20689.2402,5898.6099,1368.1801
2017-04-05,2352.95,20648.1504,5864.48,1352.14
2017-04-06,2357.49,20662.9492,5878.9502,1364.4301
2017-04-07,2355.54,20656.0996,5877.8101,1364.5601
2017-04-10,2357.1599,20658.0195,5880.9302,1367.09
2017-04-11,2353.78,20651.3008,5866.77,1376.95
2017-04-12,2344.9299,20591.8594,5836.1602,1359.2
2017-04-13,2328.95,20453.25,5805.1499,1345.24
2017-04-17,2349.01,20636.9199,5856.79,1361.1801
2017-04-18,2342.1899,20523.2793,5849.4702,1361.89
2017-04-19,2338.1699,20404.4902,5863.0298,1367.13
2017-04-20,2355.8401,20578.7109,5916.7798,1384.15
2017-04-21,2348.6899,20547.7598,5910.52,1379.85
2017-04-24,2374.1499,20763.8906,5983.8198,1397.9399
2017-04-25,2388.6101,20996.1191,6025.4902,1411.08
2017-04-26,2387.45,20975.0898,6025.23,1419.4301
2017-04-27,2388.77,20981.3301,6048.9399,1417.13
2017-04-28,2384.2,20940.5098,6047.6099,1400.4301
2017-05-01,2388.3301,20913.4609,6091.6001,1407.36
2017-05-02,2391.1699,20949.8906,6095.3701,1399.36
2017-05-03,2388.1299,20957.9004,6072.5498,1390.92
2017-05-04,2389.52,20951.4707,6075.3398,1388.85
2017-05-05,2399.29,21006.9395,6100.7598,1397.0
2017-05-08,2399.3799,21012.2793,6102.6602,1391.64
2017-05-09,2396.9199,20975.7793,6120.5898,1391.86
2017-05-10,2399.6299,20943.1094,6129.1401,1399.59
2017-05-11,2394.4399,20919.4199,6115.96,1390.2
2017-05-12,2390.8999,20896.6094,6121.23,1382.77
2017-05-15,2402.3201,20981.9395,6149.6699,1393.92
2017-05-16,2400.6699,20979.75,6169.8701,1394.6801
2017-05-17,2357.03,20606.9297,6011.2402,1355.89
2017-05-18,2365.72,20663.0195,6055.1299,1361.08
2017-05-19,2381.73,20804.8398,6083.7002,1367.33
2017-05-22,2394.02,20894.8301,6133.6201,1377.14
2017-05-23,2398.4199,20937.9102,6138.71,1380.98
2017-05-24,2404.3899,21012.4199,6163.02,1382.51
2017-05-25,2415.0701,21082.9492,6205.2598,1383.39
2017-05-26,2415.8201,21080.2793,6210.1899,1382.24
2017-05-30,2412.9099,21029.4707,6203.1899,1371.1899
2017-05-31,2411.8,21008.6504,6198.52,1370.21
2017-06-01,2430.0601,21144.1797,6246.8301,1396.0601
2017-06-02,2439.0701,21206.2891,6305.7998,1405.39
2017-06-05,2436.1001,21184.0391,6295.6802,1396.45
2017-06-06,2429.3301,21136.2305,6275.0601,1394.9
2017-06-07,2433.1399,21173.6895,6297.3799,1396.67
2017-06-08,2433.79,21182.5293,6321.7598,1415.61
2017-06-09,2431.77,21271.9707,6207.9199,1421.71
2017-06-12,2429.3899,21235.6699,6175.46,1419.21
2017-06-13,2440.3501,21328.4707,6220.3701,1425.99
2017-06-14,2437.9199,21374.5605,6194.8901,1417.5699
2017-06-15,2432.46,21359.9004,6165.5,1410.08
2017-06-16,2433.1499,21384.2793,6151.7598,1406.73
2017-06-19,2453.46,21528.9902,6239.0098,1418.08
2017-06-20,2437.03,21467.1406,6188.0298,1402.97
2017-06-21,2435.6101,21410.0293,6233.9502,1399.25
2017-06-22,2434.5,21397.2891,6236.6899,1404.54
2017-06-23,2438.3,21394.7598,6265.25,1414.78
2017-06-26,2439.0701,21409.5508,6247.1499,1416.64
2017-06-27,2419.3799,21310.6602,6146.6201,1403.52
2017-06-28,2440.6899,21454.6094,6234.4102,1425.27
2017-06-29,2419.7,21287.0293,6144.3501,1416.2
2017-06-30,2423.4099,21349.6309,6140.4199,1415.36
2017-07-03,2429.01,21479.2695,6110.0601,1426.6801
2017-07-05,2432.54,21478.1699,6150.8599,1420.15
2017-07-06,2409.75,21320.0391,6089.46,1400.8101
2017-07-07,2425.1799,21414.3398,6153.0801,1415.84
2017-07-10,2427.4299,21408.5195,6176.3901,1408.47
2017-07-11,2425.53,21409.0703,6193.2998,1413.05
2017-07-12,2443.25,21532.1406,6261.1699,1424.3199
2017-07-13,2447.8301,21553.0898,6274.4399,1425.66
2017-07-14,2459.27,21637.7402,6312.4702,1428.8199
2017-07-17,2459.1399,21629.7207,6314.4302,1431.6
2017-07-18,2460.6101,21574.7305,6344.3101,1427.61
2017-07-19,2473.8301,21640.75,6385.04,1441.77
2017-07-20,2473.45,21611.7793,6390.0,1442.35
2017-07-21,2472.54,21580.0703,6387.75,1435.84
2017-07-24,2469.9099,21513.1699,6410.8101,1438.05
2017-07-25,2477.1299,21613.4297,6412.1699,1450.39
2017-07-26,2477.8301,21711.0098,6422.75,1442.28
2017-07-27,2475.4199,21796.5508,6382.1899,1433.62
2017-07-28,2472.1001,21830.3105,6374.6802,1429.26
2017-07-31,2470.3,21891.1191,6348.1201,1425.14
2017-08-01,2476.3501,21963.9199,6362.9399,1428.33
2017-08-02,2477.5701,22016.2402,6362.6499,1412.9
2017-08-03,2472.1599,22026.0996,6340.3398,1405.23
2017-08-04,2476.8301,22092.8105,6351.5601,1412.3199
2017-08-07,2480.9099,22118.4199,6383.77,1414.17
2017-08-08,2474.9199,22085.3398,6370.46,1410.15
2017-08-09,2474.02,22048.6992,6352.3301,1396.95
2017-08-10,2438.21,21844.0098,6216.8701,1372.54
2017-08-11,2441.3201,21858.3203,6256.5601,1374.23
2017-08-14,2465.8401,21993.7109,6340.23,1394.3101
2017-08-15,2464.6101,21998.9902,6333.0098,1383.24
2017-08-16,2468.1101,22024.8691,6345.1099,1383.53
2017-08-17,2430.01,21750.7305,6221.9102,1358.9399
2017-08-18,2425.55,21674.5098,6216.5298,1357.79
2017-08-21,2428.3701,21703.75,6213.1299,1356.9
2017-08-22,2452.51,21899.8906,6297.48,1371.54
2017-08-23,2444.04,21812.0898,6278.4102,1369.74
2017-08-24,2438.97,21783.4004,6271.3301,1373.88
2017-08-25,2443.05,21813.6699,6265.6401,1377.45
2017-08-28,2444.24,21808.4004,6283.02,1382.23
2017-08-29,2446.3,21865.3691,6301.8901,1383.6801
2017-08-30,2457.5901,21892.4297,6368.3101,1391.3199
2017-08-31,2471.6499,21948.0996,6428.6602,1405.28
2017-09-01,2476.55,21987.5605,6435.3301,1413.5699
2017-09-05,2457.8501,21753.3105,6375.5698,1399.66
2017-09-06,2465.54,21807.6406,6393.3101,1402.2
2017-09-07,2465.1001,21784.7793,6397.8701,1398.67
2017-09-08,2461.4299,21797.7891,6360.1899,1399.4301
2017-09-11,2488.1101,22057.3691,6432.2598,1414.83
2017-09-12,2496.48,22118.8594,6454.2798,1423.46
2017-09-13,2498.3701,22158.1797,6460.1899,1426.89
2017-09-14,2495.6201,22203.4805,6429.0801,1425.02
2017-09-15,2500.23,22268.3398,6448.4702,1431.71
2017-09-18,2503.8701,22331.3496,6454.6401,1441.08
2017-09-19,2506.6499,22370.8008,6461.3198,1440.4
2017-09-20,2508.24,22412.5898,6456.04,1445.42
2017-09-21,2500.6001,22359.2305,6422.6899,1444.1801
2017-09-22,2502.22,22349.5898,6426.9199,1450.78
2017-09-25,2496.6599,22296.0898,6370.5898,1451.96
2017-09-26,2496.8401,22284.3203,6380.1602,1456.86
2017-09-27,2507.04,22340.7109,6453.2598,1484.8101
2017-09-28,2510.0601,22381.1992,6453.4502,1488.79
2017-09-29,2519.3601,22405.0898,6495.96,1490.86
2017-10-02,2529.1201,22557.5996,6516.7202,1509.47
2017-10-03,2534.5801,22641.6699,6531.71,1511.97
2017-10-04,2537.74,22661.6406,6534.6299,1507.76
2017-10-05,2552.0701,22775.3906,6585.3599,1512.09
2017-10-06,2549.3301,22773.6699,6590.1802,1510.22
2017-10-09,2544.73,22761.0703,6579.73,1503.5601
2017-10-10,2550.6399,22830.6797,6587.25,1508.01
2017-10-11,2555.24,22872.8906,6603.5498,1506.92
2017-10-12,2550.9299,22841.0098,6591.5098,1505.16
2017-10-13,2553.1699,22871.7207,6605.7998,1502.66
2017-10-16,2557.6399,22956.9609,6624.0,1502.6801
2017-10-17,2559.3601,22997.4395,6623.6602,1497.5
2017-10-18,2561.26,23157.5996,6624.2202,1505.14
2017-10-19,2562.1001,23163.0391,6605.0698,1502.04
2017-10-20,2575.21,23328.6309,6629.0498,1509.25
2017-10-23,2564.98,23273.9609,6586.8301,1497.49
2017-10-24,2569.1299,23441.7598,6598.4302,1500.42
2017-10-25,2557.1499,23329.4609,6563.8901,1493.48
2017-10-26,2560.3999,23400.8594,6556.77,1497.46
2017-10-27,2581.0701,23434.1895,6701.2598,1508.3199
2017-10-30,2572.8301,23348.7402,6698.96,1490.9
2017-10-31,2575.26,23377.2402,6727.6699,1502.53
2017-11-01,2579.3601,23435.0098,6716.5298,1492.78
2017-11-02,2579.8501,23516.2598,6714.9399,1496.55
2017-11-03,2587.8401,23539.1895,6764.4399,1494.91
2017-11-06,2591.1299,23548.4199,6786.4399,1497.96
2017-11-07,2590.6399,23557.2305,6767.7798,1479.09
2017-11-08,2594.3799,23563.3594,6789.1201,1481.73
2017-11-09,2584.6201,23461.9395,6750.0498,1475.02
2017-11-10,2582.3,23422.2109,6750.9399,1475.27
2017-11-13,2584.8401,23439.6992,6757.6001,1475.0699
2017-11-14,2578.8701,23409.4707,6737.8701,1471.26
2017-11-15,2564.6201,23271.2793,6706.21,1464.09
2017-11-16,2585.6399,23458.3594,6793.29,1486.88
2017-11-17,2578.8501,23358.2402,6782.79,1492.8199
2017-11-20,2582.1399,23430.3301,6790.71,1503.4
2017-11-21,2599.03,23590.8301,6862.48,1518.89
2017-11-22,2597.0801,23526.1797,6867.3599,1516.76
2017-11-24,2602.4199,23557.9902,6889.1602,1519.16
2017-11-27,2601.4199,23580.7793,6878.52,1513.3101
2017-11-28,2627.04,23836.7109,6912.3599,1536.4301
2017-11-29,2626.0701,23940.6797,6824.3901,1542.3
2017-11-30,2647.5801,24272.3496,6873.9702,1544.14
2017-12-01,2642.22,24231.5898,6847.5898,1537.02
2017-12-04,2639.4399,24290.0508,6775.3701,1532.41
2017-12-05,2629.5701,24180.6406,6762.21,1516.76
2017-12-06,2629.27,24140.9102,6776.3799,1508.88
2017-12-07,2636.98,24211.4805,6812.8398,1520.47
2017-12-08,2651.5,24329.1602,6840.0801,1521.72
2017-12-11,2659.99,24386.0293,6875.0801,1519.84
2017-12-12,2664.1101,24504.8008,6862.3198,1516.12
2017-12-13,2662.8501,24585.4297,6875.7998,1524.45
2017-12-14,2652.01,24508.6602,6856.5298,1506.95
2017-12-15,2675.8101,24651.7402,6936.5801,1530.42
2017-12-18,2690.1599,24792.1992,6994.7598,1548.92
2017-12-19,2681.47,24754.75,6963.8501,1536.75
2017-12-20,2679.25,24726.6504,6960.96,1540.08
2017-12-21,2684.5701,24782.2891,6965.3599,1547.11
2017-12-22,2683.3401,24754.0605,6959.96,1542.9301
2017-12-26,2680.5,24746.2109,6936.25,1544.23
2017-12-27,2682.6201,24774.3008,6939.3398,1543.9399
2017-12-28,2687.54,24837.5098,6950.1602,1548.9301
2017-12-29,2673.6101,24719.2207,6903.3901,1535.51
2018-01-02,2695.8101,24824.0098,7006.8999,1550.01
2018-01-03,2713.0601,24922.6797,7065.5298,1552.58
2018-01-04,2723.99,25075.1309,7077.9102,1555.72
2018-01-05,2743.1499,25295.8691,7136.5601,1560.01
2018-01-08,2747.71,25283.0,7157.3901,1561.8101
2018-01-09,2751.29,25385.8008,7163.5801,1560.1
2018-01-10,2748.23,25369.1309,7153.5698,1559.8
2018-01-11,2767.5601,25574.7305,7211.7798,1586.79
2018-01-12,2786.24,25803.1895,7261.0601,1591.97
2018-01-16,2776.4199,25792.8594,7223.6899,1572.97
2018-01-17,2802.5601,26115.6504,7298.2798,1586.66
2018-01-18,2798.03,26017.8105,7296.0498,1576.73
2018-01-19,2810.3,26071.7207,7336.3799,1597.63
2018-01-22,2832.97,26214.5996,7408.0298,1605.17
2018-01-23,2839.1299,26210.8105,7460.29,1610.71
2018-01-24,2837.54,26252.1191,7415.0601,1601.77
2018-01-25,2839.25,26392.7891,7411.1602,1601.67
2018-01-26,2872.8701,26616.7109,7505.77,1608.0601
2018-01-29,2853.53,26439.4805,7466.5098,1598.11
2018-01-30,2822.4299,26076.8906,7402.48,1582.8199
2018-01-31,2823.8101,26149.3906,7411.48,1574.98
2018-02-01,2821.98,26186.7109,7385.8599,1579.87
2018-02-02,2762.1299,25520.9609,7240.9502,1547.27
2018-02-05,2648.9399,24345.75,6967.5298,1491.09
2018-02-06,2695.1399,24912.7695,7115.8799,1507.17
2018-02-07,2681.6599,24893.3496,7051.98,1507.97
2018-02-08,2581.0,23860.4609,6777.1602,1463.79
2018-02-09,2619.55,24190.9004,6874.4902,1477.84
2018-02-12,2656.0,24601.2695,6981.96,1490.98
2018-02-13,2662.9399,24640.4492,7013.5098,1494.95
2018-02-14,2698.6299,24893.4902,7143.6201,1522.1
2018-02-15,2731.2,25200.3691,7256.4302,1537.2
2018-02-16,2732.22,25219.3809,7239.4702,1543.55
2018-02-20,2716.26,24964.75,7234.3101,1529.99
2018-02-21,2701.3301,24797.7793,7218.23,1531.84
2018-02-22,2703.96,24962.4805,7210.0898,1529.99
2018-02-23,2747.3,25309.9902,7337.3901,1549.1899
2018-02-26,2779.6001,25709.2695,7421.46,1559.33
2018-02-27,2744.28,25410.0293,7330.3501,1536.47
2018-02-28,2713.8301,25029.1992,7273.0098,1512.45
2018-03-01,2677.6699,24608.9805,7180.5601,1507.39
2018-03-02,2691.25,24538.0605,7257.8701,1533.17
2018-03-05,2720.9399,24874.7598,7330.71,1546.05
2018-03-06,2728.1201,24884.1191,7372.0098,1562.2
2018-03-07,2726.8,24801.3594,7396.6499,1574.53
2018-03-08,2738.97,24895.2109,7427.9502,1571.97
2018-03-09,2786.5701,25335.7402,7560.8101,1597.14
2018-03-12,2783.02,25178.6094,7588.3198,1601.0601
2018-03-13,2765.3101,25007.0293,7511.0098,1592.05
2018-03-14,2749.48,24758.1191,7496.8101,1584.3101
2018-03-15,2747.3301,24873.6602,7481.7402,1576.62
2018-03-16,2752.01,24946.5098,7481.9902,1586.05
2018-03-19,2712.9199,24610.9102,7344.2402,1570.5601
2018-03-20,2716.9399,24727.2695,7364.2998,1570.41
2018-03-21,2711.9299,24682.3105,7345.29,1579.3
2018-03-22,2643.6899,23957.8906,7166.6802,1543.87
2018-03-23,2588.26,23533.1992,6992.6699,1510.08
2018-03-26,2658.55,24202.5996,7220.54,1543.72
2018-03-27,2612.6201,23857.7109,7008.8101,1513.5699
2018-03-28,2605.0,23848.4199,6949.23,1513.03
2018-03-29,2640.8701,24103.1094,7063.4502,1529.4301
2018-04-02,2581.8799,23644.1895,6870.1201,1492.53
2018-04-03,2614.45,24033.3594,6941.2798,1512.15
2018-04-04,2644.6899,24264.3008,7042.1099,1531.66
2018-04-05,2662.8401,24505.2207,7076.5498,1542.9301
2018-04-06,2604.47,23932.7598,6915.1099,1513.3
2018-04-09,2613.1599,23979.0996,6950.3398,1514.46
2018-04-10,2656.8701,24408.0,7094.2998,1543.4301
2018-04-11,2642.1899,24189.4492,7069.0298,1546.8
2018-04-12,2663.99,24483.0508,7140.25,1557.33
2018-04-13,2656.3,24360.1406,7106.6499,1549.51
2018-04-16,2677.8401,24573.0391,7156.2798,1563.03
2018-04-17,2706.3899,24786.6309,7281.1001,1579.8
2018-04-18,2708.6399,24748.0703,7295.2402,1583.5601
2018-04-19,2693.1299,24664.8906,7238.0601,1573.8199
2018-04-20,2670.1399,24462.9395,7146.1299,1564.12
2018-04-23,2670.29,24448.6895,7128.6001,1562.12
2018-04-24,2634.5601,24024.1309,7007.3501,1553.28
2018-04-25,2639.3999,24083.8301,7003.7402,1550.47
2018-04-26,2666.9399,24322.3398,7118.6802,1557.89
2018-04-27,2669.9099,24311.1895,7119.7998,1556.24
2018-04-30,2648.05,24163.1504,7066.27,1541.88
2018-05-01,2654.8,24099.0508,7130.7002,1550.33
2018-05-02,2635.6699,23924.9805,7100.8999,1554.91
2018-05-03,2629.73,23930.1504,7088.1499,1546.5601
2018-05-04,2663.4199,24262.5098,7209.6201,1565.6
2018-05-07,2672.6299,24357.3203,7265.21,1578.95
2018-05-08,2671.9199,24360.2109,7266.8999,1586.39
2018-05-09,2697.79,24542.5391,7339.9102,1596.05
2018-05-10,2723.0701,24739.5293,7404.9702,1603.71
2018-05-11,2727.72,24831.1699,7402.8799,1606.79
2018-05-14,2730.1299,24899.4102,7411.3198,1600.34
2018-05-15,2711.45,24706.4102,7351.6299,1600.34
2018-05-16,2722.46,24768.9297,7398.2998,1616.37
2018-05-17,2720.1299,24713.9805,7382.4702,1625.29
2018-05-18,2712.97,24715.0898,7354.3398,1626.63
2018-05-21,2733.01,25013.2891,7394.04,1637.4399
2018-05-22,2724.4399,24834.4102,7378.46,1625.24
2018-05-23,2733.29,24886.8105,7425.96,1627.61
2018-05-24,2727.76,24811.7598,7424.4302,1628.22
2018-05-25,2721.3301,24753.0898,7433.8501,1626.9301
2018-05-29,2689.8601,24361.4492,7396.5898,1623.65
2018-05-30,2724.01,24667.7793,7462.4502,1647.99
2018-05-31,2705.27,24415.8398,7442.1201,1633.61
2018-06-01,2734.6201,24635.2109,7554.3301,1647.98
2018-06-04,2746.8701,24813.6895,7606.46,1653.37
2018-06-05,2748.8,24799.9805,7637.8599,1664.63
2018-06-06,2772.3501,25146.3906,7689.2402,1675.95
2018-06-07,2770.3701,25241.4102,7635.0698,1667.77
2018-06-08,2779.03,25316.5293,7645.5098,1672.49
2018-06-11,2782.0,25322.3105,7659.9302,1674.6801
2018-06-12,2786.8501,25320.7305,7703.79,1682.3
2018-06-13,2775.6299,25201.1992,7695.7002,1676.54
2018-06-14,2782.49,25175.3105,7761.04,1684.72
2018-06-15,2779.6599,25090.4805,7746.3799,1683.91
2018-06-18,2773.75,24987.4707,7747.0298,1692.46
2018-06-19,2762.5901,24700.2109,7725.5898,1693.45
2018-06-20,2767.3201,24657.8008,7781.5098,1706.99
2018-06-21,2749.76,24461.6992,7712.9502,1688.95
2018-06-22,2754.8799,24580.8906,7692.8198,1685.58
2018-06-25,2717.0701,24252.8008,7532.0098,1657.51
2018-06-26,2723.0601,24283.1094,7561.6299,1668.53
2018-06-27,2699.6299,24117.5898,7445.0801,1640.45
2018-06-28,2716.3101,24216.0508,7503.6802,1645.02
2018-06-29,2718.3701,24271.4102,7510.2998,1643.0699
2018-07-02,2726.71,24307.1797,7567.6899,1655.09
2018-07-03,2713.22,24174.8203,7502.6699,1660.42
2018-07-05,2736.6101,24356.7402,7586.4302,1679.48
2018-07-06,2759.8201,24456.4805,7688.3901,1694.05
2018-07-09,2784.1699,24776.5898,7756.2002,1704.6
2018-07-10,2793.8401,24919.6602,7759.2002,1695.62
2018-07-11,2774.02,24700.4492,7716.6099,1683.66
2018-07-12,2798.29,24924.8906,7823.9199,1690.28
2018-07-13,2801.3101,25019.4102,7825.98,1687.08
2018-07-16,2798.4299,25064.3594,7805.7202,1678.54
2018-07-17,2809.55,25119.8906,7855.1201,1687.26
2018-07-18,2815.6201,25199.2891,7854.4399,1691.87
2018-07-19,2804.49,25064.5,7825.2998,1701.3101
2018-07-20,2801.8301,25058.1191,7820.2002,1696.8101
2018-07-23,2806.98,25044.2891,7841.8701,1698.41
2018-07-24,2820.3999,25241.9395,7840.77,1680.2
2018-07-25,2846.0701,25414.0996,7932.2402,1685.2
2018-07-26,2837.4399,25527.0703,7852.1802,1695.36
2018-07-27,2818.8201,25451.0605,7737.4199,1663.34
2018-07-30,2802.6001,25306.8301,7630.0,1653.13
2018-07-31,2816.29,25415.1895,7671.79,1670.8
2018-08-01,2813.3601,25333.8203,7707.29,1669.26
2018-08-02,2827.22,25326.1602,7802.6899,1682.1
2018-08-03,2840.3501,25462.5801,7812.0098,1673.37
2018-08-06,2850.3999,25502.1797,7859.6802,1684.3101
2018-08-07,2858.45,25628.9102,7883.6602,1688.3
2018-08-08,2857.7,25583.75,7888.3301,1686.88
2018-08-09,2853.5801,25509.2305,7891.7798,1690.89
2018-08-10,2833.28,25313.1406,7839.1099,1686.8
2018-08-13,2821.9299,25187.6992,7819.71,1675.3199
2018-08-14,2839.96,25299.9199,7870.8901,1692.58
2018-08-15,2818.3701,25162.4102,7774.1201,1670.67
2018-08-16,2840.6899,25558.7305,7806.52,1685.75
2018-08-17,2850.1299,25669.3203,7816.3301,1692.95
2018-08-20,2857.05,25758.6895,7821.0098,1698.6899
2018-08-21,2862.96,25822.2891,7859.1699,1718.05
2018-08-22,2861.8201,25733.5996,7889.1001,1722.54
2018-08-23,2856.98,25656.9805,7878.46,1717.05
2018-08-24,2874.6899,25790.3496,7945.98,1725.67
2018-08-27,2896.74,26049.6406,8017.8999,1728.41
2018-08-28,2897.52,26064.0195,8030.04,1728.42
2018-08-29,2914.04,26124.5703,8109.6899,1734.75
2018-08-30,2901.1299,25986.9199,8088.3599,1732.35
2018-08-31,2901.52,25964.8203,8109.54,1740.75
2018-09-04,2896.72,25952.4805,8091.25,1733.38
2018-09-05,2888.6001,25974.9902,7995.1699,1727.65
2018-09-06,2878.05,25995.8691,7922.73,1714.47
2018-09-07,2871.6799,25916.5391,7902.54,1713.1801
2018-09-10,2877.1299,25857.0703,7924.1602,1717.47
2018-09-11,2887.8899,25971.0605,7972.4702,1718.4
2018-09-12,2888.9199,25998.9199,7954.23,1715.7
2018-09-13,2904.1799,26145.9902,8013.71,1714.3199
2018-09-14,2904.98,26154.6699,8010.04,1721.72
2018-09-17,2888.8,26062.1191,7895.79,1703.55
2018-09-18,2904.3101,26246.9609,7956.1099,1710.97
2018-09-19,2907.95,26405.7598,7950.04,1702.9301
2018-09-20,2930.75,26656.9805,8028.23,1720.1801
2018-09-21,2929.6699,26743.5,7986.96,1712.3199
2018-09-24,2919.3701,26562.0508,7993.25,1705.3199
2018-09-25,2915.5601,26492.2109,8007.4702,1708.8101
2018-09-26,2905.97,26385.2793,7990.3701,1691.61
2018-09-27,2914.0,26439.9297,8041.9702,1690.53
2018-09-28,2913.98,26458.3105,8046.3501,1696.5699
2018-10-01,2924.5901,26651.2109,8037.2998,1672.99
2018-10-02,2923.4299,26773.9395,7999.5498,1656.04
2018-10-03,2925.51,26828.3906,8025.0898,1671.29
2018-10-04,2901.6101,26627.4805,7879.5098,1646.91
2018-10-05,2885.5701,26447.0508,7788.4502,1632.11
2018-10-08,2884.4299,26486.7793,7735.9502,1629.52
2018-10-09,2880.3401,26430.5703,7738.02,1621.87
2018-10-10,2785.6799,25598.7402,7422.0498,1575.41
2018-10-11,2728.3701,25052.8301,7329.0601,1545.38
2018-10-12,2767.1299,25339.9902,7496.8901,1546.6801
2018-10-15,2750.79,25250.5508,7430.7402,1553.09
2018-10-16,2809.9199,25798.4199,7645.4902,1596.84
2018-10-17,2809.21,25706.6797,7642.7002,1589.6
2018-10-18,2768.78,25379.4492,7485.1401,1560.75
2018-10-19,2767.78,25444.3398,7449.0298,1542.04
2018-10-22,2755.8799,25317.4102,7468.6299,1539.5
2018-10-23,2740.6899,25191.4297,7437.54,1526.59
2018-10-24,2656.1001,24583.4199,7108.3999,1468.7
2018-10-25,2705.5701,24984.5508,7318.3398,1500.4
2018-10-26,2658.6899,24688.3105,7167.21,1483.8199
2018-10-29,2641.25,24442.9199,7050.29,1477.3101
2018-10-30,2682.6299,24874.6406,7161.6499,1506.64
2018-10-31,2711.74,25115.7598,7305.8999,1511.41
2018-11-01,2740.3701,25380.7402,7434.0601,1544.98
2018-11-02,2723.0601,25270.8301,7356.9902,1547.98
2018-11-05,2738.3101,25461.6992,7328.8501,1547.51
2018-11-06,2755.45,25635.0098,7375.96,1556.1
2018-11-07,2813.8899,26180.3008,7570.75,1582.16
2018-11-08,2806.8301,26191.2207,7530.8799,1578.21
2018-11-09,2781.01,25989.3008,7406.8999,1549.49
2018-11-12,2726.22,25387.1797,7200.8701,1518.79
2018-11-13,2722.1799,25286.4902,7200.8701,1514.8
2018-11-14,2701.5801,25080.5,7136.3901,1502.51
2018-11-15,2730.2,25289.2695,7259.0298,1524.12
2018-11-16,2736.27,25413.2207,7247.8701,1527.53
2018-11-19,2690.73,25017.4395,7028.48,1496.54
2018-11-20,2641.8899,24465.6406,6908.8198,1469.01
2018-11-21,2649.9299,24464.6895,6972.25,1488.28
2018-11-23,2632.5601,24285.9492,6938.98,1488.6801
2018-11-26,2673.45,24640.2402,7081.8501,1505.96
2018-11-27,2682.1699,24748.7305,7082.7002,1492.86
2018-11-28,2743.79,25366.4297,7291.5898,1530.38
2018-11-29,2737.8,25338.8398,7273.0801,1525.39
2018-11-30,2760.1699,25538.4609,7330.54,1533.27
2018-12-03,2790.3701,25826.4297,7441.5098,1548.96
2018-12-04,2700.0601,25027.0703,7158.4302,1480.75
2018-12-06,2695.95,24947.6699,7188.2598,1477.41
2018-12-07,2633.0801,24388.9492,6969.25,1448.09
2018-12-10,2637.72,24423.2598,7020.52,1443.1
2018-12-11,2636.78,24370.2402,7031.8301,1440.13
2018-12-12,2651.0701,24527.2695,7098.3101,1455.3199
2018-12-13,2650.54,24597.3809,7070.3301,1432.7
2018-12-14,2599.95,24100.5098,6910.6602,1410.8101
2018-12-17,2545.9399,23592.9805,6753.73,1378.14
2018-12-18,2546.1599,23675.6406,6783.9102,1377.1801
2018-12-19,2506.96,23323.6602,6636.8301,1349.23
2018-12-20,2467.4199,22859.5996,6528.4102,1326.0
2018-12-21,2416.6201,22445.3691,6332.9902,1292.09
2018-12-24,2351.1001,21792.1992,6192.9199,1266.92
2018-12-26,2467.7,22878.4492,6554.3599,1329.8101
2018-12-27,2488.8301,23138.8203,6579.4902,1331.8199
2018-12-28,2485.74,23062.4004,6584.52,1337.92
2018-12-31,2506.8501,23327.4609,6635.2798,1348.5601
2019-01-02,2510.03,23346.2402,6665.9399,1355.91
2019-01-03,2447.8899,22686.2207,6463.5,1330.83
2019-01-04,2531.9399,23433.1602,6738.8599,1380.75
2019-01-07,2549.6899,23531.3496,6823.4702,1405.37
2019-01-08,2574.4099,23787.4492,6897.0,1426.55
2019-01-09,2584.96,23879.1191,6957.0801,1438.8101
2019-01-10,2596.6399,24001.9199,6986.0698,1445.4301
2019-01-11,2596.26,23995.9492,6971.48,1447.38
2019-01-14,2582.6101,23909.8398,6905.9199,1432.8101
2019-01-15,2610.3,24065.5898,7023.8301,1445.22
2019-01-16,2616.1001,24207.1602,7034.6899,1454.7
2019-01-17,2635.96,24370.0996,7084.46,1467.25
2019-01-18,2670.71,24706.3496,7157.23,1482.5
2019-01-22,2632.8999,24404.4805,7020.3599,1457.45
2019-01-23,2638.7,24575.6191,7025.77,1454.26
2019-01-24,2642.3301,24553.2402,7073.46,1464.41
2019-01-25,2664.76,24737.1992,7164.8599,1482.85
2019-01-28,2643.8501,24528.2207,7085.6802,1473.54
2019-01-29,2640.0,24579.9609,7028.29,1471.45
2019-01-30,2681.05,25014.8594,7183.0801,1486.9399
2019-01-31,2704.1001,24999.6699,7281.7402,1499.42
2019-02-01,2706.53,25063.8906,7263.8701,1502.05
2019-02-04,2724.8701,25239.3691,7347.54,1517.54
2019-02-05,2737.7,25411.5195,7402.0801,1520.23
2019-02-06,2731.6101,25390.3008,7375.2798,1518.02
2019-02-07,2706.05,25169.5293,7288.3501,1505.63
2019-02-08,2707.8799,25106.3301,7298.2002,1506.39
2019-02-11,2709.8,25053.1094,7307.8999,1518.98
2019-02-12,2744.73,25425.7598,7414.6201,1538.23
2019-02-13,2753.03,25543.2695,7420.3799,1542.9399
2019-02-14,2745.73,25439.3906,7426.9502,1545.11
2019-02-15,2775.6001,25883.25,7472.4102,1569.25
2019-02-19,2779.76,25891.3203,7486.77,1574.47
2019-02-20,2784.7,25954.4395,7489.0698,1581.66
2019-02-21,2774.8799,25850.6309,7459.71,1575.55
2019-02-22,2792.6699,26031.8105,7527.54,1590.0601
2019-02-25,2796.1101,26091.9492,7554.46,1588.8101
2019-02-26,2793.8999,26057.9805,7549.2998,1577.48
2019-02-27,2792.3799,25985.1602,7554.5098,1581.05
2019-02-28,2784.49,25916.0,7532.5298,1575.55
2019-03-01,2803.6899,26026.3203,7595.3501,1589.64
2019-03-04,2792.8101,25819.6504,7577.5698,1575.4399
2019-03-05,2789.6499,25806.6309,7576.3599,1568.28
2019-03-06,2771.45,25673.4609,7505.9199,1536.8199
2019-03-07,2748.9299,25473.2305,7421.46,1523.63
2019-03-08,2743.0701,25450.2402,7408.1401,1521.88
2019-03-11,2783.3,25650.8809,7558.0601,1548.88
2019-03-12,2791.52,25554.6602,7591.0298,1549.83
2019-03-13,2810.9199,25702.8906,7643.4102,1555.88
2019-03-14,2808.48,25709.9395,7630.9102,1549.64
2019-03-15,2822.48,25848.8691,7688.5298,1553.54
2019-03-18,2832.9399,25914.0996,7714.48,1563.9301
2019-03-19,2832.5701,25887.3809,7723.9502,1554.99
2019-03-20,2824.23,25745.6699,7728.9702,1543.16
2019-03-21,2854.8799,25962.5098,7838.96,1562.41
2019-03-22,2800.71,25502.3203,7642.6699,1505.92
2019-03-25,2798.3601,25516.8301,7637.54,1512.86
2019-03-26,2818.46,25657.7305,7691.52,1528.17
2019-03-27,2805.3701,25625.5898,7643.3799,1522.23
2019-03-28,2815.4399,25717.4609,7669.1699,1535.1
2019-03-29,2834.3999,25928.6797,7729.3198,1539.74
2019-04-01,2867.1899,26258.4199,7828.9102,1556.0601
2019-04-02,2867.24,26179.1309,7848.6899,1553.3199
2019-04-03,2873.3999,26218.1309,7895.5498,1560.91
2019-04-04,2879.3899,26384.6309,7891.7798,1567.49
2019-04-05,2892.74,26424.9902,7938.6899,1582.5601
2019-04-08,2895.77,26341.0195,7953.8799,1579.0
2019-04-09,2878.2,26150.5801,7909.2798,1559.6801
2019-04-10,2888.21,26157.1602,7964.2402,1581.55
2019-04-11,2888.3201,26143.0508,7947.3599,1579.14
2019-04-12,2907.4099,26412.3008,7984.1602,1584.8
2019-04-15,2905.5801,26384.7695,7976.0098,1579.17
2019-04-16,2907.0601,26452.6602,8000.23,1582.79
2019-04-17,2900.45,26449.5391,7996.0801,1567.6
2019-04-18,2905.03,26559.5391,7998.0601,1565.75
2019-04-22,2907.97,26511.0508,8015.27,1560.04
2019-04-23,2933.6799,26656.3906,8120.8198,1585.09
2019-04-24,2927.25,26597.0508,8102.0098,1588.13
2019-04-25,2926.1699,26462.0801,8118.6802,1575.61
2019-04-26,2939.8799,26543.3301,8146.3999,1589.9
2019-04-29,2943.03,26554.3906,8161.8501,1598.36
2019-04-30,2945.8301,26592.9102,8095.3901,1591.21
2019-05-01,2923.73,26430.1406,8049.6401,1576.38
2019-05-02,2917.52,26307.7891,8036.77,1582.65
2019-05-03,2945.6399,26504.9492,8164.0,1614.02
2019-05-06,2932.47,26438.4805,8123.29,1614.98
2019-05-07,2884.05,25965.0898,7963.7598,1582.3101
2019-05-08,2879.4199,25967.3301,7943.3198,1574.97
2019-05-09,2870.72,25828.3594,7910.5898,1570.0601
2019-05-10,2881.3999,25942.3691,7916.9399,1572.99
2019-05-13,2811.8701,25324.9902,7647.02,1523.0
2019-05-14,2834.4099,25532.0508,7734.4902,1543.0601
2019-05-15,2850.96,25648.0195,7822.1499,1548.27
2019-05-16,2876.3201,25862.6797,7898.0498,1557.24
2019-05-17,2859.53,25764.0,7816.2798,1535.76
2019-05-20,2840.23,25679.9004,7702.3799,1524.96
2019-05-21,2864.3601,25877.3301,7785.7202,1545.25
2019-05-22,2856.27,25776.6094,7750.8398,1531.63
2019-05-23,2822.24,25490.4707,7628.2798,1501.38
2019-05-24,2826.0601,25585.6895,7637.0098,1514.11
2019-05-28,2802.3899,25347.7695,7607.3501,1504.02
2019-05-29,2783.02,25126.4102,7547.3101,1489.95
2019-05-30,2788.8601,25169.8809,7567.7202,1485.53
2019-05-31,2752.0601,24815.0391,7453.1499,1465.49
2019-06-03,2744.45,24819.7793,7333.02,1469.98
2019-06-04,2803.27,25332.1797,7527.1201,1508.5601
2019-06-05,2826.1499,25539.5703,7575.48,1506.79
2019-06-06,2843.49,25720.6602,7615.5498,1499.29
2019-06-07,2873.3401,25983.9395,7742.1001,1514.39
2019-06-10,2886.73,26062.6797,7823.1699,1523.5601
2019-06-11,2885.72,26048.5098,7822.5698,1519.11
2019-06-12,2879.8401,26004.8301,7792.7202,1519.79
2019-06-13,2891.6399,26106.7695,7837.1299,1535.8
2019-06-14,2886.98,26089.6094,7796.6602,1522.5
2019-06-17,2889.6699,26112.5293,7845.02,1532.75
2019-06-18,2917.75,26465.5391,7953.8799,1550.23
2019-06-19,2926.46,26504.0,7987.3198,1555.58
2019-06-20,2954.1799,26753.1699,8051.3398,1563.49
2019-06-21,2950.46,26719.1309,8031.71,1549.63
2019-06-24,2945.3501,26727.5391,8005.7002,1530.08
2019-06-25,2917.3799,26548.2207,7884.7202,1521.04
2019-06-26,2913.78,26536.8203,7909.9702,1521.89
2019-06-27,2924.9199,26526.5801,7967.7598,1546.55
2019-06-28,2941.76,26599.9609,8006.2402,1566.5699
2019-07-01,2964.3301,26717.4297,8091.1602,1566.5699
2019-07-02,2973.01,26786.6797,8109.0898,1560.54
2019-07-03,2995.8201,26966.0,8170.23,1572.12
2019-07-05,2990.4099,26922.1191,8161.79,1575.62
2019-07-08,2975.95,26806.1406,8098.3799,1561.39
2019-07-09,2979.6299,26783.4902,8141.73,1562.59
2019-07-10,2993.0701,26860.1992,8202.5303,1565.05
2019-07-11,2999.9099,27088.0801,8196.04,1557.92
2019-07-12,3013.77,27332.0293,8244.1396,1570.0
2019-07-15,3014.3,27359.1602,8258.1904,1561.8199
2019-07-16,3004.04,27335.6309,8222.7998,1562.0
2019-07-17,2984.4199,27219.8496,8185.21,1550.78
2019-07-18,2995.1101,27222.9707,8207.2402,1555.62
2019-07-19,2976.6101,27154.1992,8146.4902,1547.9
2019-07-22,2985.03,27171.9004,8204.1396,1544.78
2019-07-23,3005.47,27349.1895,8251.4004,1554.96
2019-07-24,3019.5601,27269.9707,8321.5,1580.42
2019-07-25,3003.6699,27140.9805,8238.54,1561.45
2019-07-26,3025.8601,27192.4492,8330.21,1578.97
2019-07-29,3020.97,27221.3496,8293.3301,1569.03
2019-07-30,3013.1799,27198.0195,8273.6104,1585.6
2019-07-31,2980.3799,26864.2695,8175.4199,1574.61
2019-08-01,2953.5601,26583.4199,8111.1201,1550.76
2019-08-02,2932.05,26485.0098,8004.0698,1533.66
2019-08-05,2844.74,25717.7402,7726.04,1487.41
2019-08-06,2881.77,26029.5195,7833.27,1502.09
2019-08-07,2883.98,26007.0703,7862.8301,1500.6899
2019-08-08,2938.0901,26378.1895,8039.1602,1532.13
2019-08-09,2918.6499,26287.4395,7959.1401,1513.04
2019-08-12,2882.7,25896.4395,7863.4102,1495.9
2019-08-13,2926.3201,26279.9102,8016.3599,1510.58
2019-08-14,2840.6001,25479.4199,7773.9399,1467.52
2019-08-15,2847.6001,25579.3906,7766.6201,1461.65
2019-08-16,2888.6799,25886.0098,7895.9902,1493.64
2019-08-19,2923.6499,26135.7891,8002.8101,1508.85
2019-08-20,2900.51,25962.4395,7948.5601,1498.01
2019-08-21,2924.4299,26202.7305,8020.21,1509.85
2019-08-22,2922.95,26252.2402,7991.3901,1506.0
2019-08-23,2847.1101,25628.9004,7751.77,1459.49
2019-08-26,2878.3799,25898.8301,7853.7402,1476.0
2019-08-27,2869.1599,25777.9004,7826.9502,1456.04
2019-08-28,2887.9399,26036.0996,7856.8799,1472.71
2019-08-29,2924.5801,26362.25,7973.3901,1496.72
2019-08-30,2926.46,26403.2793,7962.8799,1494.84
2019-09-03,2906.27,26118.0195,7874.1602,1472.28
2019-09-04,2937.78,26355.4707,7976.8799,1484.76
2019-09-05,2976.0,26728.1504,8116.8301,1510.75
2019-09-06,2978.71,26797.4609,8103.0698,1505.17
2019-09-09,2978.4299,26835.5098,8087.4399,1524.23
2019-09-10,2979.3899,26909.4297,8084.1602,1541.61
2019-09-11,3000.9299,27137.0391,8169.6802,1575.71
2019-09-12,3009.5701,27182.4492,8194.4697,1575.0699
2019-09-13,3007.3899,27219.5195,8176.71,1578.14
2019-09-16,2997.96,27076.8203,8153.54,1584.6
2019-09-17,3005.7,27110.8008,8186.02,1578.29
2019-09-18,3006.73,27147.0801,8177.3901,1568.34
2019-09-19,3006.79,27094.7891,8182.8799,1561.47
2019-09-20,2992.0701,26935.0703,8117.6699,1559.76
2019-09-23,2991.78,26949.9902,8112.46,1558.25
2019-09-24,2966.6001,26807.7695,7993.6299,1533.59
2019-09-25,2984.8701,26970.7109,8077.3799,1550.65
2019-09-26,2977.6201,26891.1191,8030.6602,1533.33
2019-09-27,2961.79,26820.25,7939.6299,1520.48
2019-09-30,2976.74,26916.8301,7999.3398,1523.37
2019-10-01,2940.25,26573.0391,7908.6802,1493.4301
2019-10-02,2887.6101,26078.6191,7785.25,1479.63
2019-10-03,2910.6299,26201.0391,7872.2598,1486.35
2019-10-04,2952.01,26573.7207,7982.4702,1500.7
2019-10-07,2938.79,26478.0195,7956.29,1497.79
2019-10-08,2893.0601,26164.0391,7823.7798,1472.6
2019-10-09,2919.3999,26346.0098,7903.7402,1479.46
2019-10-10,2938.1299,26496.6699,7950.7798,1485.36
2019-10-11,2970.27,26816.5898,8057.04,1511.9
2019-10-14,2966.1499,26787.3594,8048.6499,1505.4301
2019-10-15,2995.6799,27024.8008,8148.71,1523.3
2019-10-16,2989.6899,27001.9805,8124.1802,1525.0601
2019-10-17,2997.95,27025.8809,8156.8501,1541.84
2019-10-18,2986.2,26770.1992,8089.54,1535.48
2019-10-21,3006.72,26827.6406,8162.9902,1552.41
2019-10-22,2995.99,26788.0996,8104.2998,1550.87
2019-10-23,3004.52,26833.9492,8119.79,1552.86
2019-10-24,3010.29,26805.5293,8185.7998,1548.49
2019-10-25,3022.55,26958.0605,8243.1201,1558.71
2019-10-28,3039.4199,27090.7207,8325.9902,1571.9301
2019-10-29,3036.8899,27071.4609,8276.8496,1577.0699
2019-10-30,3046.77,27186.6895,8303.9805,1572.85
2019-10-31,3037.5601,27046.2305,8292.3604,1562.45
2019-11-01,3066.9099,27347.3594,8386.4004,1589.33
2019-11-04,3078.27,27462.1094,8433.2002,1597.4
2019-11-05,3074.6201,27492.6309,8434.6797,1599.61
2019-11-06,3076.78,27492.5605,8410.6299,1589.54
2019-11-07,3085.1799,27674.8008,8434.5195,1593.99
2019-11-08,3093.0801,27681.2402,8475.3096,1598.86
2019-11-11,3087.01,27691.4902,8464.2803,1594.77
2019-11-12,3091.8401,27691.4902,8486.0898,1595.12
2019-11-13,3094.04,27783.5898,8482.0996,1589.1801
2019-11-14,3096.6299,27781.9609,8479.0195,1588.79
2019-11-15,3120.46,28004.8906,8540.8301,1596.45
2019-11-18,3122.03,28036.2207,8549.9404,1592.34
2019-11-19,3120.1799,27934.0195,8570.6602,1598.29
2019-11-20,3108.46,27821.0898,8526.7305,1591.61
2019-11-21,3103.54,27766.2891,8506.21,1583.96
2019-11-22,3110.29,27875.6191,8519.8799,1588.9399
2019-11-25,3133.6399,28066.4707,8632.4902,1621.9
2019-11-26,3140.52,28121.6797,8647.9297,1624.23
2019-11-27,3153.6299,28164.0,8705.1797,1634.1
2019-11-29,3140.98,28051.4102,8665.4697,1624.5
2019-12-02,3113.8701,27783.0391,8567.9902,1607.58
2019-12-03,3093.2,27502.8105,8520.6396,1602.63
2019-12-04,3112.76,27649.7793,8566.6699,1613.9
2019-12-05,3117.4299,27677.7891,8570.7002,1614.83
2019-12-06,3145.9099,28015.0605,8656.5303,1633.84
2019-12-09,3135.96,27909.5996,8621.8301,1629.62
2019-12-10,3132.52,27881.7207,8616.1797,1631.71
2019-12-11,3141.6299,27911.3008,8654.0498,1631.9301
2019-12-12,3168.5701,28132.0508,8717.3203,1644.8101
2019-12-13,3168.8,28135.3809,8734.8799,1637.98
2019-12-16,3191.45,28235.8906,8814.2305,1649.9399
2019-12-17,3192.52,28267.1602,8823.3604,1657.5601
2019-12-18,3191.1399,28239.2793,8827.7402,1661.73
2019-12-19,3205.3701,28376.9609,8887.2197,1667.09
2019-12-20,3221.22,28455.0898,8924.96,1671.9
2019-12-23,3224.01,28551.5293,8945.6504,1674.14
2019-12-24,3223.3799,28515.4492,8952.8799,1678.01
2019-12-26,3239.9099,28621.3906,9022.3896,1677.67
2019-12-27,3240.02,28645.2598,9006.6201,1669.03
2019-12-30,3221.29,28462.1406,8945.9902,1664.15
2019-12-31,3230.78,28538.4395,8972.5996,1668.47
2020-01-02,3257.8501,28868.8008,9092.1904,1666.77
2020-01-03,3234.8501,28634.8809,9020.7695,1660.87
2020-01-06,3246.28,28703.3809,9071.4697,1663.26
2020-01-07,3237.1799,28583.6797,9068.5801,1658.3101
2020-01-08,3253.05,28745.0898,9129.2402,1663.59
2020-01-09,3274.7,28956.9004,9203.4297,1664.99
2020-01-10,3265.3501,28823.7695,9178.8604,1657.64
2020-01-13,3288.1299,28907.0508,9273.9297,1669.61
2020-01-14,3283.1499,28939.6699,9251.3301,1675.74
2020-01-15,3289.29,29030.2207,9258.7002,1682.4
2020-01-16,3316.8101,29297.6406,9357.1299,1705.22
2020-01-17,3329.6201,29348.0996,9388.9404,1699.64
2020-01-21,3320.79,29196.0391,9370.8096,1685.9
2020-01-22,3321.75,29186.2695,9383.7695,1684.46
2020-01-23,3325.54,29160.0898,9402.4805,1685.01
2020-01-24,3295.47,28989.7305,9314.9102,1662.23
2020-01-27,3243.6299,28535.8008,9139.3096,1644.14
2020-01-28,3276.24,28722.8496,9269.6797,1658.3101
2020-01-29,3273.3999,28734.4492,9275.1602,1649.22
2020-01-30,3283.6599,28859.4395,9298.9297,1648.22
2020-01-31,3225.52,28256.0293,9150.9404,1614.0601
2020-02-03,3248.9199,28399.8105,9273.4004,1632.21
2020-02-04,3297.5901,28807.6309,9467.9697,1656.77
2020-02-05,3334.6899,29290.8496,9508.6797,1681.92
2020-02-06,3345.78,29379.7695,9572.1504,1677.46
2020-02-07,3327.71,29102.5098,9520.5098,1656.78
2020-02-10,3352.0901,29276.8203,9628.3896,1667.67
2020-02-11,3357.75,29276.3398,9638.9404,1677.51
2020-02-12,3379.45,29551.4199,9725.96,1689.38
2020-02-13,3373.9399,29423.3105,9711.9697,1693.74
2020-02-14,3380.1599,29398.0801,9731.1797,1687.58
2020-02-18,3370.29,29232.1895,9732.7402,1683.52
2020-02-19,3386.1499,29348.0293,9817.1797,1692.5699
2020-02-20,3373.23,29219.9805,9750.9697,1696.0699
2020-02-21,3337.75,28992.4102,9576.5898,1678.61
2020-02-24,3225.8899,27960.8008,9221.2803,1628.1
2020-02-25,3128.21,27081.3594,8965.6104,1571.9
2020-02-26,3116.3899,26957.5898,8980.7803,1552.76
2020-02-27,2978.76,25766.6406,8566.4805,1497.87
2020-02-28,2954.22,25409.3594,8567.3701,1476.4301
2020-03-02,3090.23,26703.3203,8952.1699,1518.49
2020-03-03,3003.3701,25917.4102,8684.0898,1486.08
2020-03-04,3130.1201,27090.8594,9018.0898,1531.2
2020-03-05,3023.9399,26121.2793,8738.5898,1478.8199
2020-03-06,2972.3701,25864.7793,8575.6201,1449.22
2020-03-09,2746.5601,23851.0195,7950.6802,1313.4399
2020-03-10,2882.23,25018.1602,8344.25,1350.9
2020-03-11,2741.3799,23553.2207,7952.0498,1264.3
2020-03-12,2480.6399,21200.6191,7201.7998,1122.9301
2020-03-13,2711.02,23185.6191,7874.8799,1210.13
2020-03-16,2386.1299,20188.5195,6904.5898,1037.42
2020-03-17,2529.1899,21237.3809,7334.7798,1106.51
2020-03-18,2398.1001,19898.9199,6989.8398,991.16
2020-03-19,2409.3899,20087.1895,7150.5801,1058.75
2020-03-20,2304.9199,19173.9805,6879.52,1013.89
2020-03-23,2237.3999,18591.9297,6860.6699,1002.4
2020-03-24,2447.3301,20704.9102,7417.8599,1096.54
2020-03-25,2475.5601,21200.5508,7384.2998,1110.37
2020-03-26,2630.0701,22552.1699,7797.54,1180.3199
2020-03-27,2541.47,21636.7793,7502.3799,1131.99
2020-03-30,2626.6499,22327.4805,7774.1499,1158.3199
2020-03-31,2584.5901,21917.1602,7700.1001,1153.1
2020-04-01,2470.5,20943.5098,7360.5801,1071.99
2020-04-02,2526.8999,21413.4395,7487.3101,1085.8101
2020-04-03,2488.6499,21052.5293,7373.0801,1052.05
2020-04-06,2663.6799,22679.9902,7913.2402,1138.78
2020-04-07,2659.4099,22653.8594,7887.2598,1139.17
2020-04-08,2749.98,23433.5703,8090.8999,1191.66
2020-04-09,2789.8201,23719.3691,8153.5801,1246.73
2020-04-13,2761.6299,23390.7695,8192.4199,1212.04
2020-04-14,2846.0601,23949.7598,8515.7402,1237.33
2020-04-15,2783.3601,23504.3496,8393.1797,1183.98
2020-04-16,2799.55,23537.6797,8532.3604,1178.09
2020-04-17,2874.5601,24242.4902,8650.1396,1229.1
2020-04-20,2823.1599,23650.4395,8560.7305,1213.35
2020-04-21,2736.5601,23018.8809,8263.2305,1185.09
2020-04-22,2799.3101,23475.8203,8495.3799,1201.52
2020-04-23,2797.8,23515.2598,8494.75,1214.0601
2020-04-24,2836.74,23775.2695,8634.5195,1233.05
2020-04-27,2878.48,24133.7793,8730.1602,1281.88
2020-04-28,2863.3899,24101.5508,8607.7305,1298.08
2020-04-29,2939.51,24633.8594,8914.71,1360.76
2020-04-30,2912.4299,24345.7207,8889.5498,1310.66
2020-05-01,2830.71,23723.6895,8604.9502,1260.48
2020-05-04,2842.74,23749.7598,8710.71,1263.97
2020-05-05,2868.4399,23883.0898,8809.1201,1273.51
2020-05-06,2848.4199,23664.6406,8854.3896,1263.01
2020-05-07,2881.1899,23875.8906,8979.6602,1282.9301
2020-05-08,2929.8,24331.3203,9121.3203,1329.64
2020-05-11,2930.1899,24221.9902,9192.3398,1321.24
2020-05-12,2870.1201,23764.7793,9002.5498,1275.54
2020-05-13,2820.0,23247.9707,8863.1699,1233.25
2020-05-14,2852.5,23625.3398,8943.7197,1237.55
2020-05-15,2863.7,23685.4199,9014.5596,1256.99
2020-05-18,2953.9099,24597.3691,9234.8301,1333.6899
2020-05-19,2922.9399,24206.8594,9185.0996,1307.72
2020-05-20,2971.6101,24575.9004,9375.7803,1346.9301
2020-05-21,2948.51,24474.1191,9284.8799,1347.5601
2020-05-22,2955.45,24465.1602,9324.5898,1355.53
2020-05-26,2991.77,24995.1094,9340.2197,1393.0699
2020-05-27,3036.1299,25548.2695,9412.3604,1436.36
2020-05-28,3029.73,25400.6406,9368.9902,1400.67
2020-05-29,3044.3101,25383.1094,9489.8701,1394.04
2020-06-01,3055.73,25475.0195,9552.0498,1405.37
2020-06-02,3080.8201,25742.6504,9608.3799,1418.21
2020-06-03,3122.8701,26269.8906,9682.9102,1452.09
2020-06-04,3112.3501,26281.8203,9615.8096,1452.0601
2020-06-05,3193.9299,27110.9805,9814.0801,1507.15
2020-06-08,3232.3899,27572.4395,9924.75,1536.89
2020-06-09,3207.1799,27272.3008,9953.75,1507.05
2020-06-10,3190.1399,26989.9902,10020.3496,1467.39
2020-06-11,3002.1001,25128.1699,9492.7305,1356.22
2020-06-12,3041.3101,25605.5391,9588.8096,1387.6801
2020-06-15,3066.5901,25763.1602,9726.0195,1419.61
2020-06-16,3124.74,26289.9805,9895.8701,1452.26
2020-06-17,3113.49,26119.6094,9910.5303,1426.53
2020-06-18,3115.3401,26080.0996,9943.0498,1427.33
2020-06-19,3097.74,25871.4609,9946.1201,1418.63
2020-06-22,3117.8601,26024.9609,10056.4805,1433.53
2020-06-23,3131.29,26156.0996,10131.3701,1439.34
2020-06-24,3050.3301,25445.9395,9909.1699,1389.74
2020-06-25,3083.76,25745.5996,10017.0,1413.3101
2020-06-26,3009.05,25015.5508,9757.2197,1378.78
2020-06-29,3053.24,25595.8008,9874.1504,1421.21
2020-06-30,3100.29,25812.8809,10058.7695,1441.37
2020-07-01,3115.8601,25734.9707,10154.6299,1427.3101
2020-07-02,3130.01,25827.3594,10207.6299,1431.86
2020-07-06,3179.72,26287.0293,10433.6504,1442.88
2020-07-07,3145.3201,25890.1797,10343.8896,1416.0
2020-07-08,3169.9399,26067.2793,10492.5,1427.4
2020-07-09,3152.05,25706.0898,10547.75,1398.92
2020-07-10,3185.04,26075.3008,10617.4404,1422.6801
2020-07-13,3155.22,26085.8008,10390.8398,1403.5699
2020-07-14,3197.52,26642.5898,10488.5801,1428.26
2020-07-15,3226.5601,26870.0996,10550.4902,1478.27
2020-07-16,3215.5701,26734.7109,10473.8301,1467.5601
2020-07-17,3224.73,26671.9492,10503.1904,1473.3199
2020-07-20,3251.8401,26680.8691,10767.0898,1467.95
2020-07-21,3257.3,26840.4004,10680.3604,1487.51
2020-07-22,3276.02,27005.8398,10706.1299,1490.14
2020-07-23,3235.6599,26652.3301,10461.4199,1490.2
2020-07-24,3215.6299,26469.8906,10363.1797,1467.55
2020-07-27,3239.4099,26584.7695,10536.2695,1484.65
2020-07-28,3218.4399,26379.2793,10402.0898,1469.76
2020-07-29,3258.4399,26539.5703,10542.9404,1500.63
2020-07-30,3246.22,26313.6504,10587.8096,1495.1
2020-07-31,3271.1201,26428.3203,10745.2695,1480.4301
2020-08-03,3294.6101,26664.4004,10902.7998,1506.8
2020-08-04,3306.51,26828.4707,10941.1699,1517.21
2020-08-05,3327.77,27201.5195,10998.4004,1546.24
2020-08-06,3349.1599,27386.9805,11108.0703,1544.62
2020-08-07,3351.28,27433.4805,11010.9805,1569.1801
2020-08-10,3360.47,27791.4395,10968.3604,1584.67
2020-08-11,3333.6899,27686.9102,10782.8203,1575.1
2020-08-12,3380.3501,27976.8398,11012.2402,1583.25
2020-08-13,3373.4299,27896.7207,11042.5,1579.79
2020-08-14,3372.8501,27931.0195,11019.2998,1577.88
2020-08-17,3381.99,27844.9102,11129.7305,1585.47
2020-08-18,3389.78,27778.0703,11210.8398,1569.77
2020-08-19,3374.8501,27692.8809,11146.46,1572.0699
2020-08-20,3385.51,27739.7305,11264.9502,1564.3
2020-08-21,3397.1599,27930.3301,11311.7998,1552.48
2020-08-24,3431.28,28308.4609,11379.7197,1568.47
2020-08-25,3443.6201,28248.4395,11466.4697,1571.21
2020-08-26,3478.73,28331.9199,11665.0596,1560.1899
2020-08-27,3484.55,28492.2695,11625.3398,1564.5601
2020-08-28,3508.01,28653.8691,11695.6299,1578.34
2020-08-31,3500.3101,28430.0508,11775.46,1561.88
2020-09-01,3526.6499,28645.6602,11939.6699,1578.58
2020-09-02,3580.8401,29100.5,12056.4404,1592.29
2020-09-03,3455.0601,28292.7305,11458.0996,1544.6801
2020-09-04,3426.96,28133.3105,11313.1299,1535.3
2020-09-08,3331.8401,27500.8906,10847.6904,1504.59
2020-09-09,3398.96,27940.4707,11141.5596,1526.48
2020-09-10,3339.1899,27534.5801,10919.5898,1507.75
2020-09-11,3340.97,27665.6406,10853.5498,1497.27
2020-09-14,3383.54,27993.3301,11056.6504,1536.97
2020-09-15,3401.2,27995.5996,11190.3203,1538.15
2020-09-16,3385.49,28032.3809,11050.4697,1552.33
2020-09-17,3357.01,27901.9805,10910.2803,1542.6
2020-09-18,3319.47,27657.4199,10793.2803,1536.78
2020-09-21,3281.0601,27147.6992,10778.7998,1485.25
2020-09-22,3315.5701,27288.1797,10963.6396,1496.96
2020-09-23,3236.9199,26763.1309,10632.9902,1451.46
2020-09-24,3246.5901,26815.4395,10672.2695,1451.8199
2020-09-25,3298.46,27173.9609,10913.5596,1474.91
2020-09-28,3351.6001,27584.0605,11117.5303,1510.34
2020-09-29,3335.47,27452.6602,11085.25,1504.73
2020-09-30,3363.0,27781.6992,11167.5098,1507.6899
2020-10-01,3380.8,27816.9004,11326.5098,1531.2
2020-10-02,3348.4199,27682.8105,11075.0195,1539.3
2020-10-05,3408.6001,28148.6406,11332.4902,1581.96
2020-10-06,3360.97,27772.7598,11154.5996,1577.29
2020-10-07,3419.4399,28303.4609,11364.5996,1611.04
2020-10-08,3446.8301,28425.5098,11420.9805,1628.55
2020-10-09,3477.1399,28586.9004,11579.9404,1637.55
2020-10-12,3534.22,28837.5195,11876.2598,1649.05
2020-10-13,3511.9299,28679.8105,11863.9004,1636.85
2020-10-14,3488.6699,28514.0,11768.7305,1621.65
2020-10-15,3483.3401,28494.1992,11713.8701,1638.88
2020-10-16,3483.8101,28606.3105,11671.5596,1633.8101
2020-10-19,3426.9199,28195.4199,11478.8799,1613.63
2020-10-20,3443.1201,28308.7891,11516.4902,1617.71
2020-10-21,3435.5601,28210.8203,11484.6904,1603.78
2020-10-22,3453.49,28363.6602,11506.0098,1630.25
2020-10-23,3465.3899,28335.5703,11548.2803,1640.5
2020-10-26,3400.97,27685.3809,11358.9404,1605.21
2020-10-27,3390.6799,27463.1895,11431.3496,1590.71
2020-10-28,3271.03,26519.9492,11004.8701,1543.28
2020-10-29,3310.1101,26659.1094,11185.5898,1561.58
2020-10-30,3269.96,26501.5996,10911.5898,1538.48
2020-11-02,3310.24,26925.0508,10957.6104,1568.59
2020-11-03,3369.1599,27480.0293,11160.5703,1614.3
2020-11-04,3443.4399,27847.6602,11590.7803,1615.08
2020-11-05,3510.45,28390.1797,11890.9297,1660.05
2020-11-06,3509.4399,28323.4004,11895.2305,1648.26
2020-11-09,3550.5,29157.9707,11713.7803,1705.04
2020-11-10,3545.53,29420.9199,11553.8604,1737.01
2020-11-11,3572.6599,29397.6309,11786.4297,1736.9399
2020-11-12,3537.01,29080.1699,11709.5898,1708.47
2020-11-13,3585.1499,29479.8105,11829.29,1744.04
2020-11-16,3626.9099,29950.4395,11924.1299,1785.34
2020-11-17,3609.53,29783.3496,11899.3398,1791.91
2020-11-18,3567.79,29438.4199,11801.5996,1769.3199
2020-11-19,3581.8701,29483.2305,11904.71,1784.13
2020-11-20,3557.54,29263.4805,11854.9697,1785.34
2020-11-23,3577.5901,29591.2695,11880.6299,1818.3
2020-11-24,3635.4099,30046.2402,12036.79,1853.53
2020-11-25,3629.6499,29872.4707,12094.4004,1845.02
2020-11-27,3638.3501,29910.3691,12205.8496,1855.27
2020-11-30,3621.6299,29638.6406,12198.7402,1819.8199
2020-12-01,3662.45,29823.9199,12355.1104,1836.05
2020-12-02,3669.01,29883.7891,12349.3701,1838.03
2020-12-03,3666.72,29969.5195,12377.1797,1848.7
2020-12-04,3699.1201,30218.2598,12464.2305,1892.45
2020-12-07,3691.96,30069.7891,12519.9502,1891.25
2020-12-08,3702.25,30173.8809,12582.7695,1917.78
2020-12-09,3672.8201,30068.8105,12338.9502,1902.15
2020-12-10,3668.1001,29999.2598,12405.8096,1922.7
2020-12-11,3663.46,30046.3691,12377.8701,1911.7
2020-12-14,3647.49,29861.5508,12440.04,1913.86
2020-12-15,3694.6201,30199.3105,12595.0596,1959.76
2020-12-16,3701.1699,30154.5391,12658.1904,1952.72
2020-12-17,3722.48,30303.3691,12764.75,1978.05
2020-12-18,3709.4099,30179.0508,12755.6396,1969.99
2020-12-21,3694.9199,30216.4492,12742.5195,1970.33
2020-12-22,3687.26,30015.5098,12807.9199,1989.88
2020-12-23,3690.01,30129.8301,12771.1104,2007.1
2020-12-24,3703.0601,30199.8691,12804.7305,2003.95
2020-12-28,3735.3601,30403.9707,12899.4199,1996.25
2020-12-29,3727.04,30335.6699,12850.2197,1959.36
2020-12-30,3732.04,30409.5605,12870.0,1979.99
2020-12-31,3756.0701,30606.4805,12888.2803,1974.86
2021-01-04,3700.6499,30223.8906,12698.4502,1945.91
2021-01-05,3726.8601,30391.5996,12818.96,1979.11
2021-01-06,3748.1399,30829.4004,12740.79,2057.9199
2021-01-07,3803.79,31041.1309,13067.4805,2096.8899
2021-01-08,3824.6799,31097.9707,13201.9805,2091.6599
2021-01-11,3799.6101,31008.6895,13036.4297,2091.01
2021-01-12,3801.1899,31068.6895,13072.4297,2127.96
2021-01-13,3809.8401,31060.4707,13128.9502,2111.97
2021-01-14,3795.54,30991.5195,13112.6396,2155.3501
2021-01-15,3768.25,30814.2598,12998.5,2123.2
2021-01-19,3798.9099,30930.5195,13197.1797,2151.1399
2021-01-20,3851.8501,31188.3809,13457.25,2160.6201
2021-01-21,3853.0701,31176.0098,13530.9102,2141.4199
2021-01-22,3841.47,30996.9805,13543.0596,2168.76
2021-01-25,3855.3601,30960.0,13635.9902,2163.27
2021-01-26,3849.6201,30937.0391,13626.0596,2149.8601
2021-01-27,3750.77,30303.1699,13270.5996,2108.7
2021-01-28,3787.3799,30603.3594,13337.1602,2106.6101
2021-01-29,3714.24,29982.6191,13070.6904,2073.6399
2021-02-01,3773.8601,30211.9102,13403.3896,2126.1599
2021-02-02,3826.3101,30687.4805,13612.7803,2151.4399
2021-02-03,3830.1699,30723.5996,13610.54,2159.7
2021-02-04,3871.74,31055.8594,13777.7402,2202.4199
2021-02-05,3886.8301,31148.2402,13856.2998,2233.3301
2021-02-08,3915.5901,31385.7598,13987.6396,2289.76
2021-02-09,3911.23,31375.8301,14007.7002,2299.0
2021-02-10,3909.8799,31437.8008,13972.5303,2282.4399
2021-02-11,3916.3799,31430.6992,14025.7695,2285.3201
2021-02-12,3934.8301,31458.4004,14095.4697,2289.3601
2021-02-16,3932.5901,31522.75,14047.5,2272.8899
2021-02-17,3931.3301,31613.0195,13965.4902,2256.1101
2021-02-18,3913.97,31493.3398,13865.3604,2218.3899
2021-02-19,3906.71,31494.3203,13874.46,2266.6899
2021-02-22,3876.5,31521.6895,13533.0498,2251.0701
2021-02-23,3881.3701,31537.3496,13465.2002,2231.3101
2021-02-24,3925.4299,31961.8594,13597.9697,2284.3799
2021-02-25,3829.3401,31402.0098,13119.4297,2200.1699
2021-02-26,3811.1499,30932.3691,13192.3496,2201.05
2021-03-01,3901.8201,31535.5098,13588.8301,2275.3201
2021-03-02,3870.29,31391.5195,13358.79,2231.51
2021-03-03,3819.72,31270.0898,12997.75,2207.79
2021-03-04,3768.47,30924.1406,12723.4697,2146.9199
2021-03-05,3841.9399,31496.3008,12920.1504,2192.21
2021-03-08,3821.3501,31802.4395,12609.1602,2202.98
2021-03-09,3875.4399,31832.7402,13073.8203,2245.0601
2021-03-10,3898.8101,32297.0195,13068.8301,2285.6799
2021-03-11,3939.3401,32485.5898,13398.6699,2338.54
2021-03-12,3943.3401,32778.6406,13319.8604,2352.79
2021-03-15,3968.9399,32953.4609,13459.71,2360.1699
2021-03-16,3962.71,32825.9492,13471.5703,2319.52
2021-03-17,3974.1201,33015.3711,13525.2002,2336.3899
2021-03-18,3915.46,32862.3008,13116.1699,2267.5901
2021-03-19,3913.1001,32627.9707,13215.2402,2287.55
2021-03-22,3940.5901,32731.1992,13377.54,2266.8401
2021-03-23,3910.52,32423.1504,13227.7002,2185.6899
2021-03-24,3889.1399,32420.0605,12961.8896,2134.27
2021-03-25,3909.52,32619.4805,12977.6797,2183.1201
2021-03-26,3974.54,33072.8789,13138.7305,2221.48
2021-03-29,3971.0901,33171.3711,13059.6504,2158.6799
2021-03-30,3958.55,33066.9609,13045.3896,2195.8
2021-03-31,3972.8899,32981.5508,13246.8701,2220.52
2021-04-01,4019.8701,33153.2109,13480.1104,2253.8999
2021-04-05,4077.9099,33527.1914,13705.5898,2264.8899
2021-04-06,4073.9399,33430.2383,13698.3799,2259.1499
2021-04-07,4079.95,33446.2617,13688.8398,2223.05
2021-04-08,4097.1699,33503.5703,13829.3096,2242.6001
2021-04-09,4128.7998,33800.6016,13900.1904,2243.47
2021-04-12,4127.9902,33745.3984,13850.0,2233.78
2021-04-13,4141.5898,33677.2695,13996.0996,2228.9199
2021-04-14,4124.6602,33730.8906,13857.8398,2247.72
2021-04-15,4170.4199,34035.9883,14038.7598,2257.0701
2021-04-16,4185.4702,34200.6719,14052.3398,2262.6699
2021-04-19,4163.2598,34077.6289,13914.7695,2232.0
2021-04-20,4134.9399,33821.3008,13786.2695,2188.21
2021-04-21,4173.4199,34137.3086,13950.2197,2239.6299
2021-04-22,4134.98,33815.8984,13818.4102,2232.6101
2021-04-23,4180.1699,34043.4883,14016.8096,2271.8601
2021-04-26,4187.6201,33981.5703,14138.7803,2298.01
2021-04-27,4186.7202,33984.9297,14090.2197,2301.27
2021-04-28,4183.1802,33820.3789,14051.0303,2304.1599
2021-04-29,4211.4702,34060.3594,14082.5498,2295.46
2021-04-30,4181.1699,33874.8516,13962.6797,2266.45
2021-05-03,4192.6602,34113.2305,13895.1201,2277.45
2021-05-04,4164.6602,34133.0312,13633.5,2248.29
2021-05-05,4167.5898,34230.3398,13582.4199,2241.3701
2021-05-06,4201.6201,34548.5312,13632.8398,2241.4199
2021-05-07,4232.6001,34777.7617,13752.2402,2271.6299
2021-05-10,4188.4302,34742.8203,13401.8604,2212.7
2021-05-11,4152.1001,34269.1602,13389.4297,2206.99
2021-05-12,4063.04,33587.6602,13031.6797,2135.1399
2021-05-13,4112.5,34021.4492,13124.9902,2170.95
2021-05-14,4173.8501,34382.1289,13429.9805,2224.6299
2021-05-17,4163.29,34327.7891,13379.0498,2227.1201
2021-05-18,4127.8301,34060.6602,13303.6396,2210.8799
2021-05-19,4115.6802,33896.0391,13299.7402,2193.6399
2021-05-20,4159.1201,34084.1484,13535.7402,2207.76
2021-05-21,4155.8599,34207.8398,13470.9902,2215.27
2021-05-24,4197.0498,34393.9805,13661.1699,2227.3401
2021-05-25,4188.1299,34312.4609,13657.1699,2205.75
2021-05-26,4195.9902,34323.0508,13738.0,2249.27
2021-05-27,4200.8799,34464.6406,13736.2803,2273.0701
2021-05-28,4204.1099,34529.4492,13748.7402,2268.97
2021-06-01,4202.04,34575.3086,13736.4805,2294.74
2021-06-02,4208.1201,34600.3789,13756.3301,2297.8301
2021-06-03,4192.8501,34577.0391,13614.5098,2279.25
2021-06-04,4229.8901,34756.3906,13814.4902,2286.4099
2021-06-07,4226.52,34630.2383,13881.7197,2319.1799
2021-06-08,4227.2598,34599.8203,13924.9102,2343.76
2021-06-09,4219.5498,34447.1406,13911.75,2327.1299
2021-06-10,4239.1802,34466.2383,14020.3301,2311.4099
2021-06-11,4247.4399,34479.6016,14069.4199,2335.8101
2021-06-14,4255.1499,34393.75,14174.1396,2326.1499
2021-06-15,4246.5898,34299.3281,14072.8604,2320.0701
2021-06-16,4223.7002,34033.6719,14039.6797,2314.6899
2021-06-17,4221.8599,33823.4492,14161.3496,2287.46
2021-06-18,4166.4502,33290.0781,14030.3799,2237.75
2021-06-21,4224.79,33876.9688,14141.4805,2286.0901
2021-06-22,4246.4399,33945.5781,14253.2695,2295.95
2021-06-23,4241.8398,33874.2383,14271.7305,2303.47
2021-06-24,4266.4902,34196.8203,14369.71,2333.6201
2021-06-25,4280.7002,34433.8398,14360.3896,2334.3999
2021-06-28,4290.6099,34283.2695,14500.5098,2322.3401
2021-06-29,4291.7998,34292.2891,14528.3301,2308.8401
2021-06-30,4297.5,34502.5117,14503.9502,2310.55
2021-07-01,4319.9399,34633.5312,14522.3799,2329.3601
2021-07-02,4352.3398,34786.3516,14639.3301,2305.76
2021-07-06,4343.54,34577.3711,14663.6396,2274.5
2021-07-07,4358.1299,34681.7891,14665.0596,2252.8501
2021-07-08,4320.8198,34421.9297,14559.7803,2231.6799
2021-07-09,4369.5498,34870.1602,14701.9199,2280.0
2021-07-12,4384.6299,34996.1797,14733.2402,2281.8201
2021-07-13,4369.21,34888.7891,14677.6504,2238.8601
2021-07-14,4374.2998,34933.2305,14644.9502,2202.3601
2021-07-15,4360.0298,34987.0195,14543.1299,2190.29
2021-07-16,4327.1602,34687.8516,14427.2402,2163.24
2021-07-19,4258.4902,33962.0391,14274.9805,2130.6799
2021-07-20,4323.0601,34511.9883,14498.8799,2194.3
2021-07-21,4358.6899,34798.0,14631.9502,2234.04
2021-07-22,4367.48,34823.3516,14684.5996,2199.48
2021-07-23,4411.79,35061.5508,14836.9902,2209.6499
2021-07-26,4422.2998,35144.3086,14840.71,2216.9199
2021-07-27,4401.46,35058.5195,14660.5801,2191.8301
2021-07-28,4400.6401,34930.9297,14762.5801,2224.96
2021-07-29,4419.1499,35084.5312,14778.2598,2240.03
2021-07-30,4395.2598,34935.4688,14672.6797,2226.25
2021-08-02,4387.1602,34838.1602,14681.0703,2215.5
2021-08-03,4423.1499,35116.3984,14761.29,2223.5801
2021-08-04,4402.6602,34792.6719,14780.5303,2196.3201
2021-08-05,4429.1001,35064.25,14895.1201,2236.01
2021-08-06,4436.52,35208.5117,14835.7598,2247.76
2021-08-09,4432.3501,35101.8516,14860.1797,2234.8101
2021-08-10,4436.75,35264.6719,14788.0898,2239.3601
2021-08-11,4442.4102,35484.9688,14765.1396,2250.3401
2021-08-12,4460.8301,35499.8516,14816.2598,2244.0701
2021-08-13,4468.0,35515.3789,14822.9004,2223.1101
2021-08-16,4479.71,35625.3984,14793.7598,2209.48
2021-08-17,4448.0801,35343.2812,14656.1797,2177.1699
2021-08-18,4400.27,34960.6914,14525.9102,2158.78
2021-08-19,4405.7998,34894.1211,14541.79,2132.4199
2021-08-20,4441.6699,35120.0781,14714.6602,2167.6001
2021-08-23,4479.5298,35335.7109,14942.6504,2208.3
2021-08-24,4486.23,35366.2617,15019.7998,2230.9099
2021-08-25,4496.1899,35405.5,15041.8604,2239.27
2021-08-26,4470.0,35213.1211,14945.8096,2213.98
2021-08-27,4509.3701,35455.8008,15129.5,2277.1499
2021-08-30,4528.79,35399.8398,15265.8896,2265.99
2021-08-31,4522.6802,35360.7305,15259.2402,2273.77
2021-09-01,4524.0898,35312.5312,15309.3799,2287.0601
2021-09-02,4536.9502,35443.8203,15331.1797,2304.02
2021-09-03,4535.4302,35369.0898,15363.5195,2292.05
2021-09-07,4520.0298,35100.0,15374.3301,2275.6101
2021-09-08,4514.0698,35031.0703,15286.6396,2249.73
2021-09-09,4493.2798,34879.3789,15248.25,2249.1299
2021-09-10,4458.5801,34607.7188,15115.4902,2227.55
2021-09-13,4468.73,34869.6289,15105.5801,2240.78
2021-09-14,4443.0498,34577.5703,15037.7598,2209.98
2021-09-15,4480.7002,34814.3906,15161.5303,2234.45
2021-09-16,4473.75,34751.3203,15181.9199,2232.9099
2021-09-17,4432.9902,34584.8789,15043.9697,2236.8701
2021-09-20,4357.73,33970.4688,14713.9004,2182.2
2021-09-21,4354.1899,33919.8398,14746.4004,2186.1799
2021-09-22,4395.6401,34258.3203,14896.8496,2218.5601
2021-09-23,4448.98,34764.8203,15052.2402,2259.04
2021-09-24,4455.48,34798.0,15047.7002,2248.0701
2021-09-27,4443.1099,34869.3711,14969.9697,2281.0
2021-09-28,4352.6299,34299.9883,14546.6797,2229.78
2021-09-29,4359.46,34390.7188,14512.4404,2225.3101
2021-09-30,4307.54,33843.9219,14448.5801,2204.3701
2021-10-01,4357.04,34326.4609,14566.7002,2241.6299
2021-10-04,4300.46,34002.9219,14255.4805,2217.47
2021-10-05,4345.7202,34314.6719,14433.8301,2228.3601
2021-10-06,4363.5498,34416.9883,14501.9102,2214.96
2021-10-07,4399.7598,34754.9414,14654.0195,2250.0901
2021-10-08,4391.3398,34746.25,14579.54,2233.0901
2021-10-11,4361.1899,34496.0586,14486.2002,2220.6399
2021-10-12,4350.6499,34378.3398,14465.9199,2234.27
2021-10-13,4363.7998,34377.8086,14571.6396,2241.97
2021-10-14,4438.2598,34912.5586,14823.4297,2274.1799
2021-10-15,4471.3701,35294.7617,14897.3398,2265.6499
2021-10-18,4486.46,35258.6094,15021.8096,2267.8401
2021-10-19,4519.6299,35457.3086,15129.0898,2275.9099
2021-10-20,4536.1899,35609.3398,15121.6797,2289.77
2021-10-21,4549.7798,35603.0781,15215.7002,2296.1799
2021-10-22,4544.8999,35677.0195,15090.2002,2291.27
2021-10-25,4566.48,35741.1484,15226.71,2312.6399
2021-10-26,4574.79,35756.8789,15235.71,2296.0801
2021-10-27,4551.6802,35490.6914,15235.8398,2252.49
2021-10-28,4596.4199,35730.4805,15448.1201,2297.98
2021-10-29,4605.3799,35819.5586,15498.3896,2297.1899
2021-11-01,4613.6699,35913.8398,15595.9199,2358.1201
2021-11-02,4630.6499,36052.6289,15649.5996,2361.8601
2021-11-03,4660.5698,36157.5781,15811.5801,2404.28
2021-11-04,4680.0601,36124.2305,15940.3096,2402.4299
2021-11-05,4697.5298,36327.9492,15971.5898,2437.0801
2021-11-08,4701.7002,36432.2188,15982.3604,2442.74
2021-11-09,4685.25,36319.9805,15886.54,2427.29
2021-11-10,4646.71,36079.9414,15622.71,2389.5801
2021-11-11,4649.27,35921.2305,15704.2803,2409.1399
2021-11-12,4682.8501,36100.3086,15860.96,2411.78
2021-11-15,4682.7998,36087.4492,15853.8496,2400.9299
2021-11-16,4700.8999,36142.2188,15973.8604,2405.02
2021-11-17,4688.6699,35931.0508,15921.5703,2377.01
2021-11-18,4704.54,35870.9492,15993.71,2363.5901
2021-11-19,4697.96,35601.9805,16057.4404,2343.1599
2021-11-22,4682.9399,35619.25,15854.7598,2331.3501
2021-11-23,4690.7002,35813.8008,15775.1396,2327.8601
2021-11-24,4701.46,35804.3789,15845.2305,2331.46
2021-11-26,4594.6201,34899.3398,15491.6602,2245.9399
2021-11-29,4655.27,35135.9414,15782.8301,2241.98
2021-11-30,4567.0,34483.7188,15537.6904,2198.9099
2021-12-01,4513.04,34022.0391,15254.0498,2147.4199
2021-12-02,4577.1001,34639.7891,15381.3203,2206.3301
2021-12-03,4538.4302,34580.0781,15085.4697,2159.3101
2021-12-06,4591.6699,35227.0312,15225.1504,2203.48
2021-12-07,4686.75,35719.4297,15686.9199,2253.79
2021-12-08,4701.21,35754.75,15786.9902,2271.71
2021-12-09,4667.4502,35754.6914,15517.3701,2220.21
2021-12-10,4712.02,35970.9883,15630.5996,2211.8101
2021-12-13,4668.9702,35650.9492,15413.2803,2180.5
2021-12-14,4634.0898,35544.1797,15237.6396,2159.6499
2021-12-15,4709.8501,35927.4297,15565.5801,2195.21
2021-12-16,4668.6699,35897.6406,15180.4297,2152.46
2021-12-17,4620.6401,35365.4414,15169.6797,2173.9299
2021-12-20,4568.02,34932.1602,14980.9404,2139.8701
2021-12-21,4649.23,35492.6992,15341.0898,2202.95
2021-12-22,4696.5601,35753.8906,15521.8896,2221.8999
2021-12-23,4725.79,35950.5586,15653.3701,2241.5801
2021-12-27,4791.1899,36302.3789,15871.2598,2261.46
2021-12-28,4786.3501,36398.2109,15781.7197,2246.51
2021-12-29,4793.0601,36488.6289,15766.2197,2249.24
2021-12-30,4778.73,36398.0781,15741.5596,2248.79
2021-12-31,4766.1802,36338.3008,15644.9697,2245.3101
2022-01-03,4796.5601,36585.0586,15832.7998,2272.5601
2022-01-04,4793.54,36799.6484,15622.7197,2268.8701
2022-01-05,4700.5801,36407.1094,15100.1699,2194.0
2022-01-06,4696.0498,36236.4688,15080.8604,2206.3701
2022-01-07,4677.0298,36231.6602,14935.9004,2179.8101
2022-01-10,4670.29,36068.8711,14942.8301,2171.1499
2022-01-11,4713.0698,36252.0195,15153.4502,2194.0
2022-01-12,4726.3501,36290.3203,15188.3896,2176.0601
2022-01-13,4659.0298,36113.6211,14806.8096,2159.4399
2022-01-14,4662.8501,35911.8086,14893.75,2162.46
2022-01-18,4577.1099,35368.4688,14506.9004,2096.23
2022-01-19,4532.7598,35028.6484,14340.2598,2062.78
2022-01-20,4482.73,34715.3906,14154.0195,2024.04
2022-01-21,4397.9399,34265.3711,13768.9199,1987.92
2022-01-24,4410.1299,34364.5,13855.1299,2033.51
2022-01-25,4356.4502,34297.7305,13539.29,2004.03
2022-01-26,4349.9302,34168.0898,13542.1201,1976.46
2022-01-27,4326.5098,34160.7812,13352.7803,1931.29
2022-01-28,4431.8501,34725.4688,13770.5703,1968.51
2022-01-31,4515.5498,35131.8594,14239.8799,2028.45
2022-02-01,4546.54,35405.2383,14346.0,2050.74
2022-02-02,4589.3799,35629.3281,14417.5498,2029.52
2022-02-03,4477.4399,35111.1602,13878.8203,1991.03
2022-02-04,4500.5298,35089.7383,14098.0098,2002.36
2022-02-07,4483.8701,35091.1289,14015.6699,2012.6
2022-02-08,4521.54,35462.7812,14194.4502,2045.37
2022-02-09,4587.1802,35768.0586,14490.3701,2083.5
2022-02-10,4504.0801,35241.5898,14185.6396,2051.1599
2022-02-11,4418.6401,34738.0586,13791.1504,2030.15
2022-02-14,4401.6699,34566.1719,13790.9199,2020.79
2022-02-15,4471.0698,34988.8398,14139.7598,2076.46
2022-02-16,4475.0098,34934.2695,14124.0898,2079.3101
2022-02-17,4380.2598,34312.0312,13716.7197,2028.09
2022-02-18,4348.8701,34079.1797,13548.0703,2009.33
2022-02-22,4304.7598,33596.6094,13381.5195,1980.17
2022-02-23,4225.5,33131.7617,13037.4902,1944.09
2022-02-24,4288.7002,33223.8281,13473.5898,1996.01
2022-02-25,4384.6499,34058.75,13694.6201,2040.9301
2022-02-28,4373.9399,33892.6016,13751.4004,2048.0901
2022-03-01,4306.2598,33294.9492,13532.46,2008.51
2022-03-02,4386.54,33891.3516,13752.0195,2058.8701
2022-03-03,4363.4902,33794.6602,13537.9404,2032.41
2022-03-04,4328.8701,33614.8008,13313.4404,2000.9
2022-03-07,4201.0898,32817.3789,12830.96,1951.33
2022-03-08,4170.7002,32632.6406,12795.5498,1963.01
2022-03-09,4277.8799,33286.25,13255.5498,2016.29
2022-03-10,4259.52,33174.0703,13129.96,2011.67
2022-03-11,4204.3101,32944.1914,12843.8096,1979.67
2022-03-14,4173.1099,32945.2383,12581.2197,1941.72
2022-03-15,4262.4502,33544.3398,12948.6201,1968.97
2022-03-16,4357.8599,34063.1016,13436.5498,2030.72
2022-03-17,4411.6699,34480.7617,13614.7803,2065.02
2022-03-18,4463.1201,34754.9297,13893.8398,2086.1399
2022-03-21,4461.1802,34552.9883,13838.46,2065.9399
2022-03-22,4511.6099,34807.4609,14108.8203,2088.3401
2022-03-23,4456.2402,34358.5,13922.5996,2052.21
2022-03-24,4520.1602,34707.9414,14191.8398,2075.4399
2022-03-25,4543.0601,34861.2383,14169.2998,2077.98
2022-03-28,4575.52,34955.8906,14354.9004,2078.0601
2022-03-29,4631.6001,35294.1914,14619.6396,2133.1001
2022-03-30,4602.4502,35228.8086,14442.2695,2091.0701
2022-03-31,4530.4102,34678.3516,14220.5195,2070.1299
2022-04-01,4545.8599,34818.2695,14261.5,2091.1101
2022-04-04,4582.6401,34921.8789,14532.5498,2095.4399
2022-04-05,4525.1201,34641.1797,14204.1699,2046.04
2022-04-06,4481.1499,34496.5117,13888.8203,2016.9399
2022-04-07,4500.21,34583.5703,13897.2998,2009.8
2022-04-08,4488.2798,34721.1211,13711.0,1994.5601
2022-04-11,4412.5298,34308.0781,13411.96,1980.3199
2022-04-12,4397.4502,34220.3594,13371.5703,1986.9399
2022-04-13,4446.5898,34564.5898,13643.5898,2025.1
2022-04-14,4392.5898,34451.2305,13351.0801,2004.98
2022-04-18,4391.6899,34411.6914,13332.3604,1990.13
2022-04-19,4462.21,34911.1992,13619.6602,2030.77
2022-04-20,4459.4502,35160.7891,13453.0703,2038.1899
2022-04-21,4393.6602,34792.7617,13174.6504,1991.46
2022-04-22,4271.7798,33811.3984,12839.29,1940.66
2022-04-25,4296.1201,34049.4609,13004.8496,1954.2
2022-04-26,4175.2002,33240.1797,12490.7402,1890.47
2022-04-27,4183.96,33301.9297,12488.9297,1884.04
2022-04-28,4287.5,33916.3906,12871.5303,1917.9399
2022-04-29,4131.9302,32977.2109,12334.6396,1864.1
2022-05-02,4155.3799,33061.5,12536.0195,1882.91
2022-05-03,4175.48,33128.7891,12563.7598,1898.86
2022-05-04,4300.1699,34061.0586,12964.8604,1949.92
2022-05-05,4146.8701,32997.9688,12317.6904,1871.15
2022-05-06,4123.3398,32899.3711,12144.6602,1839.5601
2022-05-09,3991.24,32245.6992,11623.25,1762.08
2022-05-10,4001.05,32160.7402,11737.6699,1761.79
2022-05-11,3935.1799,31834.1094,11364.2402,1718.14
2022-05-12,3930.0801,31730.3008,11370.96,1739.38
2022-05-13,4023.8899,32196.6602,11805.0,1792.67
2022-05-16,4008.01,32223.4199,11662.79,1783.4301
2022-05-17,4088.8501,32654.5898,11984.5195,1840.3
2022-05-18,3923.6799,31490.0703,11418.1504,1774.85
2022-05-19,3900.79,31253.1309,11388.5,1776.22
2022-05-20,3901.3601,31261.9004,11354.6201,1773.27
2022-05-23,3973.75,31880.2402,11535.2695,1792.76
2022-05-24,3941.48,31928.6191,11264.4502,1764.83
2022-05-25,3978.73,32120.2793,11434.7402,1799.16
2022-05-26,4057.8401,32637.1895,11740.6504,1838.24
2022-05-27,4158.2402,33212.9609,12131.1299,1887.9
2022-05-31,4132.1499,32990.1211,12081.3896,1864.04
2022-06-01,4101.23,32813.2305,11994.46,1854.8199
2022-06-02,4176.8198,33248.2812,12316.9004,1897.67
2022-06-03,4108.54,32899.6992,12012.7305,1883.05
2022-06-06,4121.4302,32915.7812,12061.3701,1889.89
2022-06-07,4160.6802,33180.1406,12175.2305,1919.5601
2022-06-08,4115.77,32910.8984,12086.2695,1891.01
2022-06-09,4017.8201,32272.7891,11754.2305,1850.86
2022-06-10,3900.8601,31392.7891,11340.0195,1800.28
2022-06-13,3749.6299,30516.7402,10809.2305,1714.59
2022-06-14,3735.48,30364.8301,10828.3496,1707.83
2022-06-15,3789.99,30668.5293,11099.1504,1731.14
2022-06-16,3666.77,29927.0703,10646.0996,1649.84
2022-06-17,3674.8401,29888.7793,10798.3496,1665.6899
2022-06-21,3764.79,30530.25,11069.2998,1694.03
2022-06-22,3759.8899,30483.1309,11053.0801,1690.28
2022-06-23,3795.73,30677.3594,11232.1904,1711.67
2022-06-24,3911.74,31500.6797,11607.6201,1765.74
2022-06-27,3900.1101,31438.2598,11524.5498,1771.74
2022-06-28,3821.55,30946.9902,11181.54,1738.84
2022-06-29,3818.8301,31029.3105,11177.8896,1719.37
2022-06-30,3785.3799,30775.4297,11028.7402,1707.99
2022-07-01,3825.3301,31097.2598,11127.8496,1727.76
2022-07-05,3831.3899,30967.8203,11322.2402,1741.33
2022-07-06,3845.0801,31037.6797,11361.8496,1727.55
2022-07-07,3902.6201,31384.5508,11621.3496,1769.6
2022-07-08,3899.3799,31338.1504,11635.3096,1769.36
2022-07-11,3854.4299,31173.8398,11372.5996,1732.01
2022-07-12,3818.8,30981.3301,11264.7305,1728.1801
2022-07-13,3801.78,30772.7891,11247.5801,1726.04
2022-07-14,3790.3799,30630.1699,11251.1904,1707.51
2022-07-15,3863.1599,31288.2598,11452.4199,1744.37
2022-07-18,3830.8501,31072.6094,11360.0498,1738.42
2022-07-19,3936.6899,31827.0508,11713.1504,1799.3199
2022-07-20,3959.8999,31874.8398,11897.6504,1827.95
2022-07-21,3998.95,32036.9004,12059.6104,1836.6899
2022-07-22,3961.6299,31899.2891,11834.1104,1806.88
2022-07-25,3966.8401,31990.0391,11782.6699,1817.77
2022-07-26,3921.05,31761.5391,11562.5703,1805.25
2022-07-27,4023.6101,32197.5898,12032.4199,1848.34
2022-07-28,4072.4299,32529.6309,12162.5898,1873.03
2022-07-29,4130.29,32845.1289,12390.6904,1885.23
2022-08-01,4118.6299,32798.3984,12368.9805,1883.3101
2022-08-02,4091.1899,32396.1699,12348.7598,1882.45
2022-08-03,4155.1699,32812.5,12668.1602,1908.9301
2022-08-04,4151.9399,32726.8203,12720.5801,1906.46
2022-08-05,4145.1899,32803.4688,12657.5498,1921.8199
2022-08-08,4140.0601,32832.5391,12644.46,1941.21
2022-08-09,4122.4702,32774.4102,12493.9297,1912.89
2022-08-10,4210.2402,33309.5117,12854.7998,1969.25
2022-08-11,4207.27,33336.6719,12779.9102,1975.26
2022-08-12,4280.1499,33761.0508,13047.1904,2016.62
2022-08-15,4297.1401,33912.4414,13128.0498,2021.35
2022-08-16,4305.2002,34152.0117,13102.5498,2020.53
2022-08-17,4274.04,33980.3203,12938.1201,1987.3101
2022-08-18,4283.7402,33999.0391,12965.3398,2000.73
2022-08-19,4228.48,33706.7383,12705.2197,1957.35
2022-08-22,4137.9902,33063.6094,12381.5703,1915.74
2022-08-23,4128.73,32909.5898,12381.2998,1919.14
2022-08-24,4140.77,32969.2305,12431.5303,1935.29
2022-08-25,4199.1201,33291.7812,12639.2695,1964.64
2022-08-26,4057.6599,32283.4004,12141.71,1899.83
2022-08-29,4030.6101,32098.9902,12017.6699,1882.9399
2022-08-30,3986.1599,31790.8691,11883.1396,1855.59
2022-08-31,3955.0,31510.4297,11816.2002,1844.12
2022-09-01,3966.8501,31656.4199,11785.1299,1822.8199
2022-09-02,3924.26,31318.4395,11630.8604,1809.75
2022-09-06,3908.1899,31145.3008,11544.9102,1792.3199
2022-09-07,3979.8701,31581.2793,11791.9004,1832.0
2022-09-08,4006.1799,31774.5195,11862.1299,1846.91
2022-09-09,4067.3601,32151.7109,12112.3096,1882.85
2022-09-12,4110.4102,32381.3398,12266.4102,1906.09
2022-09-13,3932.6899,31104.9707,11633.5703,1831.5699
2022-09-14,3946.01,31135.0898,11719.6797,1838.46
2022-09-15,3901.3501,30961.8203,11552.3604,1825.23
2022-09-16,3873.3301,30822.4199,11448.4004,1798.1899
2022-09-19,3899.8899,31019.6797,11535.0195,1812.84
2022-09-20,3855.9299,30706.2305,11425.0498,1787.5
2022-09-21,3789.9299,30183.7793,11220.1904,1762.16
2022-09-22,3757.99,30076.6797,11066.8096,1722.3101
2022-09-23,3693.23,29590.4102,10867.9297,1679.59
2022-09-26,3655.04,29260.8105,10802.9199,1655.88
2022-09-27,3647.29,29134.9902,10829.5,1662.51
2022-09-28,3719.04,29683.7402,11051.6396,1715.24
2022-09-29,3640.47,29225.6094,10737.5098,1674.9301
2022-09-30,3585.6201,28725.5098,10575.6201,1664.72
2022-10-03,3678.4299,29490.8906,10815.4297,1708.87
2022-10-04,3790.9299,30316.3203,11176.4102,1775.77
2022-10-05,3783.28,30273.8691,11148.6396,1762.6899
2022-10-06,3744.52,29926.9395,11073.3096,1752.51
2022-10-07,3639.6599,29296.7891,10652.4004,1702.15
2022-10-10,3612.3899,29202.8809,10542.0996,1691.92
2022-10-11,3588.8401,29239.1895,10426.1904,1692.92
2022-10-12,3577.03,29210.8496,10417.0996,1687.76
2022-10-13,3669.9099,30038.7207,10649.1504,1728.41
2022-10-14,3583.0701,29634.8301,10321.3896,1682.4
2022-10-17,3677.95,30185.8203,10675.7998,1735.75
2022-10-18,3719.98,30523.8008,10772.4004,1755.96
2022-10-19,3695.1599,30423.8105,10680.5098,1725.76
2022-10-20,3665.78,30333.5898,10614.8398,1704.39
2022-10-21,3752.75,31082.5605,10859.7197,1742.24
2022-10-24,3797.3401,31499.6191,10952.6104,1748.4
2022-10-25,3859.1101,31836.7402,11199.1201,1796.16
2022-10-26,3830.6001,31839.1094,10970.9902,1804.33
2022-10-27,3807.3,32033.2793,10792.6699,1806.3199
2022-10-28,3901.0601,32861.8008,11102.4502,1846.92
2022-10-31,3871.98,32732.9492,10988.1504,1846.86
2022-11-01,3856.1001,32653.1992,10890.8496,1851.39
2022-11-02,3759.6899,32147.7598,10524.7998,1789.14
2022-11-03,3719.8899,32001.25,10342.9404,1779.73
2022-11-04,3770.55,32403.2207,10475.25,1799.87
2022-11-07,3806.8,32827.0,10564.5195,1809.8101
2022-11-08,3828.1101,33160.8281,10616.2002,1808.9301
2022-11-09,3748.5701,32513.9395,10353.1699,1760.4
2022-11-10,3956.3701,33715.3711,11114.1504,1867.9301
2022-11-11,3992.9299,33747.8594,11323.3301,1882.74
2022-11-14,3957.25,33536.6992,11196.2197,1861.25
2022-11-15,3991.73,33592.9219,11358.4102,1889.2
2022-11-16,3958.79,33553.8281,11183.6602,1853.17
2022-11-17,3946.5601,33546.3203,11144.96,1839.12
2022-11-18,3965.3401,33745.6914,11146.0596,1849.73
2022-11-21,3949.9399,33700.2812,11024.5098,1839.14
2022-11-22,4003.5801,34098.1016,11174.4102,1860.4399
2022-11-23,4027.26,34194.0586,11285.3203,1863.52
2022-11-25,4026.1201,34347.0312,11226.3604,1869.1899
2022-11-28,3963.9399,33849.4609,11049.5,1830.96
2022-11-29,3957.6299,33852.5312,10983.7803,1836.55
2022-11-30,4080.1101,34589.7695,11468.0,1886.58
2022-12-01,4076.5701,34395.0117,11482.4502,1881.6801
2022-12-02,4071.7,34429.8789,11461.5,1892.84
2022-12-05,3998.8401,33947.1016,11239.9404,1840.22
2022-12-06,3941.26,33596.3398,11014.8896,1812.58
2022-12-07,3933.9199,33597.9219,10958.5498,1806.9
2022-12-08,3963.51,33781.4805,11082.0,1818.29
2022-12-09,3934.3799,33476.4609,11004.6201,1796.66
2022-12-12,3990.5601,34005.0391,11143.7402,1818.61
2022-12-13,4019.6499,34108.6406,11256.8096,1832.36
2022-12-14,3995.3201,33966.3516,11170.8896,1820.45
2022-12-15,3895.75,33202.2188,10810.5303,1774.61
2022-12-16,3852.3601,32920.4609,10705.4102,1763.42
2022-12-19,3817.6599,32757.5391,10546.0303,1738.58
2022-12-20,3821.6201,32849.7383,10547.1104,1748.02
2022-12-21,3878.4399,33376.4805,10709.3701,1776.9399
2022-12-22,3822.3899,33027.4883,10476.1201,1754.09
2022-12-23,3844.8201,33203.9297,10497.8604,1760.9301
2022-12-27,3829.25,33241.5586,10353.2305,1749.52
2022-12-28,3783.22,32875.7109,10213.29,1722.02
2022-12-29,3849.28,33220.8008,10478.0898,1766.25
2022-12-30,3839.5,33147.25,10466.4805,1761.25
2023-01-03,3824.1399,33136.3711,10386.9805,1750.73
2023-01-04,3852.97,33269.7695,10458.7598,1772.54
2023-01-05,3808.1001,32930.0781,10305.2402,1753.1899
2023-01-06,3895.0801,33630.6094,10569.29,1792.8
2023-01-09,3892.0901,33517.6484,10635.6504,1795.91
2023-01-10,3919.25,33704.1016,10742.6299,1822.65
2023-01-11,3969.6101,33973.0117,10931.6699,1844.05
2023-01-12,3983.1699,34189.9688,11001.0996,1876.0601
2023-01-13,3999.0901,34302.6094,11079.1602,1887.03
2023-01-17,3990.97,33910.8516,11095.1104,1884.29
2023-01-18,3928.8601,33296.9609,10957.0098,1854.36
2023-01-19,3898.8501,33044.5586,10852.2695,1836.35
2023-01-20,3972.6101,33375.4883,11140.4297,1867.34
2023-01-23,4019.8101,33629.5586,11364.4102,1890.77
2023-01-24,4016.95,33733.9609,11334.2695,1885.61
2023-01-25,4016.22,33743.8398,11313.3604,1890.3199
2023-01-26,4060.4299,33949.4102,11512.4102,1903.0601
2023-01-27,4070.5601,33978.0781,11621.71,1911.46
2023-01-30,4017.77,33717.0898,11393.8096,1885.72
2023-01-31,4076.6001,34086.0391,11584.5498,1931.9399
2023-02-01,4119.21,34092.9609,11816.3203,1960.8101
2023-02-02,4179.7598,34053.9414,12200.8203,2001.22
2023-02-03,4136.48,33926.0117,12006.9502,1985.53
2023-02-06,4111.0801,33891.0195,11887.4502,1957.72
2023-02-07,4164.0,34156.6914,12113.79,1972.61
2023-02-08,4117.8599,33949.0117,11910.5195,1942.6
2023-02-09,4081.5,33699.8789,11789.5801,1915.34
2023-02-10,4090.46,33869.2695,11718.1201,1918.8101
2023-02-13,4137.29,34245.9297,11891.79,1941.14
2023-02-14,4136.1299,34089.2695,11960.1504,1939.91
2023-02-15,4147.6001,34128.0508,12070.5898,1960.97
2023-02-16,4090.4099,33696.8516,11855.8301,1942.21
2023-02-17,4079.0901,33826.6914,11787.2695,1946.36
2023-02-21,3997.3401,33129.5898,11492.2998,1888.21
2023-02-22,3991.05,33045.0898,11507.0703,1894.6801
2023-02-23,4012.3201,33153.9102,11590.4004,1908.09
2023-02-24,3970.04,32816.9219,11394.9404,1890.49
2023-02-27,3982.24,32889.0898,11466.9805,1896.27
2023-02-28,3970.1499,32656.6992,11455.54,1896.99
2023-03-01,3951.3899,32661.8398,11379.4805,1898.4301
2023-03-02,3981.3501,33003.5703,11462.9805,1902.66
2023-03-03,4045.6399,33390.9688,11689.0098,1928.26
2023-03-06,4048.4199,33431.4414,11675.7402,1899.76
2023-03-07,3986.3701,32856.4609,11530.3301,1878.72
2023-03-08,3992.01,32798.3984,11576.0,1879.48
2023-03-09,3918.3201,32254.8594,11338.3496,1826.59
2023-03-10,3861.5901,31909.6406,11138.8896,1772.7
2023-03-13,3855.76,31819.1406,11188.8398,1744.3
2023-03-14,3919.29,32155.4004,11428.1504,1776.89
2023-03-15,3891.9299,31874.5703,11434.0498,1745.9399
2023-03-16,3960.28,32246.5508,11717.2803,1771.24
2023-03-17,3916.6399,31861.9805,11630.5098,1725.89
2023-03-20,3951.5701,32244.5801,11675.54,1744.99
2023-03-21,4002.8701,32560.5996,11860.1104,1777.74
2023-03-22,3936.97,32030.1094,11669.96,1727.36
2023-03-23,3948.72,32105.25,11787.4004,1720.29
2023-03-24,3970.99,32237.5293,11823.96,1734.92
2023-03-27,3977.53,32432.0801,11768.8398,1753.67
2023-03-28,3971.27,32394.25,11716.0801,1752.63
2023-03-29,4027.8101,32717.5996,11926.2402,1771.6
2023-03-30,4050.8301,32859.0312,12013.4697,1768.38
2023-03-31,4109.3101,33274.1484,12221.9102,1802.48
2023-04-03,4124.5098,33601.1484,12189.4502,1802.3101
2023-04-04,4100.6001,33402.3789,12126.3301,1769.65
2023-04-05,4090.3799,33482.7188,11996.8604,1752.13
2023-04-06,4105.02,33485.2891,12087.96,1754.46
2023-04-10,4109.1099,33586.5195,12084.3604,1772.4399
2023-04-11,4108.9399,33684.7891,12031.8799,1786.59
2023-04-12,4091.95,33646.5,11929.3398,1773.7
2023-04-13,4146.2202,34029.6914,12166.2695,1796.6801
2023-04-14,4137.6401,33886.4688,12123.4697,1781.15
2023-04-17,4151.3198,33987.1797,12157.7197,1802.84
2023-04-18,4154.8701,33976.6289,12153.4102,1795.55
2023-04-19,4154.52,33897.0117,12157.2305,1799.4399
2023-04-20,4129.79,33786.6211,12059.5596,1789.7
2023-04-21,4133.52,33808.9609,12072.46,1791.51
2023-04-24,4137.04,33875.3984,12037.2002,1788.87
2023-04-25,4071.6299,33530.8281,11799.1602,1745.95
2023-04-26,4055.99,33301.8711,11854.3496,1730.41
2023-04-27,4135.3501,33826.1602,12142.2402,1751.22
2023-04-28,4169.48,34098.1602,12226.5801,1768.99
2023-05-01,4167.8701,34051.6992,12212.5996,1769.21
2023-05-02,4119.5801,33684.5312,12080.5098,1732.11
2023-05-03,4090.75,33414.2383,12025.3301,1739.28
2023-05-04,4061.22,33127.7383,11966.4004,1718.8101
2023-05-05,4136.25,33674.3789,12235.4102,1759.88
2023-05-08,4138.1201,33618.6914,12256.9199,1754.47
2023-05-09,4119.1699,33561.8086,12179.5498,1749.6801
2023-05-10,4137.6401,33531.3281,12306.4404,1759.51
2023-05-11,4130.6201,33309.5117,12328.5098,1744.71
2023-05-12,4124.0801,33300.6211,12284.7402,1740.85
2023-05-15,4136.2798,33348.6016,12365.21,1761.55
2023-05-16,4109.8999,33012.1406,12343.0498,1736.1801
2023-05-17,4158.77,33420.7695,12500.5703,1774.5
2023-05-18,4198.0498,33535.9102,12688.8398,1784.86
2023-05-19,4191.98,33426.6289,12657.9004,1773.72
2023-05-22,4192.6299,33286.5781,12720.7803,1795.38
2023-05-23,4145.5801,33055.5117,12560.25,1787.71
2023-05-24,4115.2402,32799.9219,12484.1602,1767.0
2023-05-25,4151.2798,32764.6504,12698.0898,1754.6
2023-05-26,4205.4502,33093.3398,12975.6904,1773.02
2023-05-30,4205.52,33042.7812,13017.4297,1767.29
2023-05-31,4179.8301,32908.2695,12935.29,1749.65
2023-06-01,4221.02,33061.5703,13100.9805,1767.9399
2023-06-02,4282.3701,33762.7617,13240.7695,1830.91
2023-06-05,4273.79,33562.8594,13229.4297,1806.71
2023-06-06,4283.8501,33573.2812,13276.4199,1855.4
2023-06-07,4267.52,33665.0195,13104.9004,1888.45
2023-06-08,4293.9302,33833.6094,13238.5195,1880.78
2023-06-09,4298.8599,33876.7812,13259.1396,1865.71
2023-06-12,4338.9302,34066.3281,13461.9199,1873.21
2023-06-13,4369.0098,34212.1211,13573.3203,1896.33
2023-06-14,4372.5898,33979.3281,13626.4805,1874.1
2023-06-15,4425.8398,34408.0586,13782.8203,1889.28
2023-06-16,4409.5898,34299.1211,13689.5703,1875.47
2023-06-20,4388.71,34053.8711,13667.29,1866.7
2023-06-21,4365.6899,33951.5195,13502.2002,1863.01
2023-06-22,4381.8901,33946.7109,13630.6104,1848.1801
2023-06-23,4348.3301,33727.4297,13492.5195,1821.63
2023-06-26,4328.8198,33714.7109,13335.7803,1823.26
2023-06-27,4378.4102,33926.7383,13555.6699,1849.9301
2023-06-28,4376.8599,33852.6602,13591.75,1858.71
2023-06-29,4396.4399,34122.4219,13591.3301,1881.59
2023-06-30,4450.3799,34407.6016,13787.9199,1888.73
2023-07-03,4455.5898,34418.4688,13816.7695,1896.78
2023-07-05,4446.8198,34288.6406,13791.6504,1872.91
2023-07-06,4411.5898,33922.2617,13679.04,1842.23
2023-07-07,4398.9502,33734.8789,13660.7197,1864.66
2023-07-10,4409.5298,33944.3984,13685.4805,1895.25
2023-07-11,4439.2598,34261.4219,13760.7002,1913.36
2023-07-12,4472.1602,34347.4297,13918.96,1933.38
2023-07-13,4510.04,34395.1406,14138.5703,1950.89
2023-07-14,4505.4199,34509.0312,14113.7002,1931.09
2023-07-17,4522.79,34585.3516,14244.9502,1951.27
2023-07-18,4554.98,34951.9297,14353.6396,1976.0699
2023-07-19,4565.7202,35061.2109,14358.0195,1984.89
2023-07-20,4534.8701,35225.1797,14063.3096,1967.16
2023-07-21,4536.3398,35227.6914,14032.8096,1960.26
2023-07-24,4554.6401,35411.2383,14058.8701,1965.6801
2023-07-25,4567.46,35438.0703,14144.5596,1966.11
2023-07-26,4566.75,35520.1211,14127.2803,1980.36
2023-07-27,4537.4102,35282.7188,14050.1104,1954.9
2023-07-28,4582.23,35459.2891,14316.6602,1981.54
2023-07-31,4588.96,35559.5312,14346.0195,2003.1801
2023-08-01,4576.73,35630.6797,14283.9102,1994.17
2023-08-02,4513.3901,35282.5195,13973.4502,1966.83
2023-08-03,4501.8901,35215.8906,13959.7197,1961.4
2023-08-04,4478.0298,35065.6211,13909.2402,1957.46
2023-08-07,4518.4399,35473.1289,13994.4004,1958.9399
2023-08-08,4499.3799,35314.4883,13884.3203,1947.42
2023-08-09,4467.71,35123.3594,13722.0195,1930.77
2023-08-10,4468.8301,35176.1484,13737.9902,1922.62
2023-08-11,4464.0498,35281.3984,13644.8496,1925.11
2023-08-14,4489.7202,35307.6289,13788.3301,1920.49
2023-08-15,4437.8599,34946.3906,13631.0498,1895.75
2023-08-16,4404.3301,34765.7383,13474.6299,1871.52
2023-08-17,4370.3599,34474.8281,13316.9297,1850.0601
2023-08-18,4369.71,34500.6602,13290.7803,1859.42
2023-08-21,4399.77,34463.6914,13497.5898,1856.01
2023-08-22,4387.5498,34288.8281,13505.8701,1850.84
2023-08-23,4436.0098,34472.9805,13721.0303,1870.03
2023-08-24,4376.3101,34099.4219,13463.9697,1846.28
2023-08-25,4405.71,34346.8984,13590.6504,1853.63
2023-08-28,4433.3101,34559.9805,13705.1299,1869.01
2023-08-29,4497.6299,34852.6719,13943.7598,1895.54
2023-08-30,4514.8701,34890.2383,14019.3096,1903.21
2023-08-31,4507.6602,34721.9102,14034.9697,1899.6801
2023-09-01,4515.77,34837.7109,14031.8096,1920.83
2023-09-05,4496.8301,34641.9688,14020.9502,1880.45
2023-09-06,4465.48,34443.1914,13872.4697,1874.28
2023-09-07,4451.1401,34500.7305,13748.8301,1855.76
2023-09-08,4457.4902,34576.5898,13761.5303,1851.54
2023-09-11,4487.46,34663.7188,13917.8896,1855.14
2023-09-12,4461.8999,34645.9883,13773.6104,1855.3199
2023-09-13,4467.4399,34575.5312,13813.5898,1840.84
2023-09-14,4505.1001,34907.1094,13926.0498,1866.63
2023-09-15,4450.3198,34618.2383,13708.3301,1847.03
2023-09-18,4453.5298,34624.3008,13710.2402,1834.3
2023-09-19,4443.9502,34517.7305,13678.1904,1826.53
2023-09-20,4402.2002,34440.8789,13469.1299,1810.1
2023-09-21,4330.0,34070.4219,13223.9805,1781.83
2023-09-22,4320.0601,33963.8398,13211.8096,1776.5
2023-09-25,4337.4399,34006.8789,13271.3203,1784.24
2023-09-26,4273.5298,33618.8789,13063.6104,1761.61
2023-09-27,4274.5098,33550.2695,13092.8496,1778.9
2023-09-28,4299.7002,33666.3398,13201.2803,1794.3101
2023-09-29,4288.0498,33507.5,13219.3203,1785.1
2023-10-02,4288.3901,33433.3516,13307.7695,1756.8199
2023-10-03,4229.4502,33002.3789,13059.4697,1727.15
2023-10-04,4263.75,33129.5508,13236.0098,1729.01
2023-10-05,4258.1899,33119.5703,13219.8301,1731.51
2023-10-06,4308.5,33407.5781,13431.3398,1745.5601
2023-10-09,4335.6602,33604.6484,13484.2402,1755.99
2023-10-10,4358.2402,33739.3008,13562.8398,1775.95
2023-10-11,4376.9502,33804.8711,13659.6797,1773.3
2023-10-12,4349.6099,33631.1406,13574.2197,1734.25
2023-10-13,4327.7798,33670.2891,13407.2305,1719.71
2023-10-16,4373.6299,33984.5391,13567.9805,1747.0601
2023-10-17,4373.2002,33997.6484,13533.75,1766.05
2023-10-18,4314.6001,33665.0781,13314.2998,1728.8101
2023-10-19,4278.0,33414.1719,13186.1797,1702.7
2023-10-20,4224.1602,33127.2812,12983.8096,1680.79
2023-10-23,4217.04,32936.4102,13018.3301,1665.88
2023-10-24,4247.6802,33141.3789,13139.8701,1679.5
2023-10-25,4186.77,33035.9297,12821.2197,1651.4301
2023-10-26,4137.23,32784.3008,12595.6104,1657.0
2023-10-27,4117.3701,32417.5898,12643.0098,1636.9399
2023-10-30,4166.8198,32928.9609,12789.4805,1647.29
2023-10-31,4193.7998,33052.8711,12851.2402,1662.28
2023-11-01,4237.8599,33274.5781,13061.4697,1669.7
2023-11-02,4317.7798,33839.0781,13294.1904,1714.21
2023-11-03,4358.3398,34061.3203,13478.2803,1760.7
2023-11-06,4365.98,34095.8594,13518.7803,1737.9399
2023-11-07,4378.3799,34152.6016,13639.8604,1733.15
2023-11-08,4382.7798,34112.2695,13650.4102,1714.0699
2023-11-09,4347.3501,33891.9414,13521.4502,1687.24
2023-11-10,4415.2402,34283.1016,13798.1104,1705.3199
2023-11-13,4411.5498,34337.8711,13767.7402,1705.5
2023-11-14,4495.7002,34827.6992,14094.3799,1798.3199
2023-11-15,4502.8799,34991.2109,14103.8398,1801.22
2023-11-16,4508.2402,34945.4688,14113.6699,1773.76
2023-11-17,4514.02,34947.2812,14125.4805,1797.77
2023-11-20,4547.3799,35151.0391,14284.5303,1807.08
2023-11-21,4538.1899,35088.2891,14199.9805,1783.26
2023-11-22,4556.6201,35273.0312,14265.8604,1795.54
2023-11-24,4559.3398,35390.1484,14250.8496,1807.5
2023-11-27,4550.4302,35333.4688,14241.0195,1801.15
2023-11-28,4554.8901,35416.9805,14281.7598,1792.8101
2023-11-29,4550.5801,35430.4219,14258.4902,1803.8101
2023-11-30,4567.7998,35950.8906,14226.2197,1809.02
2023-12-01,4594.6299,36245.5,14305.0303,1862.64
2023-12-04,4569.7798,36204.4414,14185.4902,1882.02
2023-12-05,4567.1802,36124.5586,14229.9102,1856.04
2023-12-06,4549.3398,36054.4297,14146.71,1852.05
2023-12-07,4585.5898,36117.3789,14339.9902,1868.25
2023-12-08,4604.3701,36247.8711,14403.9697,1880.8199
2023-12-11,4622.4399,36404.9297,14432.4902,1883.6801
2023-12-12,4643.7002,36577.9414,14533.4004,1881.27
2023-12-13,4707.0898,37090.2383,14733.96,1947.51
2023-12-14,4719.5498,37248.3516,14761.5596,2000.51
2023-12-15,4719.1899,37305.1602,14813.9199,1985.13
2023-12-18,4740.5601,37306.0195,14904.8096,1982.42
2023-12-19,4768.3701,37557.9219,15003.2197,2020.95
2023-12-20,4698.3501,37082.0,14777.9404,1982.84
2023-12-21,4746.75,37404.3516,14963.8701,2017.0601
2023-12-22,4754.6299,37385.9688,14992.9697,2033.96
2023-12-26,4774.75,37545.3281,15074.5703,2059.1899
2023-12-27,4781.5801,37656.5195,15099.1797,2066.21
2023-12-28,4783.3501,37710.1016,15095.1396,2058.3401
2023-12-29,4769.8301,37689.5391,15011.3496,2027.0699
2024-01-02,4742.8301,37715.0391,14765.9404,2012.8
2024-01-03,4704.8101,37430.1914,14592.21,1959.2
2024-01-04,4688.6802,37440.3398,14510.2998,1957.73
2024-01-05,4697.2402,37466.1094,14524.0703,1951.14
2024-01-08,4763.54,37683.0117,14843.7695,1989.01
2024-01-09,4756.5,37525.1602,14857.71,1968.04
2024-01-10,4783.4502,37695.7305,14969.6504,1970.26
2024-01-11,4780.2402,37711.0195,14970.1904,1955.46
2024-01-12,4783.8301,37592.9805,14972.7598,1950.96
2024-01-16,4765.98,37361.1211,14944.3496,1927.3
2024-01-17,4739.21,37266.6719,14855.6201,1913.17
2024-01-18,4780.9399,37468.6094,15055.6504,1923.65
2024-01-19,4839.8101,37863.8008,15310.9697,1944.39
2024-01-22,4850.4302,38001.8086,15360.29,1983.38
2024-01-23,4864.6001,37905.4492,15425.9404,1976.27
2024-01-24,4868.5498,37806.3906,15481.9199,1961.86
2024-01-25,4894.1602,38049.1289,15510.5,1975.88
2024-01-26,4890.9702,38109.4297,15455.3604,1978.33
2024-01-29,4927.9302,38333.4492,15628.04,2011.42
2024-01-30,4924.9702,38467.3086,15509.9004,1996.24
2024-01-31,4845.6499,38150.3008,15164.0098,1947.34
2024-02-01,4906.1899,38519.8398,15361.6396,1974.42
2024-02-02,4958.6099,38654.4219,15628.9502,1962.73
2024-02-05,4942.8101,38380.1211,15597.6797,1937.24
2024-02-06,4954.23,38521.3594,15609.0,1953.63
2024-02-07,4995.0601,38677.3594,15756.6396,1950.36
2024-02-08,4997.9102,38726.3281,15793.71,1979.7
2024-02-09,5026.6099,38671.6914,15990.6602,2009.99
2024-02-12,5021.8398,38797.3789,15942.5498,2045.26
2024-02-13,4953.1699,38272.75,15655.5996,1964.17
2024-02-14,5000.6201,38424.2695,15859.1504,2012.1
2024-02-15,5029.73,38773.1211,15906.1699,2061.48
2024-02-16,5005.5698,38627.9883,15775.6504,2045.14
2024-02-20,4975.5098,38563.8008,15630.7803,2004.14
2024-02-21,4981.7998,38612.2383,15580.8701,1994.74
2024-02-22,5087.0298,39069.1094,16041.6201,2013.84
2024-02-23,5088.7998,39131.5312,15996.8203,2016.6899
2024-02-26,5069.5298,39069.2305,15976.25,2028.97
2024-02-27,5078.1802,38972.4102,16035.2998,2056.1101
2024-02-28,5069.7598,38949.0195,15947.7402,2040.3101
2024-02-29,5096.27,38996.3906,16091.9199,2054.8401
2024-03-01,5137.0801,39087.3789,16274.9404,2076.3899
2024-03-04,5130.9502,38989.8281,16207.5098,2074.3101
2024-03-05,5078.6499,38585.1914,15939.5898,2053.71
2024-03-06,5104.7598,38661.0508,16031.54,2068.0901
2024-03-07,5157.3599,38791.3516,16273.3799,2084.74
2024-03-08,5123.6899,38722.6914,16085.1104,2082.71
2024-03-11,5117.9399,38769.6602,16019.2695,2065.8799
2024-03-12,5175.27,39005.4883,16265.6396,2065.48
2024-03-13,5165.3101,39043.3203,16177.7695,2071.71
2024-03-14,5150.48,38905.6602,16128.5303,2031.1801
2024-03-15,5117.0898,38714.7695,15973.1699,2039.3199
2024-03-18,5149.4199,38790.4297,16103.4502,2024.74
2024-03-19,5178.5098,39110.7617,16166.79,2035.71
2024-03-20,5224.6201,39512.1289,16369.4102,2074.8799
2024-03-21,5241.5298,39781.3711,16401.8398,2098.5601
2024-03-22,5234.1802,39475.8984,16428.8203,2072.0
2024-03-25,5218.1899,39313.6406,16384.4707,2074.1599
2024-03-26,5203.5801,39282.3281,16315.7002,2070.1599
2024-03-27,5248.4902,39760.0781,16399.5195,2114.3501
2024-03-28,5254.3501,39807.3711,16379.46,2124.55
2024-04-01,5243.77,39566.8516,16396.8301,2102.8401
2024-04-02,5205.8101,39170.2383,16240.4502,2065.04
2024-04-03,5211.4902,39127.1406,16277.46,2076.2
2024-04-04,5147.21,38596.9805,16049.0801,2053.8301
2024-04-05,5204.3398,38904.0391,16248.5195,2063.47
2024-04-08,5202.3901,38892.8008,16253.96,2073.71
2024-04-09,5209.9102,38883.6719,16306.6396,2080.8
2024-04-10,5160.6401,38461.5117,16170.3604,2028.39
2024-04-11,5199.0601,38459.0781,16442.1992,2042.6
2024-04-12,5123.4102,37983.2383,16175.0898,2003.17
2024-04-15,5061.8198,37735.1094,15885.0195,1975.71
2024-04-16,5051.4102,37798.9688,15865.25,1967.48
2024-04-17,5022.21,37753.3086,15683.3701,1947.95
2024-04-18,5011.1201,37775.3789,15601.5,1942.96
2024-04-19,4967.23,37986.3984,15282.0098,1947.66
2024-04-22,5010.6001,38239.9805,15451.3096,1967.47
2024-04-23,5070.5498,38503.6914,15696.6396,2002.64
2024-04-24,5071.6299,38460.9219,15712.75,1995.4301
2024-04-25,5048.4199,38085.8008,15611.7598,1981.12
2024-04-26,5099.96,38239.6602,15927.9004,2002.0
2024-04-29,5116.1699,38386.0898,15983.0801,2016.03
2024-04-30,5035.6899,37815.9219,15657.8203,1973.91
2024-05-01,5018.3901,37903.2891,15605.4805,1980.23
2024-05-02,5064.2002,38225.6602,15840.96,2016.11
2024-05-03,5127.79,38675.6797,16156.3301,2035.72
2024-05-06,5180.7402,38852.2695,16349.25,2060.6699
2024-05-07,5187.7002,38884.2617,16332.5596,2064.6499
2024-05-08,5187.6699,39056.3906,16302.7598,2055.1399
2024-05-09,5214.0801,39387.7617,16346.2598,2073.6299
2024-05-10,5222.6802,39512.8398,16340.8701,2059.78
2024-05-13,5221.4199,39431.5117,16388.2402,2062.1201
2024-05-14,5246.6802,39558.1094,16511.1797,2085.6899
2024-05-15,5308.1499,39908.0,16742.3906,2109.46
2024-05-16,5297.1001,39869.3789,16698.3203,2096.25
2024-05-17,5303.27,40003.5898,16685.9707,2095.72
2024-05-20,5308.1299,39806.7695,16794.8691,2102.5
2024-05-21,5321.4102,39872.9883,16832.6191,2098.3601
2024-05-22,5307.0098,39671.0391,16801.5391,2081.71
2024-05-23,5267.8398,39065.2617,16736.0293,2048.4099
2024-05-24,5304.7202,39069.5898,16920.7891,2069.6699
2024-05-28,5306.04,38852.8594,17019.8809,2066.8501
2024-05-29,5266.9502,38441.5391,16920.5801,2036.1899
2024-05-30,5235.48,38111.4805,16737.0801,2056.6001
2024-05-31,5277.5098,38686.3203,16735.0195,2070.1299
2024-06-03,5283.3999,38571.0312,16828.6699,2059.6799
2024-06-04,5291.3398,38711.2891,16857.0508,2033.9399
2024-06-05,5354.0298,38807.3281,17187.9004,2063.8701
2024-06-06,5352.96,38886.1719,17173.1191,2049.4399
2024-06-07,5346.9902,38798.9883,17133.1309,2026.55
2024-06-10,5360.79,38868.0391,17192.5293,2031.61
2024-06-11,5375.3198,38747.4219,17343.5508,2024.35
2024-06-12,5421.0298,38712.2109,17608.4395,2057.1001
2024-06-13,5433.7402,38647.1016,17667.5605,2038.91
2024-06-14,5431.6001,38589.1602,17688.8809,2006.16
2024-06-17,5473.23,38778.1016,17857.0195,2022.01
2024-06-18,5487.0298,38834.8594,17862.2305,2025.23
2024-06-20,5473.1699,39134.7617,17721.5898,2017.39
2024-06-21,5464.6201,39150.3281,17689.3594,2022.03
2024-06-24,5447.8701,39411.2109,17496.8203,2030.8101
2024-06-25,5469.2998,39112.1602,17717.6504,2022.35
2024-06-26,5477.8999,39127.8008,17805.1602,2018.12
2024-06-27,5482.8701,39164.0586,17858.6797,2038.34
2024-06-28,5460.48,39118.8594,17732.5996,2047.6899
2024-07-01,5475.0898,39169.5195,17879.3008,2030.0699
2024-07-02,5509.0098,39331.8516,18028.7598,2033.87
2024-07-03,5537.02,39308.0,18188.3008,2036.62
2024-07-05,5567.1899,39375.8711,18352.7598,2026.73
2024-07-08,5572.8501,39344.7891,18403.7402,2038.67
2024-07-09,5576.98,39291.9688,18429.2891,2029.47
2024-07-10,5633.9102,39721.3594,18647.4492,2051.75
2024-07-11,5584.54,39753.75,18283.4102,2125.04
2024-07-12,5615.3501,40000.8984,18398.4492,2148.27
2024-07-15,5631.2202,40211.7188,18472.5703,2187.02
2024-07-16,5667.2002,40954.4805,18509.3398,2263.6699
2024-07-17,5588.27,41198.0781,17996.9199,2239.6699
2024-07-18,5544.5898,40665.0195,17871.2207,2198.29
2024-07-19,5505.0,40287.5312,17726.9395,2184.3501
2024-07-22,5564.4102,40415.4414,18007.5703,2220.6499
2024-07-23,5555.7402,40358.0898,17997.3496,2243.27
2024-07-24,5427.1299,39853.8711,17342.4102,2195.3701
2024-07-25,5399.2202,39935.0703,17181.7207,2222.98
2024-07-26,5459.1001,40589.3398,17357.8809,2260.0701
2024-07-29,5463.54,40539.9297,17370.1992,2235.3301
2024-07-30,5436.4399,40743.3281,17147.4199,2243.1399
2024-07-31,5522.2998,40842.7891,17599.4004,2254.48
2024-08-01,5446.6802,40347.9688,17194.1504,2186.1599
2024-08-02,5346.5601,39737.2617,16776.1602,2109.3101
2024-08-05,5186.3301,38703.2695,16200.0801,2039.16
2024-08-06,5240.0298,38997.6602,16366.8496,2064.3
2024-08-07,5199.5,38763.4492,16195.8096,2035.11
2024-08-08,5319.3101,39446.4883,16660.0195,2084.4199
2024-08-09,5344.1602,39497.5391,16745.3008,2080.9199
2024-08-12,5344.3901,39357.0117,16780.6094,2062.0801
2024-08-13,5434.4302,39765.6406,17187.6094,2095.1899
2024-08-14,5455.21,40008.3906,17192.5996,2084.3201
2024-08-15,5543.2202,40563.0586,17594.5,2135.47
2024-08-16,5554.25,40659.7617,17631.7207,2141.9199
2024-08-19,5608.25,40896.5312,17876.7695,2167.5
2024-08-20,5597.1201,40834.9688,17816.9395,2142.1899
2024-08-21,5620.8501,40890.4883,17918.9902,2170.5601
2024-08-22,5570.6401,40712.7812,17619.3496,2150.03
2024-08-23,5634.6099,41175.0781,17877.7891,2218.7
2024-08-26,5616.8398,41240.5195,17725.7695,2217.9199
2024-08-27,5625.7998,41250.5,17754.8203,2203.0
2024-08-28,5592.1802,41091.4219,17556.0293,2188.6399
2024-08-29,5591.96,41335.0508,17516.4297,2202.98
2024-08-30,5648.3999,41563.0781,17713.6191,2217.6299
2024-09-03,5528.9302,40936.9297,17136.3008,2149.21
2024-09-04,5520.0698,40974.9688,17084.3008,2145.22
2024-09-05,5503.4102,40755.75,17127.6602,2132.05
2024-09-06,5408.4199,40345.4102,16690.8301,2091.4099
2024-09-09,5471.0498,40829.5898,16884.5996,2097.78
2024-09-10,5495.52,40736.9609,17025.8809,2097.4399
2024-09-11,5554.1299,40861.7109,17395.5293,2103.8501
2024-09-12,5595.7598,41096.7695,17569.6797,2129.4299
2024-09-13,5626.02,41393.7812,17683.9805,2182.49
2024-09-16,5633.0898,41622.0781,17592.1309,2189.1699
2024-09-17,5634.5801,41606.1797,17628.0605,2205.48
2024-09-18,5618.2598,41503.1016,17573.3008,2206.3401
2024-09-19,5713.6401,42025.1914,18013.9805,2252.71
2024-09-20,5702.5498,42063.3594,17948.3203,2227.8899
2024-09-23,5718.5698,42124.6484,17974.2695,2220.28
2024-09-24,5732.9302,42208.2188,18074.5195,2223.99
2024-09-25,5722.2598,41914.75,18082.2109,2197.45
2024-09-26,5745.3701,42175.1094,18190.2891,2209.8701
2024-09-27,5738.1699,42313.0,18119.5898,2224.7
2024-09-30,5762.48,42330.1484,18189.1699,2229.97
2024-10-01,5708.75,42156.9688,17910.3594,2197.03
2024-10-02,5709.54,42196.5195,17925.1191,2195.01
2024-10-03,5699.9399,42011.5898,17918.4805,2180.1499
2024-10-04,5751.0698,42352.75,18137.8496,2212.8
2024-10-07,5695.9399,41954.2383,17923.9004,2193.0901
2024-10-08,5751.1299,42080.3711,18182.9199,2194.98
2024-10-09,5792.04,42512.0,18291.6191,2200.5901
2024-10-10,5780.0498,42454.1211,18282.0508,2188.4199
2024-10-11,5815.0298,42863.8594,18342.9395,2234.4099
2024-10-14,5859.8501,43065.2188,18502.6895,2248.6399
2024-10-15,5815.2598,42740.4219,18315.5898,2249.8201
2024-10-16,5842.4702,43077.6992,18367.0801,2286.6799
2024-10-17,5841.4702,43239.0508,18373.6094,2280.8501
2024-10-18,5864.6699,43275.9102,18489.5508,2276.0901
2024-10-21,5853.98,42931.6016,18540.0098,2239.71
2024-10-22,5851.2002,42924.8906,18579.7695,2231.53
2024-10-23,5797.4199,42514.9492,18276.6504,2213.8401
2024-10-24,5809.8599,42374.3594,18415.4902,2218.9199
2024-10-25,5808.1201,42114.3984,18518.6094,2207.99
2024-10-28,5823.52,42387.5703,18567.1895,2244.0701
2024-10-29,5832.9199,42233.0508,18712.75,2238.0901
2024-10-30,5813.6699,42141.5391,18607.9297,2233.04
2024-10-31,5705.4502,41763.4609,18095.1504,2196.6499
2024-11-01,5728.7998,42052.1914,18239.9199,2210.1299
2024-11-04,5712.6899,41794.6016,18179.9805,2219.03
2024-11-05,5782.7598,42221.8789,18439.1699,2260.8401
2024-11-06,5929.04,43729.9297,18983.4707,2392.9199
2024-11-07,5973.1001,43729.3398,19269.4609,2382.6899
2024-11-08,5995.54,43988.9883,19286.7793,2399.6399
2024-11-11,6001.3501,44293.1289,19298.7598,2434.98
2024-11-12,5983.9902,43910.9805,19281.4004,2391.8501
2024-11-13,5985.3799,43958.1914,19230.7207,2369.3701
2024-11-14,5949.1699,43750.8594,19107.6504,2336.9399
2024-11-15,5870.6201,43444.9883,18680.1191,2303.8401
2024-11-18,5893.6201,43389.6016,18791.8105,2306.3401
2024-11-19,5916.98,43268.9414,18987.4707,2324.8301
2024-11-20,5917.1099,43408.4688,18966.1406,2325.53
2024-11-21,5948.71,43870.3516,18972.4199,2364.02
2024-11-22,5969.3398,44296.5117,19003.6504,2406.6699
2024-11-25,5987.3701,44736.5703,19054.8398,2442.03
2024-11-26,6021.6299,44860.3086,19174.3008,2424.3101
2024-11-27,5998.7402,44722.0586,19060.4805,2426.1899
2024-11-29,6032.3799,44910.6484,19218.1699,2434.73
2024-12-02,6047.1499,44782.0,19403.9492,2434.1399
2024-12-03,6049.8799,44705.5312,19480.9102,2416.3501
2024-12-04,6086.4902,45014.0391,19735.1191,2426.5601
2024-12-05,6075.1099,44765.7109,19700.2598,2396.1699
2024-12-06,6090.27,44642.5195,19859.7695,2408.99
2024-12-09,6052.8501,44401.9297,19736.6895,2392.8401
2024-12-10,6034.9102,44247.8281,19687.2402,2382.77
2024-12-11,6084.1899,44148.5586,20034.8906,2394.1599
2024-12-12,6051.25,43914.1211,19902.8398,2361.0801
2024-12-13,6051.0898,43828.0586,19926.7207,2346.8999
2024-12-16,6074.0801,43717.4805,20173.8906,2361.99
2024-12-17,6050.6099,43449.8984,20109.0605,2334.0801
2024-12-18,5872.1602,42326.8711,19392.6895,2231.51
2024-12-19,5867.0801,42342.2383,19372.7695,2221.5
2024-12-20,5930.8501,42840.2617,19572.5996,2242.3701
2024-12-23,5974.0698,42906.9492,19764.8809,2237.4399
2024-12-24,6040.04,43297.0312,20031.1309,2259.8501
2024-12-26,6037.5898,43325.8008,20020.3594,2280.1899
2024-12-27,5970.8398,42992.2109,19722.0293,2244.5901
2024-12-30,5906.9399,42573.7305,19486.7891,2227.78
2024-12-31,5881.6299,42544.2188,19310.7891,2230.1599
2025-01-02,5868.5498,42392.2695,19280.7891,2231.6699
2025-01-03,5942.4702,42732.1289,19621.6797,2268.47
2025-01-06,5975.3799,42706.5586,19864.9805,2266.6499
2025-01-07,5909.0298,42528.3594,19489.6797,2249.8
2025-01-08,5918.25,42635.1992,19478.8809,2238.96
2025-01-10,5827.04,41938.4492,19161.6309,2189.23
2025-01-13,5836.2202,42297.1211,19088.0996,2194.3999
2025-01-14,5842.9102,42518.2812,19044.3906,2219.24
2025-01-15,5949.9102,43221.5508,19511.2305,2263.29
2025-01-16,5937.3398,43153.1289,19338.2891,2266.79
2025-01-17,5996.6602,43487.8281,19630.1992,2275.8799
2025-01-21,6049.2402,44025.8086,19756.7793,2317.97
2025-01-22,6086.3701,44156.7305,20009.3398,2303.72
2025-01-23,6118.71,44565.0703,20053.6797,2314.6001
2025-01-24,6101.2402,44424.25,19954.3008,2307.74
2025-01-27,6012.2798,44713.5781,19341.8301,2284.02
2025-01-28,6067.7002,44850.3516,19733.5898,2288.8601
2025-01-29,6039.3101,44713.5195,19632.3203,2283.1001
2025-01-30,6071.1699,44882.1289,19681.75,2307.45
2025-01-31,6040.5298,44544.6602,19627.4395,2287.6899
2025-02-03,5994.5698,44421.9102,19391.9609,2258.4199
2025-02-04,6037.8799,44556.0391,19654.0195,2290.21
2025-02-05,6061.48,44873.2812,19692.3301,2316.23
2025-02-06,6083.5698,44747.6289,19791.9902,2307.1201
2025-02-07,6025.9902,44303.3984,19523.4004,2279.71
2025-02-10,6066.4399,44470.4102,19714.2695,2287.9399
2025-02-11,6068.5,44593.6484,19643.8594,2275.7
2025-02-12,6051.9702,44368.5586,19649.9492,2255.8899
2025-02-13,6115.0698,44711.4297,19945.6406,2282.1799
2025-02-14,6114.6299,44546.0781,20026.7695,2279.98
2025-02-18,6129.5801,44556.3398,20041.2598,2290.3501
2025-02-19,6144.1499,44627.5898,20056.25,2282.46
2025-02-20,6117.52,44176.6484,19962.3594,2261.74
2025-02-21,6013.1299,43428.0195,19524.0098,2195.3501
2025-02-24,5983.25,43461.2109,19286.9297,2178.27
2025-02-25,5955.25,43621.1602,19026.3906,2170.0801
2025-02-26,5956.0601,43433.1211,19075.2598,2174.1699
2025-02-27,5861.5698,43239.5,18544.4199,2139.6599
2025-02-28,5954.5,43840.9102,18847.2793,2163.0701
2025-03-03,5849.7202,43191.2383,18350.1895,2102.24
2025-03-04,5778.1499,42520.9883,18285.1602,2079.53
2025-03-05,5842.6299,43006.5898,18552.7305,2100.75
2025-03-06,5738.52,42579.0781,18069.2598,2066.55
2025-03-07,5770.2002,42801.7188,18196.2207,2075.48
2025-03-10,5614.5601,41911.7109,17468.3203,2019.0699
2025-03-11,5572.0698,41433.4805,17436.0996,2023.59
2025-03-12,5599.2998,41350.9297,17648.4492,2026.47
2025-03-13,5521.52,40813.5703,17303.0098,1993.6899
2025-03-14,5638.9399,41488.1914,17754.0898,2044.1
2025-03-17,5675.1201,41841.6289,17808.6602,2068.3301
2025-03-18,5614.6602,41581.3086,17504.1191,2049.9399
2025-03-19,5675.29,41964.6289,17750.7891,2082.0801
2025-03-20,5662.8901,41953.3203,17691.6309,2068.6299
2025-03-21,5667.5601,41985.3516,17784.0508,2056.98
2025-03-24,5767.5698,42583.3203,18188.5898,2109.3799
2025-03-25,5776.6499,42587.5,18271.8594,2095.3799
2025-03-26,5712.2002,42454.7891,17899.0195,2073.8301
2025-03-27,5693.3101,42299.6992,17804.0293,2065.7
2025-03-28,5580.9399,41583.8984,17322.9902,2023.27
2025-03-31,5611.8501,42001.7617,17299.2891,2011.91
2025-04-01,5633.0698,41989.9609,17449.8906,2012.24
2025-04-02,5670.9702,42225.3203,17601.0508,2045.36
2025-04-03,5396.52,40545.9297,16550.6094,1910.55
2025-04-04,5074.0801,38314.8594,15587.79,1827.03
2025-04-07,5062.25,37965.6016,15603.2598,1810.14
2025-04-08,4982.77,37645.5898,15267.9102,1760.71
2025-04-09,5456.8999,40608.4492,17124.9707,1913.16
2025-04-10,5268.0498,39593.6602,16387.3105,1831.39
2025-04-11,5363.3599,40212.7109,16724.4609,1860.2
2025-04-14,5405.9702,40524.7891,16831.4805,1880.88
2025-04-15,5396.6299,40368.9609,16823.1699,1882.92
2025-04-16,5275.7002,39669.3906,16307.1602,1863.48
2025-04-17,5282.7002,39142.2305,16286.4502,1880.62
2025-04-21,5158.2002,38170.4102,15870.9004,1840.3199
2025-04-22,5287.7598,39186.9805,16300.4199,1890.28
2025-04-23,5375.8599,39606.5703,16708.0508,1919.14
2025-04-24,5484.77,40093.3984,17166.0391,1957.59
2025-04-25,5525.21,40113.5,17382.9395,1957.62
2025-04-28,5528.75,40227.5898,17366.1309,1965.55
2025-04-29,5560.8301,40527.6211,17461.3203,1976.52
2025-04-30,5569.0601,40669.3594,17446.3398,1964.12
2025-05-01,5604.1401,40752.9609,17710.7402,1975.86
2025-05-02,5686.6699,41317.4297,17977.7305,2020.74
2025-05-05,5650.3799,41218.8281,17844.2402,2004.26
2025-05-06,5606.9102,40829.0,17689.6602,1983.1899
2025-05-07,5631.2798,41113.9688,17738.1602,1989.66
2025-05-08,5663.9399,41368.4492,17928.1406,2026.41
2025-05-09,5659.9102,41249.3789,17928.9199,2023.0699
2025-05-12,5844.1899,42410.1016,18708.3398,2092.2
2025-05-13,5886.5498,42140.4297,19010.0898,2102.3501
2025-05-14,5892.5801,42051.0586,19146.8105,2083.8
2025-05-15,5916.9302,42322.75,19112.3203,2094.6899
2025-05-16,5958.3799,42654.7383,19211.0996,2113.25
2025-05-19,5963.6001,42792.0703,19215.4609,2104.4299
2025-05-20,5940.46,42677.2383,19142.7109,2105.5801
2025-05-21,5844.6099,41860.4414,18872.6406,2046.5601
2025-05-22,5842.0098,41859.0898,18925.7402,2045.5601
2025-05-23,5802.8198,41603.0703,18737.2109,2039.85
2025-05-27,5921.54,42343.6484,19199.1602,2090.3999
2025-05-28,5888.5498,42098.6992,19100.9395,2067.8
2025-05-29,5912.1699,42215.7305,19175.8691,2074.78
2025-05-30,5911.6899,42270.0703,19113.7695,2066.29
2025-06-02,5935.9399,42305.4805,19242.6094,2070.1599
2025-06-03,5970.3701,42519.6406,19398.9609,2102.98
2025-06-04,5970.8101,42427.7383,19460.4902,2098.48
2025-06-05,5939.2998,42319.7383,19298.4492,2097.3501
2025-06-06,6000.3599,42762.8711,19529.9492,2132.25
2025-06-09,6005.8799,42761.7617,19591.2402,2144.45
2025-06-10,6038.8101,42866.8711,19714.9902,2156.4099
2025-06-11,6022.2402,42865.7695,19615.8809,2148.23
2025-06-12,6045.2598,42967.6211,19662.4902,2140.0901
2025-06-13,5976.9702,42197.7891,19406.8301,2100.51
2025-06-16,6033.1099,42515.0898,19701.2109,2124.1299
2025-06-17,5982.7202,42215.8008,19521.0898,2101.96
2025-06-18,5980.8701,42171.6602,19546.2695,2112.96
2025-06-20,5967.8398,42206.8203,19447.4102,2109.27
2025-06-23,6025.1699,42581.7812,19630.9707,2132.6799
2025-06-24,6092.1802,43089.0195,19912.5293,2161.21
2025-06-25,6092.1602,42982.4297,19973.5508,2136.1799
2025-06-26,6141.02,43386.8398,20167.9102,2172.1101
2025-06-27,6173.0698,43819.2695,20273.4609,2172.53
2025-06-30,6204.9502,44094.7695,20369.7305,2175.04
2025-07-01,6198.0098,44494.9414,20202.8906,2197.54
2025-07-02,6227.4199,44484.4219,20393.1309,2226.3799
2025-07-03,6279.3501,44828.5312,20601.0996,2249.04
2025-07-07,6229.98,44406.3594,20412.5195,2214.23
2025-07-08,6225.52,44240.7617,20418.4609,2228.74
2025-07-09,6263.2598,44458.3008,20611.3398,2252.49
2025-07-10,6280.46,44650.6406,20630.6602,2263.4099
2025-07-11,6259.75,44371.5117,20585.5293,2234.8301
2025-07-14,6268.5601,44459.6484,20640.3301,2249.73
2025-07-15,6243.7598,44023.2891,20677.8008,2205.05
2025-07-16,6263.7002,44254.7812,20730.4902,2226.99
2025-07-17,6297.3599,44484.4883,20885.6504,2253.6799
2025-07-18,6296.79,44342.1914,20895.6504,2240.01
2025-07-21,6305.6001,44323.0703,20974.1797,2231.1299
2025-07-22,6309.6201,44502.4414,20892.6895,2248.76
2025-07-23,6358.9102,45010.2891,21020.0195,2283.1299
2025-07-24,6363.3501,44693.9102,21057.9609,2252.1299
2025-07-25,6388.6401,44901.9219,21108.3203,2261.0701
2025-07-28,6389.77,44837.5586,21178.5801,2256.73
2025-07-29,6370.8599,44632.9883,21098.2891,2242.96
2025-07-30,6362.8999,44461.2812,21129.6699,2232.3999
2025-07-31,6339.3901,44130.9805,21122.4492,2211.6499
2025-08-01,6238.0098,43588.5781,20650.1309,2166.78
2025-08-04,6329.9399,44173.6406,21053.5801,2212.3
2025-08-05,6299.1899,44111.7383,20916.5508,2225.6699
2025-08-06,6345.0601,44193.1211,21169.4199,2221.29
2025-08-07,6340.0,43968.6406,21242.6992,2214.72
2025-08-08,6389.4502,44175.6094,21450.0195,2218.4199
2025-08-11,6373.4502,43975.0898,21385.4004,2216.51
2025-08-12,6445.7598,44458.6094,21681.9004,2282.78
2025-08-13,6466.5801,44922.2695,21713.1406,2328.0601
2025-08-14,6468.54,44911.2617,21710.6699,2299.0801
2025-08-15,6449.7998,44946.1211,21622.9805,2286.52
2025-08-18,6449.1499,44911.8203,21629.7695,2294.47
2025-08-19,6411.3701,44922.2695,21314.9492,2276.6101
2025-08-20,6395.7798,44938.3086,21172.8594,2269.3501
2025-08-21,6370.1699,44785.5,21100.3105,2274.1001
2025-08-22,6466.9102,45631.7383,21496.5391,2361.95
2025-08-25,6439.3198,45282.4688,21449.2891,2339.1699
2025-08-26,6465.9399,45418.0703,21544.2695,2358.6001
2025-08-27,6481.3999,45565.2305,21590.1406,2373.8
2025-08-28,6501.8599,45636.8984,21705.1602,2378.4099
2025-08-29,6460.2598,45544.8789,21455.5508,2366.4199
2025-09-02,6415.54,45295.8086,21279.6309,2352.21
2025-09-03,6448.2598,45271.2305,21497.7305,2349.97
2025-09-04,6502.0801,45621.2891,21707.6895,2379.6101
2025-09-05,6481.5,45400.8594,21700.3906,2391.05
2025-09-08,6495.1499,45514.9492,21798.6992,2394.8899
2025-09-09,6512.6099,45711.3398,21879.4902,2381.8201
2025-09-10,6532.04,45490.9219,21886.0605,2378.01
2025-09-11,6587.4702,46108.0,22043.0703,2421.53
2025-09-12,6584.29,45834.2188,22141.0996,2397.0601
2025-09-15,6615.2798,45883.4492,22348.75,2405.1299
2025-09-16,6606.7598,45757.8984,22333.9609,2403.03
2025-09-17,6600.3501,46018.3203,22261.3301,2407.3401
2025-09-18,6631.96,46142.4219,22470.7207,2467.7
2025-09-19,6664.3599,46315.2695,22631.4805,2448.77
2025-09-22,6693.75,46381.5391,22788.9805,2463.3401
2025-09-23,6656.9199,46292.7812,22573.4707,2457.51
2025-09-24,6637.9702,46121.2812,22497.8594,2434.98
2025-09-25,6604.7202,45947.3203,22384.6992,2411.04
2025-09-26,6643.7002,46247.2891,22484.0703,2434.3201
2025-09-29,6661.21,46316.0703,22591.1504,2435.25
2025-09-30,6688.46,46397.8906,22660.0098,2436.48
2025-10-01,6711.2002,46441.1016,22755.1602,2442.3501
2025-10-02,6715.3501,46519.7188,22844.0508,2458.49
2025-10-03,6715.79,46758.2812,22780.5098,2476.1799
2025-10-06,6740.2798,46694.9688,22941.6699,2486.3501
2025-10-07,6714.5898,46602.9805,22788.3594,2458.4199
2025-10-08,6753.7202,46601.7812,23043.3809,2483.99
2025-10-09,6735.1099,46358.4219,23024.6309,2468.8501
2025-10-10,6552.5098,45479.6016,22204.4297,2394.5901
2025-10-13,6654.7202,46067.5781,22694.6094,2461.4199
2025-10-14,6644.3101,46270.4609,22521.6992,2495.5
2025-10-15,6671.0601,46253.3086,22670.0801,2519.75
2025-10-16,6629.0698,45952.2383,22562.5391,2467.02
2025-10-17,6664.0098,46190.6094,22679.9707,2452.1699
2025-10-20,6735.1299,46706.5781,22990.5391,2499.9099
2025-10-21,6735.3501,46924.7383,22953.6699,2487.6899
2025-10-22,6699.3999,46590.4102,22740.4004,2451.55
2025-10-23,6738.4399,46734.6094,22941.8008,2482.6599
2025-10-24,6791.6899,47207.1211,23204.8691,2513.47
2025-10-27,6875.1602,47544.5898,23637.4609,2520.4399
2025-10-28,6890.8901,47706.3711,23827.4902,2506.6499
2025-10-29,6890.5898,47632.0,23958.4707,2484.8101
2025-10-30,6822.3398,47522.1211,23581.1406,2465.95
2025-10-31,6840.2002,47562.8711,23724.9609,2479.3799
2025-11-03,6851.9702,47336.6797,23834.7207,2471.24
2025-11-04,6771.5498,47085.2383,23348.6406,2427.3401
2025-11-05,6796.29,47311.0,23499.8008,2464.78
2025-11-06,6720.3198,46912.3008,23053.9902,2418.8201
2025-11-07,6728.7998,46987.1016,23004.5391,2432.8201
2025-11-10,6832.4302,47368.6289,23527.1699,2455.6499
2025-11-11,6846.6099,47927.9609,23468.3008,2458.28
2025-11-12,6850.9199,48254.8203,23406.4609,2450.8
2025-11-13,6737.4902,47457.2188,22870.3594,2382.98
2025-11-14,6734.1099,47147.4805,22900.5898,2388.23
2025-11-17,6672.4102,46590.2383,22708.0703,2341.3799
2025-11-18,6617.3198,46091.7383,22432.8496,2348.74
2025-11-19,6642.1602,46138.7695,22564.2305,2347.8899
2025-11-20,6538.7598,45752.2617,22078.0508,2305.1101
2025-11-21,6602.9902,46245.4102,22273.0801,2369.5901
2025-11-24,6705.1201,46448.2695,22872.0098,2414.28
2025-11-25,6765.8799,47112.4492,23025.5898,2465.98
2025-11-26,6812.6099,47427.1211,23214.6895,2486.1201
2025-11-28,6849.0898,47716.4219,23365.6895,2500.4299
2025-12-01,6812.6299,47289.3281,23275.9199,2469.1299
2025-12-02,6829.3701,47474.4609,23413.6699,2464.98
2025-12-03,6849.7202,47882.8984,23454.0898,2512.1399
2025-12-04,6857.1201,47850.9414,23505.1406,2531.1599
2025-12-05,6870.3999,47954.9883,23578.1309,2521.48
2025-12-08,6846.5098,47739.3203,23545.9004,2520.98
2025-12-09,6840.5098,47560.2891,23576.4902,2526.24
2025-12-10,6886.6802,48057.75,23654.1504,2559.6101
2025-12-11,6901.0,48704.0117,23593.8594,2590.6101
2025-12-12,6827.4102,48458.0508,23195.1699,2551.46
2025-12-15,6816.5098,48416.5586,23057.4102,2530.6699
2025-12-16,6800.2598,48114.2617,23111.4609,2519.3
2025-12-17,6721.4302,47885.9688,22693.3203,2492.3
2025-12-18,6774.7598,47951.8516,23006.3594,2507.8701
2025-12-19,6834.5,48134.8906,23307.6191,2529.4299
2025-12-22,6878.4902,48362.6797,23428.8301,2558.78
2025-12-23,6909.79,48442.4102,23561.8398,2541.1201
2025-12-24,6932.0498,48731.1602,23613.3105,2548.0801
2025-12-26,6929.9399,48710.9688,23593.0996,2534.3501
2025-12-29,6905.7402,48461.9297,23474.3496,2519.8
2025-12-30,6896.2402,48367.0586,23419.0801,2500.5901
2025-12-31,6845.5,48063.2891,23241.9902,2481.9099
2026-01-02,6858.4702,48382.3906,23235.6309,2508.22
2026-01-05,6902.0498,48977.1797,23395.8203,2547.9199
2026-01-06,6944.8198,49462.0781,23547.1699,2582.8999
2026-01-07,6920.9302,48996.0781,23584.2793,2575.4199
2026-01-08,6921.46,49266.1094,23480.0195,2603.9099
2026-01-09,6966.2798,49504.0703,23671.3496,2624.22
2026-01-12,6977.27,49590.1992,23733.9004,2635.6899
2026-01-13,6963.7402,49191.9883,23709.8691,2633.1101
2026-01-14,6926.6001,49149.6289,23471.75,2651.6399
2026-01-15,6944.4702,49442.4414,23530.0195,2674.5601
2026-01-16,6940.0098,49359.3281,23515.3906,2677.74
2026-01-20,6796.8599,48488.5898,22954.3203,2645.3601
2026-01-21,6875.6201,49077.2305,23224.8203,2698.1699
2026-01-22,6913.3501,49384.0117,23436.0195,2718.77
2026-01-23,6915.6099,49098.7109,23501.2402,2669.1599
2026-01-26,6950.23,49412.3984,23601.3594,2659.6699
2026-01-27,6978.6001,49003.4102,23817.0996,2666.7
2026-01-28,6978.0298,49015.6016,23857.4492,2653.55
2026-01-29,6969.0098,49071.5586,23685.1191,2654.78
2026-01-30,6939.0298,48892.4688,23461.8203,2613.74
2026-02-02,6976.4399,49407.6602,23592.1094,2640.28
2026-02-03,6917.8101,49240.9883,23255.1895,2648.5
2026-02-04,6882.7202,49501.3008,22904.5801,2624.55
2026-02-05,6798.3999,48908.7188,22540.5898,2577.6499
2026-02-06,6932.2998,50115.6719,23031.2109,2670.3401
2026-02-09,6964.8198,50135.8711,23238.6699,2689.05
2026-02-10,6941.8101,50188.1406,23102.4707,2679.77
2026-02-11,6941.4702,50121.3984,23066.4707,2669.47
2026-02-12,6832.7598,49451.9805,22597.1504,2615.8301
2026-02-13,6836.1699,49500.9297,22546.6699,2646.7
2026-02-17,6843.2202,49533.1914,22578.3809,2646.5901
2026-02-18,6881.3101,49662.6602,22753.6309,2658.6101
2026-02-19,6861.8901,49395.1602,22682.7305,2665.0901
2026-02-20,6909.5098,49625.9688,22886.0703,2663.78
2026-02-23,6837.75,48804.0586,22627.2695,2620.99
2026-02-24,6890.0698,49174.5,22863.6797,2652.3301
2026-02-25,6946.1299,49482.1484,23152.0801,2663.3301
2026-02-26,6908.8599,49499.1992,22878.3809,2677.29
2026-02-27,6878.8799,48977.9219,22668.2109,2632.3601
2026-03-02,6881.6201,48904.7812,22748.8594,2655.9399
2026-03-03,6816.6299,48501.2695,22516.6895,2608.3601
2026-03-04,6869.5,48739.4102,22807.4805,2636.01
2026-03-05,6830.71,47954.7383,22748.9902,2585.5701
2026-03-06,6740.02,47501.5508,22387.6797,2525.3
2026-03-09,6795.9902,47740.8008,22695.9492,2553.6699
2026-03-10,6781.48,47706.5117,22697.0996,2548.0801
2026-03-11,6775.7998,47417.2695,22716.1309,2542.8999
2026-03-12,6672.6201,46677.8516,22311.9805,2488.99
2026-03-13,6632.1899,46558.4688,22105.3594,2480.05
2026-03-16,6699.3799,46946.4102,22374.1797,2503.29
2026-03-17,6716.0898,46993.2617,22479.5293,2519.99
2026-03-18,6624.7002,46225.1484,22152.4199,2478.6399
2026-03-19,6606.4902,46021.4297,22090.6895,2494.71
2026-03-20,6506.48,45577.4688,21647.6094,2438.45
2026-03-23,6581.0,46208.4688,21946.7598,2494.23
2026-03-24,6556.3701,46124.0586,21761.8906,2505.4399
2026-03-25,6591.8999,46429.4883,21929.8203,2536.3799
2026-03-26,6477.1602,45960.1094,21408.0801,2493.3201
2026-03-27,6368.8501,45166.6406,20948.3594,2449.7
2026-03-30,6343.7202,45216.1406,20794.6406,2414.01
2026-03-31,6528.52,46341.5117,21590.6309,2496.3701
2026-04-01,6575.3198,46565.7383,21840.9492,2512.3701
2026-04-02,6582.6899,46504.6719,21879.1797,2530.04
2026-04-06,6611.8301,46669.8789,21996.3398,2540.6399
2026-04-07,6616.8501,46584.4609,22017.8496,2544.95
2026-04-08,6782.8101,47909.9219,22634.9902,2620.46
2026-04-09,6824.6602,48185.8008,22822.4199,2636.3101
2026-04-10,6816.8901,47916.5703,22902.8906,2630.5901
2026-04-13,6886.2402,48218.25,23183.7402,2670.49
2026-04-14,6967.3799,48535.9883,23639.0801,2705.6699
2026-04-15,7022.9502,48463.7188,24016.0195,2713.6599
2026-04-16,7041.2798,48578.7188,24102.6992,2719.6001
2026-04-17,7126.0601,49447.4297,24468.4805,2776.8999
2026-04-20,7109.1401,49442.5586,24404.3906,2792.96
2026-04-21,7064.0098,49149.3789,24259.9609,2764.97
2026-04-22,7137.8999,49490.0312,24657.5703,2785.3799
2026-04-23,7108.3999,49310.3203,24438.5,2775.1001
2026-04-24,7165.0801,49230.7109,24836.5996,2787.0
2026-04-27,7173.9102,49167.7891,24887.0996,2788.1899
2026-04-28,7138.7998,49141.9297,24663.8008,2756.05
2026-04-29,7135.9502,48861.8086,24673.2402,2739.47
2026-04-30,7209.0098,49652.1406,24892.3105,2799.9099
2026-05-01,7230.1201,49499.2695,25114.4395,2812.8201
2026-05-04,7200.75,48941.8984,25067.8008,2796.0
2026-05-05,7259.2202,49298.25,25326.1309,2845.0
2026-05-06,7365.1201,49910.5898,25838.9395,2886.77
2026-05-07,7337.1099,49596.9688,25806.1992,2839.6299
2026-05-08,7398.9302,49609.1602,26247.0801,2861.21
2026-05-11,7412.8398,49704.4688,26274.1309,2870.6399
2026-05-12,7400.96,49760.5586,26088.1992,2842.8301
2026-05-13,7444.25,49693.1992,26402.3398,2843.9299
2026-05-14,7501.2402,50063.4609,26635.2207,2863.0901
2026-05-15,7408.5,49526.1719,26225.1406,2793.3
2026-05-18,7403.0498,49686.1211,26090.7305,2775.1001
2026-05-19,7353.6099,49363.8789,25870.7109,2747.0701
2026-05-20,7432.9702,50009.3516,26270.3594,2817.3701
2026-05-21,7445.7202,50285.6602,26293.0996,2843.45
2026-05-22,7473.4702,50579.6992,26343.9707,2869.23
2026-05-26,7519.1201,50461.6797,26656.1797,2920.54
2026-05-27,7520.3599,50644.2812,26674.7305,2919.9399
2026-05-28,7563.6299,50668.9688,26917.4707,2936.5701
2026-05-29,7580.0601,51032.4609,26972.6191,2919.3401
2026-06-01,7599.96,51078.8789,27086.8105,2905.76
2026-06-02,7609.7798,51307.7891,27093.9004,2931.96
2026-06-03,7553.6802,50687.0703,26853.9805,2893.51
2026-06-04,7584.3101,51561.9297,26830.9609,2935.3301
2026-06-05,7383.7402,50866.7812,25709.4297,2833.5
2026-06-08,7405.73,50786.0117,25929.6602,2855.4199
2026-06-09,7386.6499,50872.1094,25678.8203,2867.02
2026-06-10,7266.9902,49918.7812,25169.5,2835.46
2026-06-11,7394.2998,50848.75,25809.6602,2921.03
2026-06-12,7431.46,51202.2617,25888.8398,2943.99
2026-06-15,7554.29,51671.0312,26683.9395,2965.0901
2026-06-16,7511.3501,51999.6719,26376.3398,2939.2
2026-06-17,7420.1001,51492.5508,26021.6602,2917.98
2026-06-18,7500.5801,51564.6992,26517.9297,2979.77
2026-06-22,7472.79,51712.7109,26166.5996,3004.3999
2026-06-23,7365.46,51666.8398,25587.0391,2975.48
2026-06-24,7358.2202,51848.8984,25476.6406,2986.6299
2026-06-25,7357.4902,51920.6211,25358.5996,3007.8601
2026-06-26,7354.02,51876.1094,25297.6191,3010.0801
2026-06-29,7440.4302,52182.7383,25820.1406,3010.4199
2026-06-30,7499.3599,52319.1992,26213.7207,3024.3701
2026-07-01,7483.23,52305.2383,26040.0293,3012.5901
2026-07-02,7483.2402,52900.0703,25832.6699,2996.1101
2026-07-06,7537.4302,53055.9102,26121.1602,3009.54
2026-07-07,7503.8501,52925.1484,25818.6895,2982.49
2026-07-08,7482.71,52348.3906,25870.6504,2956.3899
2026-07-09,7543.6401,52487.4102,26206.8906,2992.54
2026-07-10,7575.3901,52637.0117,26281.6094,2977.8101
2026-07-13,7515.3398,52498.6406,25873.1797,2953.1699
2026-07-14,7543.5898,52508.2695,26107.0098,2964.76
2026-07-15,7572.3999,52658.6406,26269.2305,2976.26
2026-07-16,7533.77,52552.9688,25881.9492,2974.5701
2026-07-17,7457.6899,52146.4219,25520.2402,2962.22
2026-07-20,7443.2798,51839.2617,25508.0703,2942.4299
2026-07-21,7509.2002,52224.6406,25837.2109,2987.3999
2026-07-22,7498.96,52218.5781,25690.9004,2959.9399
2026-07-23,7408.2998,51711.6484,25137.6895,2940.1599
2026-07-24,7411.98,51947.25,24975.8203,2930.0
2026-07-27,7413.1802,52210.0781,24932.0801,2948.04
2026-07-28,7428.7798,52747.3203,24876.9102,2953.8
2026-07-29,7316.1499,51594.1406,24442.9395,2906.3101
2026-07-30,7437.6299,52208.0586,25122.1797,2946.1001
2026-07-31,7489.7202,52485.0312,25373.8496,2931.3401
2026-08-03,7600.5,53178.4102,25913.9004,2981.9099
2026-08-04,7736.52,54085.8789,26584.9902,3036.98
2026-08-05,7723.5498,54349.1211,26363.4395,3019.1899
2026-08-06,7709.96,53885.1016,26348.3496,3001.55
2026-08-07,7757.6401,54036.9297,26690.6191,3034.49
2026-08-10,7753.1099,53975.9805,26605.3594,3017.3999
2026-08-11,7728.2002,53791.8516,26445.4492,3027.1201
2026-08-12,7748.5,53770.2695,26588.4902,3045.48
2026-08-13,7798.9902,53839.9883,26803.0293,3052.8501
2026-08-14,7785.7598,53732.4102,26729.1602,3068.4199
2026-08-17,7745.0601,53459.7812,26644.9102,3057.54
2026-08-18,7691.7598,53343.3984,26289.7109,3017.8899
2026-08-19,7707.98,53463.0508,26331.0898,3032.9399
